x,y,Az,Bx,By
0,0,0.000000,0.000000,0.000000
0,1,0.000000,0.000000,0.000000
0,2,0.000000,0.000000,0.000000
0,3,0.000000,0.000000,0.000000
0,4,0.000000,0.000000,0.000000
0,5,0.000000,0.000000,0.000000
0,6,0.000000,0.000000,0.000000
0,7,0.000000,0.000000,0.000000
0,8,0.000000,0.000000,0.000000
0,9,0.000000,0.000000,0.000000
0,10,0.000000,0.000000,0.000000
0,11,0.000000,0.000000,0.000000
0,12,0.000000,0.000000,0.000000
0,13,0.000000,0.000000,0.000000
0,14,0.000000,0.000000,0.000000
0,15,0.000000,0.000000,0.000000
0,16,0.000000,0.000000,0.000000
0,17,0.000000,0.000000,0.000000
0,18,0.000000,0.000000,0.000000
0,19,0.000000,0.000000,0.000000
0,20,0.000000,0.000000,0.000000
0,21,0.000000,0.000000,0.000000
0,22,0.000000,0.000000,0.000000
0,23,0.000000,0.000000,0.000000
0,24,0.000000,0.000000,0.000000
0,25,0.000000,0.000000,0.000000
0,26,0.000000,0.000000,0.000000
0,27,0.000000,0.000000,0.000000
0,28,0.000000,0.000000,0.000000
0,29,0.000000,0.000000,0.000000
0,30,0.000000,0.000000,0.000000
0,31,0.000000,0.000000,0.000000
0,32,0.000000,0.000000,0.000000
0,33,0.000000,0.000000,0.000000
0,34,0.000000,0.000000,0.000000
0,35,0.000000,0.000000,0.000000
0,36,0.000000,0.000000,0.000000
0,37,0.000000,0.000000,0.000000
0,38,0.000000,0.000000,0.000000
0,39,0.000000,0.000000,0.000000
0,40,0.000000,0.000000,0.000000
0,41,0.000000,0.000000,0.000000
0,42,0.000000,0.000000,0.000000
0,43,0.000000,0.000000,0.000000
0,44,0.000000,0.000000,0.000000
0,45,0.000000,0.000000,0.000000
0,46,0.000000,0.000000,0.000000
0,47,0.000000,0.000000,0.000000
0,48,0.000000,0.000000,0.000000
0,49,0.000000,0.000000,0.000000
0,50,0.000000,0.000000,0.000000
0,51,0.000000,0.000000,0.000000
0,52,0.000000,0.000000,0.000000
0,53,0.000000,0.000000,0.000000
0,54,0.000000,0.000000,0.000000
0,55,0.000000,0.000000,0.000000
0,56,0.000000,0.000000,0.000000
0,57,0.000000,0.000000,0.000000
0,58,0.000000,0.000000,0.000000
0,59,0.000000,0.000000,0.000000
0,60,0.000000,0.000000,0.000000
0,61,0.000000,0.000000,0.000000
0,62,0.000000,0.000000,0.000000
0,63,0.000000,0.000000,0.000000
0,64,0.000000,0.000000,0.000000
0,65,0.000000,0.000000,0.000000
0,66,0.000000,0.000000,0.000000
0,67,0.000000,0.000000,0.000000
0,68,0.000000,0.000000,0.000000
0,69,0.000000,0.000000,0.000000
0,70,0.000000,0.000000,0.000000
0,71,0.000000,0.000000,0.000000
0,72,0.000000,0.000000,0.000000
0,73,0.000000,0.000000,0.000000
0,74,0.000000,0.000000,0.000000
0,75,0.000000,0.000000,0.000000
0,76,0.000000,0.000000,0.000000
0,77,0.000000,0.000000,0.000000
0,78,0.000000,0.000000,0.000000
0,79,0.000000,0.000000,0.000000
0,80,0.000000,0.000000,0.000000
0,81,0.000000,0.000000,0.000000
0,82,0.000000,0.000000,0.000000
0,83,0.000000,0.000000,0.000000
0,84,0.000000,0.000000,0.000000
0,85,0.000000,0.000000,0.000000
0,86,0.000000,0.000000,0.000000
0,87,0.000000,0.000000,0.000000
0,88,0.000000,0.000000,0.000000
0,89,0.000000,0.000000,0.000000
0,90,0.000000,0.000000,0.000000
0,91,0.000000,0.000000,0.000000
0,92,0.000000,0.000000,0.000000
0,93,0.000000,0.000000,0.000000
0,94,0.000000,0.000000,0.000000
0,95,0.000000,0.000000,0.000000
0,96,0.000000,0.000000,0.000000
0,97,0.000000,0.000000,0.000000
0,98,0.000000,0.000000,0.000000
0,99,0.000000,0.000000,0.000000
1,0,0.000000,0.000000,-0.000000
1,1,0.000106,0.000106,-0.000106
1,2,0.000212,0.000106,-0.000212
1,3,0.000319,0.000106,-0.000319
1,4,0.000425,0.000106,-0.000425
1,5,0.000531,0.000106,-0.000531
1,6,0.000637,0.000106,-0.000637
1,7,0.000743,0.000106,-0.000743
1,8,0.000850,0.000106,-0.000850
1,9,0.000956,0.000106,-0.000956
1,10,0.001062,0.000106,-0.001062
1,11,0.001168,0.000106,-0.001168
1,12,0.001274,0.000106,-0.001274
1,13,0.001379,0.000106,-0.001380
1,14,0.001485,0.000105,-0.001485
1,15,0.001590,0.000105,-0.001591
1,16,0.001695,0.000105,-0.001696
1,17,0.001800,0.000104,-0.001800
1,18,0.001904,0.000104,-0.001904
1,19,0.002008,0.000103,-0.002008
1,20,0.002111,0.000103,-0.002111
1,21,0.002213,0.000102,-0.002213
1,22,0.002314,0.000101,-0.002315
1,23,0.002415,0.000100,-0.002415
1,24,0.002514,0.000099,-0.002515
1,25,0.002612,0.000097,-0.002613
1,26,0.002708,0.000096,-0.002709
1,27,0.002803,0.000094,-0.002804
1,28,0.002896,0.000092,-0.002897
1,29,0.002987,0.000090,-0.002988
1,30,0.003075,0.000087,-0.003077
1,31,0.003162,0.000085,-0.003163
1,32,0.003245,0.000082,-0.003247
1,33,0.003326,0.000079,-0.003328
1,34,0.003404,0.000076,-0.003405
1,35,0.003478,0.000073,-0.003480
1,36,0.003549,0.000069,-0.003551
1,37,0.003616,0.000065,-0.003618
1,38,0.003679,0.000061,-0.003681
1,39,0.003738,0.000057,-0.003740
1,40,0.003792,0.000052,-0.003795
1,41,0.003842,0.000048,-0.003845
1,42,0.003887,0.000043,-0.003890
1,43,0.003928,0.000038,-0.003930
1,44,0.003963,0.000032,-0.003965
1,45,0.003992,0.000027,-0.003995
1,46,0.004017,0.000022,-0.004020
1,47,0.004036,0.000016,-0.004039
1,48,0.004049,0.000011,-0.004052
1,49,0.004057,0.000005,-0.004060
1,50,0.004059,-0.000001,-0.004062
1,51,0.004055,-0.000006,-0.004058
1,52,0.004046,-0.000012,-0.004049
1,53,0.004031,-0.000018,-0.004034
1,54,0.004010,-0.000023,-0.004013
1,55,0.003984,-0.000029,-0.003987
1,56,0.003953,-0.000034,-0.003955
1,57,0.003916,-0.000039,-0.003919
1,58,0.003874,-0.000044,-0.003877
1,59,0.003827,-0.000049,-0.003830
1,60,0.003776,-0.000054,-0.003778
1,61,0.003720,-0.000058,-0.003722
1,62,0.003659,-0.000063,-0.003661
1,63,0.003594,-0.000067,-0.003596
1,64,0.003525,-0.000071,-0.003527
1,65,0.003453,-0.000074,-0.003454
1,66,0.003376,-0.000078,-0.003378
1,67,0.003297,-0.000081,-0.003298
1,68,0.003214,-0.000084,-0.003216
1,69,0.003129,-0.000087,-0.003130
1,70,0.003040,-0.000089,-0.003042
1,71,0.002950,-0.000092,-0.002951
1,72,0.002857,-0.000094,-0.002858
1,73,0.002762,-0.000096,-0.002763
1,74,0.002665,-0.000098,-0.002666
1,75,0.002567,-0.000099,-0.002567
1,76,0.002467,-0.000101,-0.002467
1,77,0.002365,-0.000102,-0.002366
1,78,0.002263,-0.000103,-0.002263
1,79,0.002159,-0.000104,-0.002160
1,80,0.002055,-0.000105,-0.002055
1,81,0.001949,-0.000106,-0.001950
1,82,0.001843,-0.000106,-0.001844
1,83,0.001737,-0.000107,-0.001737
1,84,0.001630,-0.000107,-0.001630
1,85,0.001522,-0.000108,-0.001523
1,86,0.001415,-0.000108,-0.001415
1,87,0.001306,-0.000108,-0.001307
1,88,0.001198,-0.000108,-0.001198
1,89,0.001089,-0.000109,-0.001090
1,90,0.000981,-0.000109,-0.000981
1,91,0.000872,-0.000109,-0.000872
1,92,0.000763,-0.000109,-0.000763
1,93,0.000654,-0.000109,-0.000654
1,94,0.000545,-0.000109,-0.000545
1,95,0.000436,-0.000109,-0.000436
1,96,0.000327,-0.000109,-0.000327
1,97,0.000218,-0.000109,-0.000218
1,98,0.000109,-0.000109,-0.000109
1,99,0.000000,0.000000,-0.000000
2,0,0.000000,0.000000,-0.000000
2,1,0.000212,0.000212,-0.000106
2,2,0.000425,0.000212,-0.000212
2,3,0.000637,0.000212,-0.000319
2,4,0.000850,0.000212,-0.000425
2,5,0.001062,0.000212,-0.000531
2,6,0.001274,0.000212,-0.000637
2,7,0.001487,0.000212,-0.000743
2,8,0.001699,0.000212,-0.000850
2,9,0.001911,0.000212,-0.000956
2,10,0.002124,0.000212,-0.001062
2,11,0.002336,0.000212,-0.001168
2,12,0.002548,0.000212,-0.001274
2,13,0.002759,0.000211,-0.001380
2,14,0.002970,0.000211,-0.001486
2,15,0.003181,0.000210,-0.001591
2,16,0.003391,0.000210,-0.001696
2,17,0.003601,0.000209,-0.001801
2,18,0.003809,0.000208,-0.001905
2,19,0.004016,0.000207,-0.002009
2,20,0.004222,0.000205,-0.002112
2,21,0.004427,0.000204,-0.002215
2,22,0.004630,0.000202,-0.002317
2,23,0.004831,0.000200,-0.002417
2,24,0.005029,0.000197,-0.002517
2,25,0.005225,0.000194,-0.002615
2,26,0.005418,0.000191,-0.002712
2,27,0.005608,0.000188,-0.002807
2,28,0.005794,0.000184,-0.002900
2,29,0.005976,0.000180,-0.002991
2,30,0.006153,0.000175,-0.003080
2,31,0.006326,0.000170,-0.003167
2,32,0.006493,0.000165,-0.003251
2,33,0.006655,0.000159,-0.003332
2,34,0.006811,0.000152,-0.003411
2,35,0.006960,0.000145,-0.003485
2,36,0.007102,0.000138,-0.003557
2,37,0.007236,0.000130,-0.003624
2,38,0.007362,0.000122,-0.003688
2,39,0.007480,0.000114,-0.003747
2,40,0.007590,0.000105,-0.003802
2,41,0.007690,0.000095,-0.003852
2,42,0.007780,0.000085,-0.003898
2,43,0.007861,0.000075,-0.003938
2,44,0.007931,0.000065,-0.003974
2,45,0.007990,0.000054,-0.004003
2,46,0.008039,0.000043,-0.004028
2,47,0.008077,0.000032,-0.004047
2,48,0.008104,0.000021,-0.004061
2,49,0.008119,0.000010,-0.004068
2,50,0.008123,-0.000002,-0.004070
2,51,0.008116,-0.000013,-0.004067
2,52,0.008097,-0.000024,-0.004057
2,53,0.008067,-0.000036,-0.004042
2,54,0.008026,-0.000047,-0.004022
2,55,0.007974,-0.000058,-0.003995
2,56,0.007911,-0.000068,-0.003964
2,57,0.007837,-0.000079,-0.003927
2,58,0.007753,-0.000089,-0.003884
2,59,0.007660,-0.000099,-0.003837
2,60,0.007556,-0.000108,-0.003785
2,61,0.007444,-0.000117,-0.003729
2,62,0.007322,-0.000126,-0.003668
2,63,0.007192,-0.000134,-0.003602
2,64,0.007054,-0.000142,-0.003533
2,65,0.006909,-0.000149,-0.003460
2,66,0.006756,-0.000156,-0.003383
2,67,0.006597,-0.000162,-0.003303
2,68,0.006431,-0.000168,-0.003220
2,69,0.006260,-0.000174,-0.003134
2,70,0.006083,-0.000179,-0.003046
2,71,0.005902,-0.000184,-0.002955
2,72,0.005716,-0.000188,-0.002861
2,73,0.005526,-0.000192,-0.002766
2,74,0.005332,-0.000195,-0.002669
2,75,0.005135,-0.000199,-0.002570
2,76,0.004935,-0.000201,-0.002470
2,77,0.004732,-0.000204,-0.002368
2,78,0.004527,-0.000206,-0.002265
2,79,0.004320,-0.000208,-0.002161
2,80,0.004110,-0.000210,-0.002057
2,81,0.003900,-0.000211,-0.001951
2,82,0.003688,-0.000213,-0.001845
2,83,0.003474,-0.000214,-0.001738
2,84,0.003260,-0.000215,-0.001631
2,85,0.003045,-0.000215,-0.001523
2,86,0.002829,-0.000216,-0.001415
2,87,0.002613,-0.000217,-0.001307
2,88,0.002396,-0.000217,-0.001199
2,89,0.002179,-0.000217,-0.001090
2,90,0.001962,-0.000218,-0.000981
2,91,0.001744,-0.000218,-0.000872
2,92,0.001526,-0.000218,-0.000763
2,93,0.001309,-0.000218,-0.000654
2,94,0.001091,-0.000218,-0.000545
2,95,0.000872,-0.000218,-0.000436
2,96,0.000654,-0.000218,-0.000327
2,97,0.000436,-0.000218,-0.000218
2,98,0.000218,-0.000218,-0.000109
2,99,0.000000,0.000000,-0.000000
3,0,0.000000,0.000000,-0.000000
3,1,0.000319,0.000319,-0.000106
3,2,0.000637,0.000319,-0.000212
3,3,0.000956,0.000319,-0.000319
3,4,0.001274,0.000319,-0.000425
3,5,0.001593,0.000319,-0.000531
3,6,0.001912,0.000319,-0.000637
3,7,0.002230,0.000319,-0.000744
3,8,0.002549,0.000319,-0.000850
3,9,0.002867,0.000318,-0.000956
3,10,0.003186,0.000318,-0.001062
3,11,0.003504,0.000318,-0.001169
3,12,0.003822,0.000318,-0.001275
3,13,0.004139,0.000317,-0.001381
3,14,0.004456,0.000317,-0.001486
3,15,0.004773,0.000316,-0.001592
3,16,0.005088,0.000315,-0.001697
3,17,0.005402,0.000314,-0.001802
3,18,0.005715,0.000312,-0.001907
3,19,0.006026,0.000310,-0.002011
3,20,0.006336,0.000308,-0.002115
3,21,0.006643,0.000306,-0.002217
3,22,0.006947,0.000303,-0.002319
3,23,0.007249,0.000300,-0.002420
3,24,0.007547,0.000296,-0.002520
3,25,0.007841,0.000292,-0.002619
3,26,0.008131,0.000287,-0.002716
3,27,0.008416,0.000282,-0.002812
3,28,0.008696,0.000277,-0.002905
3,29,0.008969,0.000270,-0.002997
3,30,0.009236,0.000263,-0.003087
3,31,0.009496,0.000256,-0.003174
3,32,0.009748,0.000247,-0.003259
3,33,0.009991,0.000239,-0.003341
3,34,0.010225,0.000229,-0.003419
3,35,0.010449,0.000219,-0.003495
3,36,0.010662,0.000208,-0.003566
3,37,0.010864,0.000196,-0.003635
3,38,0.011055,0.000184,-0.003699
3,39,0.011232,0.000171,-0.003758
3,40,0.011396,0.000157,-0.003814
3,41,0.011547,0.000143,-0.003865
3,42,0.011683,0.000129,-0.003911
3,43,0.011804,0.000113,-0.003951
3,44,0.011910,0.000098,-0.003987
3,45,0.011999,0.000082,-0.004017
3,46,0.012073,0.000065,-0.004042
3,47,0.012130,0.000049,-0.004062
3,48,0.012170,0.000032,-0.004075
3,49,0.012193,0.000015,-0.004083
3,50,0.012199,-0.000002,-0.004085
3,51,0.012188,-0.000020,-0.004081
3,52,0.012160,-0.000037,-0.004072
3,53,0.012115,-0.000054,-0.004057
3,54,0.012053,-0.000070,-0.004036
3,55,0.011975,-0.000087,-0.004009
3,56,0.011880,-0.000103,-0.003977
3,57,0.011769,-0.000118,-0.003940
3,58,0.011643,-0.000134,-0.003897
3,59,0.011502,-0.000148,-0.003850
3,60,0.011346,-0.000163,-0.003797
3,61,0.011177,-0.000176,-0.003740
3,62,0.010994,-0.000189,-0.003679
3,63,0.010799,-0.000201,-0.003613
3,64,0.010591,-0.000213,-0.003543
3,65,0.010372,-0.000224,-0.003469
3,66,0.010143,-0.000234,-0.003392
3,67,0.009903,-0.000244,-0.003311
3,68,0.009655,-0.000253,-0.003228
3,69,0.009397,-0.000261,-0.003141
3,70,0.009132,-0.000269,-0.003052
3,71,0.008859,-0.000276,-0.002960
3,72,0.008579,-0.000283,-0.002867
3,73,0.008294,-0.000288,-0.002771
3,74,0.008003,-0.000294,-0.002673
3,75,0.007706,-0.000298,-0.002574
3,76,0.007406,-0.000303,-0.002473
3,77,0.007101,-0.000306,-0.002371
3,78,0.006793,-0.000310,-0.002268
3,79,0.006482,-0.000313,-0.002164
3,80,0.006168,-0.000315,-0.002059
3,81,0.005851,-0.000317,-0.001953
3,82,0.005533,-0.000319,-0.001846
3,83,0.005213,-0.000321,-0.001739
3,84,0.004891,-0.000322,-0.001632
3,85,0.004569,-0.000323,-0.001524
3,86,0.004245,-0.000324,-0.001416
3,87,0.003920,-0.000325,-0.001308
3,88,0.003595,-0.000326,-0.001199
3,89,0.003269,-0.000326,-0.001090
3,90,0.002943,-0.000326,-0.000982
3,91,0.002617,-0.000327,-0.000873
3,92,0.002290,-0.000327,-0.000764
3,93,0.001963,-0.000327,-0.000655
3,94,0.001636,-0.000327,-0.000545
3,95,0.001309,-0.000327,-0.000436
3,96,0.000982,-0.000327,-0.000327
3,97,0.000654,-0.000327,-0.000218
3,98,0.000327,-0.000327,-0.000109
3,99,0.000000,0.000000,-0.000000
4,0,0.000000,0.000000,-0.000000
4,1,0.000425,0.000425,-0.000106
4,2,0.000850,0.000425,-0.000212
4,3,0.001274,0.000425,-0.000319
4,4,0.001699,0.000425,-0.000425
4,5,0.002124,0.000425,-0.000531
4,6,0.002549,0.000425,-0.000637
4,7,0.002974,0.000425,-0.000744
4,8,0.003399,0.000425,-0.000850
4,9,0.003824,0.000425,-0.000956
4,10,0.004248,0.000425,-0.001063
4,11,0.004673,0.000424,-0.001169
4,12,0.005097,0.000424,-0.001275
4,13,0.005520,0.000423,-0.001381
4,14,0.005943,0.000422,-0.001487
4,15,0.006365,0.000421,-0.001593
4,16,0.006786,0.000420,-0.001699
4,17,0.007205,0.000419,-0.001804
4,18,0.007623,0.000417,-0.001909
4,19,0.008039,0.000414,-0.002014
4,20,0.008452,0.000412,-0.002118
4,21,0.008862,0.000408,-0.002221
4,22,0.009268,0.000405,-0.002323
4,23,0.009671,0.000401,-0.002425
4,24,0.010069,0.000396,-0.002525
4,25,0.010463,0.000390,-0.002624
4,26,0.010850,0.000384,-0.002722
4,27,0.011231,0.000377,-0.002818
4,28,0.011604,0.000370,-0.002913
4,29,0.011970,0.000361,-0.003005
4,30,0.012327,0.000352,-0.003096
4,31,0.012674,0.000342,-0.003184
4,32,0.013011,0.000331,-0.003269
4,33,0.013336,0.000319,-0.003352
4,34,0.013649,0.000306,-0.003431
4,35,0.013949,0.000293,-0.003507
4,36,0.014234,0.000278,-0.003580
4,37,0.014505,0.000263,-0.003649
4,38,0.014760,0.000246,-0.003714
4,39,0.014997,0.000229,-0.003774
4,40,0.015217,0.000211,-0.003831
4,41,0.015419,0.000192,-0.003882
4,42,0.015601,0.000172,-0.003929
4,43,0.015763,0.000152,-0.003970
4,44,0.015905,0.000131,-0.004006
4,45,0.016025,0.000109,-0.004037
4,46,0.016124,0.000087,-0.004062
4,47,0.016200,0.000065,-0.004082
4,48,0.016254,0.000042,-0.004096
4,49,0.016285,0.000020,-0.004103
4,50,0.016293,-0.000003,-0.004106
4,51,0.016279,-0.000026,-0.004102
4,52,0.016241,-0.000049,-0.004092
4,53,0.016180,-0.000072,-0.004077
4,54,0.016097,-0.000094,-0.004056
4,55,0.015992,-0.000116,-0.004029
4,56,0.015865,-0.000138,-0.003996
4,57,0.015717,-0.000159,-0.003958
4,58,0.015548,-0.000179,-0.003915
4,59,0.015359,-0.000199,-0.003867
4,60,0.015151,-0.000218,-0.003814
4,61,0.014924,-0.000236,-0.003756
4,62,0.014679,-0.000253,-0.003694
4,63,0.014418,-0.000270,-0.003627
4,64,0.014140,-0.000285,-0.003557
4,65,0.013847,-0.000300,-0.003482
4,66,0.013540,-0.000314,-0.003404
4,67,0.013220,-0.000327,-0.003323
4,68,0.012887,-0.000339,-0.003238
4,69,0.012543,-0.000350,-0.003151
4,70,0.012188,-0.000360,-0.003061
4,71,0.011823,-0.000369,-0.002969
4,72,0.011449,-0.000378,-0.002874
4,73,0.011068,-0.000385,-0.002778
4,74,0.010678,-0.000392,-0.002679
4,75,0.010283,-0.000399,-0.002579
4,76,0.009881,-0.000404,-0.002478
4,77,0.009474,-0.000409,-0.002376
4,78,0.009063,-0.000414,-0.002272
4,79,0.008647,-0.000417,-0.002167
4,80,0.008228,-0.000421,-0.002062
4,81,0.007806,-0.000424,-0.001956
4,82,0.007380,-0.000426,-0.001849
4,83,0.006953,-0.000428,-0.001741
4,84,0.006524,-0.000430,-0.001634
4,85,0.006094,-0.000431,-0.001526
4,86,0.005661,-0.000433,-0.001417
4,87,0.005228,-0.000433,-0.001309
4,88,0.004794,-0.000434,-0.001200
4,89,0.004360,-0.000435,-0.001091
4,90,0.003925,-0.000435,-0.000982
4,91,0.003489,-0.000436,-0.000873
4,92,0.003054,-0.000436,-0.000764
4,93,0.002618,-0.000436,-0.000655
4,94,0.002181,-0.000436,-0.000546
4,95,0.001745,-0.000436,-0.000437
4,96,0.001309,-0.000436,-0.000327
4,97,0.000873,-0.000436,-0.000218
4,98,0.000436,-0.000436,-0.000109
4,99,0.000000,0.000000,-0.000000
5,0,0.000000,0.000000,-0.000000
5,1,0.000531,0.000531,-0.000106
5,2,0.001062,0.000531,-0.000212
5,3,0.001593,0.000531,-0.000319
5,4,0.002124,0.000531,-0.000425
5,5,0.002655,0.000531,-0.000531
5,6,0.003186,0.000531,-0.000638
5,7,0.003718,0.000531,-0.000744
5,8,0.004249,0.000531,-0.000850
5,9,0.004780,0.000531,-0.000957
5,10,0.005311,0.000531,-0.001063
5,11,0.005842,0.000531,-0.001170
5,12,0.006372,0.000530,-0.001276
5,13,0.006902,0.000529,-0.001382
5,14,0.007431,0.000528,-0.001489
5,15,0.007959,0.000527,-0.001595
5,16,0.008486,0.000526,-0.001701
5,17,0.009011,0.000524,-0.001807
5,18,0.009533,0.000521,-0.001912
5,19,0.010053,0.000519,-0.002017
5,20,0.010571,0.000515,-0.002121
5,21,0.011084,0.000511,-0.002225
5,22,0.011594,0.000507,-0.002328
5,23,0.012098,0.000502,-0.002430
5,24,0.012597,0.000496,-0.002531
5,25,0.013090,0.000489,-0.002631
5,26,0.013576,0.000482,-0.002730
5,27,0.014053,0.000473,-0.002827
5,28,0.014522,0.000464,-0.002922
5,29,0.014980,0.000453,-0.003016
5,30,0.015428,0.000442,-0.003107
5,31,0.015863,0.000429,-0.003196
5,32,0.016286,0.000415,-0.003283
5,33,0.016694,0.000401,-0.003366
5,34,0.017087,0.000385,-0.003447
5,35,0.017464,0.000368,-0.003524
5,36,0.017823,0.000349,-0.003598
5,37,0.018162,0.000330,-0.003668
5,38,0.018482,0.000309,-0.003733
5,39,0.018781,0.000288,-0.003795
5,40,0.019058,0.000265,-0.003852
5,41,0.019311,0.000241,-0.003904
5,42,0.019540,0.000217,-0.003952
5,43,0.019744,0.000191,-0.003994
5,44,0.019922,0.000165,-0.004031
5,45,0.020073,0.000138,-0.004062
5,46,0.020197,0.000110,-0.004088
5,47,0.020293,0.000082,-0.004108
5,48,0.020361,0.000053,-0.004122
5,49,0.020400,0.000025,-0.004130
5,50,0.020411,-0.000004,-0.004132
5,51,0.020392,-0.000033,-0.004128
5,52,0.020345,-0.000062,-0.004119
5,53,0.020269,-0.000090,-0.004103
5,54,0.020165,-0.000118,-0.004081
5,55,0.020032,-0.000146,-0.004054
5,56,0.019873,-0.000173,-0.004021
5,57,0.019686,-0.000199,-0.003983
5,58,0.019474,-0.000225,-0.003939
5,59,0.019236,-0.000250,-0.003890
5,60,0.018974,-0.000274,-0.003836
5,61,0.018689,-0.000296,-0.003777
5,62,0.018382,-0.000318,-0.003714
5,63,0.018053,-0.000339,-0.003646
5,64,0.017704,-0.000358,-0.003574
5,65,0.017337,-0.000377,-0.003499
5,66,0.016951,-0.000394,-0.003420
5,67,0.016549,-0.000410,-0.003337
5,68,0.016131,-0.000425,-0.003252
5,69,0.015699,-0.000439,-0.003164
5,70,0.015254,-0.000451,-0.003073
5,71,0.014796,-0.000463,-0.002979
5,72,0.014328,-0.000474,-0.002884
5,73,0.013849,-0.000483,-0.002786
5,74,0.013361,-0.000492,-0.002687
5,75,0.012865,-0.000500,-0.002587
5,76,0.012362,-0.000507,-0.002485
5,77,0.011852,-0.000513,-0.002381
5,78,0.011337,-0.000518,-0.002277
5,79,0.010816,-0.000523,-0.002172
5,80,0.010291,-0.000527,-0.002066
5,81,0.009762,-0.000530,-0.001959
5,82,0.009231,-0.000533,-0.001852
5,83,0.008696,-0.000536,-0.001744
5,84,0.008159,-0.000538,-0.001636
5,85,0.007620,-0.000540,-0.001527
5,86,0.007079,-0.000541,-0.001419
5,87,0.006538,-0.000542,-0.001310
5,88,0.005995,-0.000543,-0.001201
5,89,0.005451,-0.000544,-0.001092
5,90,0.004907,-0.000544,-0.000983
5,91,0.004362,-0.000545,-0.000873
5,92,0.003818,-0.000545,-0.000764
5,93,0.003272,-0.000545,-0.000655
5,94,0.002727,-0.000545,-0.000546
5,95,0.002182,-0.000545,-0.000437
5,96,0.001636,-0.000545,-0.000327
5,97,0.001091,-0.000545,-0.000218
5,98,0.000545,-0.000545,-0.000109
5,99,0.000000,0.000000,-0.000000
6,0,0.000000,0.000000,-0.000000
6,1,0.000637,0.000637,-0.000106
6,2,0.001274,0.000637,-0.000212
6,3,0.001912,0.000637,-0.000319
6,4,0.002549,0.000637,-0.000425
6,5,0.003186,0.000638,-0.000531
6,6,0.003824,0.000638,-0.000638
6,7,0.004462,0.000638,-0.000744
6,8,0.005099,0.000638,-0.000851
6,9,0.005737,0.000638,-0.000957
6,10,0.006375,0.000637,-0.001064
6,11,0.007012,0.000637,-0.001170
6,12,0.007649,0.000637,-0.001277
6,13,0.008285,0.000636,-0.001384
6,14,0.008921,0.000635,-0.001490
6,15,0.009555,0.000633,-0.001597
6,16,0.010188,0.000632,-0.001703
6,17,0.010818,0.000630,-0.001809
6,18,0.011447,0.000627,-0.001915
6,19,0.012072,0.000624,-0.002021
6,20,0.012694,0.000620,-0.002126
6,21,0.013312,0.000615,-0.002230
6,22,0.013924,0.000610,-0.002334
6,23,0.014532,0.000604,-0.002437
6,24,0.015132,0.000597,-0.002539
6,25,0.015725,0.000589,-0.002640
6,26,0.016310,0.000580,-0.002739
6,27,0.016885,0.000570,-0.002837
6,28,0.017449,0.000559,-0.002934
6,29,0.018002,0.000546,-0.003029
6,30,0.018541,0.000532,-0.003121
6,31,0.019067,0.000517,-0.003211
6,32,0.019576,0.000501,-0.003299
6,33,0.020069,0.000483,-0.003384
6,34,0.020543,0.000464,-0.003466
6,35,0.020997,0.000444,-0.003544
6,36,0.021430,0.000422,-0.003619
6,37,0.021840,0.000398,-0.003690
6,38,0.022227,0.000374,-0.003758
6,39,0.022588,0.000348,-0.003820
6,40,0.022922,0.000320,-0.003879
6,41,0.023228,0.000292,-0.003932
6,42,0.023505,0.000262,-0.003980
6,43,0.023751,0.000231,-0.004023
6,44,0.023966,0.000199,-0.004061
6,45,0.024150,0.000166,-0.004093
6,46,0.024299,0.000133,-0.004120
6,47,0.024416,0.000099,-0.004140
6,48,0.024498,0.000065,-0.004154
6,49,0.024545,0.000030,-0.004163
6,50,0.024558,-0.000005,-0.004165
6,51,0.024536,-0.000040,-0.004161
6,52,0.024478,-0.000075,-0.004151
6,53,0.024386,-0.000109,-0.004135
6,54,0.024260,-0.000143,-0.004113
6,55,0.024100,-0.000176,-0.004085
6,56,0.023907,-0.000209,-0.004051
6,57,0.023682,-0.000241,-0.004012
6,58,0.023425,-0.000272,-0.003967
6,59,0.023139,-0.000302,-0.003917
6,60,0.022822,-0.000330,-0.003862
6,61,0.022478,-0.000358,-0.003802
6,62,0.022106,-0.000384,-0.003738
6,63,0.021710,-0.000409,-0.003669
6,64,0.021288,-0.000432,-0.003596
6,65,0.020845,-0.000454,-0.003519
6,66,0.020379,-0.000475,-0.003439
6,67,0.019894,-0.000494,-0.003355
6,68,0.019390,-0.000512,-0.003268
6,69,0.018870,-0.000529,-0.003179
6,70,0.018333,-0.000544,-0.003087
6,71,0.017782,-0.000558,-0.002992
6,72,0.017217,-0.000571,-0.002896
6,73,0.016641,-0.000582,-0.002797
6,74,0.016053,-0.000592,-0.002697
6,75,0.015456,-0.000601,-0.002595
6,76,0.014850,-0.000610,-0.002492
6,77,0.014237,-0.000617,-0.002388
6,78,0.013616,-0.000623,-0.002283
6,79,0.012990,-0.000629,-0.002177
6,80,0.012359,-0.000634,-0.002070
6,81,0.011723,-0.000638,-0.001963
6,82,0.011084,-0.000641,-0.001855
6,83,0.010441,-0.000644,-0.001747
6,84,0.009796,-0.000646,-0.001638
6,85,0.009148,-0.000648,-0.001529
6,86,0.008499,-0.000650,-0.001420
6,87,0.007848,-0.000651,-0.001311
6,88,0.007196,-0.000652,-0.001202
6,89,0.006543,-0.000653,-0.001093
6,90,0.005890,-0.000654,-0.000983
6,91,0.005236,-0.000654,-0.000874
6,92,0.004582,-0.000654,-0.000765
6,93,0.003928,-0.000654,-0.000655
6,94,0.003273,-0.000655,-0.000546
6,95,0.002619,-0.000655,-0.000437
6,96,0.001964,-0.000655,-0.000328
6,97,0.001309,-0.000655,-0.000218
6,98,0.000655,-0.000655,-0.000109
6,99,0.000000,0.000000,-0.000000
7,0,0.000000,0.000000,-0.000000
7,1,0.000743,0.000743,-0.000106
7,2,0.001487,0.000743,-0.000212
7,3,0.002230,0.000744,-0.000319
7,4,0.002974,0.000744,-0.000425
7,5,0.003718,0.000744,-0.000531
7,6,0.004462,0.000744,-0.000638
7,7,0.005206,0.000744,-0.000744
7,8,0.005950,0.000744,-0.000851
7,9,0.006694,0.000744,-0.000958
7,10,0.007439,0.000744,-0.001064
7,11,0.008183,0.000744,-0.001171
7,12,0.008927,0.000743,-0.001278
7,13,0.009670,0.000743,-0.001385
7,14,0.010412,0.000742,-0.001492
7,15,0.011153,0.000740,-0.001599
7,16,0.011892,0.000738,-0.001706
7,17,0.012629,0.000736,-0.001812
7,18,0.013364,0.000733,-0.001919
7,19,0.014095,0.000729,-0.002025
7,20,0.014822,0.000725,-0.002131
7,21,0.015544,0.000720,-0.002236
7,22,0.016261,0.000714,-0.002341
7,23,0.016972,0.000707,-0.002444
7,24,0.017675,0.000699,-0.002547
7,25,0.018369,0.000690,-0.002650
7,26,0.019054,0.000679,-0.002750
7,27,0.019728,0.000668,-0.002850
7,28,0.020389,0.000655,-0.002947
7,29,0.021037,0.000640,-0.003043
7,30,0.021670,0.000624,-0.003137
7,31,0.022286,0.000607,-0.003229
7,32,0.022884,0.000588,-0.003318
7,33,0.023462,0.000567,-0.003405
7,34,0.024019,0.000545,-0.003488
7,35,0.024552,0.000521,-0.003568
7,36,0.025061,0.000495,-0.003645
7,37,0.025543,0.000468,-0.003718
7,38,0.025998,0.000439,-0.003786
7,39,0.026422,0.000409,-0.003850
7,40,0.026815,0.000377,-0.003910
7,41,0.027175,0.000343,-0.003965
7,42,0.027501,0.000308,-0.004014
7,43,0.027791,0.000272,-0.004059
7,44,0.028045,0.000234,-0.004097
7,45,0.028260,0.000196,-0.004130
7,46,0.028437,0.000157,-0.004157
7,47,0.028573,0.000117,-0.004178
7,48,0.028670,0.000076,-0.004193
7,49,0.028726,0.000035,-0.004202
7,50,0.028741,-0.000006,-0.004204
7,51,0.028714,-0.000047,-0.004200
7,52,0.028647,-0.000088,-0.004190
7,53,0.028539,-0.000128,-0.004173
7,54,0.028391,-0.000168,-0.004151
7,55,0.028202,-0.000208,-0.004122
7,56,0.027976,-0.000246,-0.004088
7,57,0.027710,-0.000284,-0.004047
7,58,0.027409,-0.000320,-0.004001
7,59,0.027071,-0.000355,-0.003950
7,60,0.026699,-0.000389,-0.003894
7,61,0.026294,-0.000421,-0.003832
7,62,0.025857,-0.000451,-0.003766
7,63,0.025391,-0.000481,-0.003696
7,64,0.024896,-0.000508,-0.003622
7,65,0.024375,-0.000534,-0.003543
7,66,0.023829,-0.000558,-0.003461
7,67,0.023259,-0.000580,-0.003376
7,68,0.022668,-0.000601,-0.003288
7,69,0.022057,-0.000620,-0.003197
7,70,0.021427,-0.000638,-0.003103
7,71,0.020781,-0.000654,-0.003007
7,72,0.020119,-0.000669,-0.002909
7,73,0.019443,-0.000682,-0.002810
7,74,0.018755,-0.000694,-0.002708
7,75,0.018056,-0.000704,-0.002605
7,76,0.017347,-0.000714,-0.002501
7,77,0.016628,-0.000722,-0.002396
7,78,0.015903,-0.000729,-0.002290
7,79,0.015170,-0.000736,-0.002183
7,80,0.014432,-0.000741,-0.002075
7,81,0.013688,-0.000746,-0.001967
7,82,0.012941,-0.000749,-0.001859
7,83,0.012189,-0.000753,-0.001750
7,84,0.011435,-0.000755,-0.001641
7,85,0.010679,-0.000758,-0.001532
7,86,0.009920,-0.000759,-0.001422
7,87,0.009160,-0.000761,-0.001313
7,88,0.008399,-0.000762,-0.001203
7,89,0.007637,-0.000762,-0.001094
7,90,0.006874,-0.000763,-0.000984
7,91,0.006110,-0.000763,-0.000875
7,92,0.005347,-0.000764,-0.000765
7,93,0.004583,-0.000764,-0.000656
7,94,0.003819,-0.000764,-0.000546
7,95,0.003055,-0.000764,-0.000437
7,96,0.002292,-0.000764,-0.000328
7,97,0.001528,-0.000764,-0.000218
7,98,0.000764,-0.000764,-0.000109
7,99,0.000000,0.000000,-0.000000
8,0,0.000000,0.000000,-0.000000
8,1,0.000850,0.000850,-0.000106
8,2,0.001699,0.000850,-0.000212
8,3,0.002549,0.000850,-0.000319
8,4,0.003399,0.000850,-0.000425
8,5,0.004249,0.000850,-0.000531
8,6,0.005099,0.000851,-0.000638
8,7,0.005950,0.000851,-0.000744
8,8,0.006801,0.000851,-0.000851
8,9,0.007652,0.000851,-0.000958
8,10,0.008503,0.000851,-0.001065
8,11,0.009354,0.000851,-0.001172
8,12,0.010205,0.000850,-0.001279
8,13,0.011055,0.000850,-0.001386
8,14,0.011904,0.000849,-0.001494
8,15,0.012753,0.000847,-0.001601
8,16,0.013599,0.000845,-0.001708
8,17,0.014443,0.000843,-0.001816
8,18,0.015284,0.000839,-0.001923
8,19,0.016122,0.000836,-0.002030
8,20,0.016955,0.000831,-0.002136
8,21,0.017783,0.000825,-0.002242
8,22,0.018605,0.000818,-0.002348
8,23,0.019420,0.000811,-0.002453
8,24,0.020227,0.000802,-0.002557
8,25,0.021024,0.000792,-0.002661
8,26,0.021810,0.000780,-0.002763
8,27,0.022584,0.000767,-0.002864
8,28,0.023344,0.000752,-0.002963
8,29,0.024089,0.000736,-0.003060
8,30,0.024816,0.000718,-0.003156
8,31,0.025525,0.000698,-0.003249
8,32,0.026213,0.000677,-0.003340
8,33,0.026878,0.000653,-0.003429
8,34,0.027519,0.000628,-0.003514
8,35,0.028134,0.000600,-0.003596
8,36,0.028719,0.000571,-0.003674
8,37,0.029276,0.000540,-0.003749
8,38,0.029799,0.000506,-0.003819
8,39,0.030289,0.000471,-0.003885
8,40,0.030742,0.000434,-0.003946
8,41,0.031157,0.000396,-0.004003
8,42,0.031533,0.000356,-0.004054
8,43,0.031869,0.000314,-0.004099
8,44,0.032161,0.000271,-0.004139
8,45,0.032410,0.000226,-0.004173
8,46,0.032614,0.000181,-0.004201
8,47,0.032773,0.000135,-0.004223
8,48,0.032884,0.000088,-0.004238
8,49,0.032949,0.000041,-0.004247
8,50,0.032966,-0.000007,-0.004250
8,51,0.032936,-0.000054,-0.004246
8,52,0.032858,-0.000101,-0.004235
8,53,0.032733,-0.000148,-0.004218
8,54,0.032562,-0.000194,-0.004195
8,55,0.032345,-0.000240,-0.004165
8,56,0.032082,-0.000284,-0.004130
8,57,0.031777,-0.000327,-0.004088
8,58,0.031428,-0.000369,-0.004041
8,59,0.031039,-0.000409,-0.003988
8,60,0.030609,-0.000448,-0.003930
8,61,0.030143,-0.000485,-0.003867
8,62,0.029639,-0.000520,-0.003800
8,63,0.029102,-0.000554,-0.003727
8,64,0.028531,-0.000585,-0.003651
8,65,0.027931,-0.000615,-0.003571
8,66,0.027302,-0.000642,-0.003487
8,67,0.026647,-0.000668,-0.003400
8,68,0.025966,-0.000692,-0.003310
8,69,0.025263,-0.000714,-0.003217
8,70,0.024539,-0.000734,-0.003122
8,71,0.023796,-0.000752,-0.003024
8,72,0.023036,-0.000768,-0.002925
8,73,0.022260,-0.000783,-0.002824
8,74,0.021469,-0.000797,-0.002721
8,75,0.020667,-0.000808,-0.002617
8,76,0.019852,-0.000819,-0.002511
8,77,0.019029,-0.000828,-0.002405
8,78,0.018196,-0.000836,-0.002298
8,79,0.017356,-0.000843,-0.002190
8,80,0.016510,-0.000849,-0.002081
8,81,0.015658,-0.000854,-0.001972
8,82,0.014801,-0.000858,-0.001863
8,83,0.013941,-0.000862,-0.001754
8,84,0.013078,-0.000865,-0.001644
8,85,0.012212,-0.000867,-0.001534
8,86,0.011343,-0.000869,-0.001424
8,87,0.010474,-0.000870,-0.001314
8,88,0.009603,-0.000871,-0.001205
8,89,0.008731,-0.000872,-0.001095
8,90,0.007858,-0.000873,-0.000985
8,91,0.006985,-0.000873,-0.000875
8,92,0.006112,-0.000873,-0.000766
8,93,0.005239,-0.000873,-0.000656
8,94,0.004366,-0.000873,-0.000546
8,95,0.003493,-0.000873,-0.000437
8,96,0.002619,-0.000873,-0.000328
8,97,0.001746,-0.000873,-0.000218
8,98,0.000873,-0.000873,-0.000109
8,99,0.000000,0.000000,-0.000000
9,0,0.000000,0.000000,-0.000000
9,1,0.000956,0.000956,-0.000106
9,2,0.001911,0.000956,-0.000212
9,3,0.002867,0.000956,-0.000318
9,4,0.003824,0.000956,-0.000425
9,5,0.004780,0.000957,-0.000531
9,6,0.005737,0.000957,-0.000638
9,7,0.006694,0.000958,-0.000744
9,8,0.007652,0.000958,-0.000851
9,9,0.008610,0.000958,-0.000958
9,10,0.009568,0.000958,-0.001065
9,11,0.010527,0.000958,-0.001173
9,12,0.011485,0.000958,-0.001280
9,13,0.012442,0.000957,-0.001388
9,14,0.013399,0.000956,-0.001495
9,15,0.014355,0.000955,-0.001603
9,16,0.015309,0.000953,-0.001711
9,17,0.016260,0.000950,-0.001819
9,18,0.017209,0.000947,-0.001927
9,19,0.018154,0.000943,-0.002035
9,20,0.019095,0.000938,-0.002142
9,21,0.020029,0.000932,-0.002250
9,22,0.020958,0.000924,-0.002356
9,23,0.021878,0.000916,-0.002463
9,24,0.022790,0.000906,-0.002568
9,25,0.023690,0.000895,-0.002673
9,26,0.024580,0.000882,-0.002777
9,27,0.025455,0.000868,-0.002879
9,28,0.026315,0.000852,-0.002980
9,29,0.027158,0.000834,-0.003080
9,30,0.027982,0.000813,-0.003177
9,31,0.028785,0.000791,-0.003273
9,32,0.029565,0.000767,-0.003365
9,33,0.030319,0.000741,-0.003456
9,34,0.031047,0.000712,-0.003543
9,35,0.031744,0.000681,-0.003627
9,36,0.032410,0.000648,-0.003708
9,37,0.033041,0.000613,-0.003784
9,38,0.033636,0.000576,-0.003857
9,39,0.034192,0.000536,-0.003925
9,40,0.034708,0.000494,-0.003988
9,41,0.035180,0.000450,-0.004046
9,42,0.035609,0.000405,-0.004099
9,43,0.035990,0.000357,-0.004146
9,44,0.036323,0.000308,-0.004187
9,45,0.036606,0.000258,-0.004223
9,46,0.036839,0.000206,-0.004251
9,47,0.037019,0.000154,-0.004274
9,48,0.037147,0.000101,-0.004290
9,49,0.037220,0.000047,-0.004299
9,50,0.037240,-0.000007,-0.004302
9,51,0.037205,-0.000061,-0.004298
9,52,0.037117,-0.000115,-0.004287
9,53,0.036975,-0.000169,-0.004269
9,54,0.036780,-0.000221,-0.004245
9,55,0.036533,-0.000273,-0.004215
9,56,0.036235,-0.000323,-0.004178
9,57,0.035887,-0.000372,-0.004135
9,58,0.035490,-0.000420,-0.004086
9,59,0.035047,-0.000466,-0.004032
9,60,0.034559,-0.000509,-0.003972
9,61,0.034028,-0.000551,-0.003907
9,62,0.033457,-0.000591,-0.003837
9,63,0.032846,-0.000629,-0.003763
9,64,0.032199,-0.000664,-0.003685
9,65,0.031517,-0.000698,-0.003603
9,66,0.030803,-0.000729,-0.003517
9,67,0.030059,-0.000757,-0.003428
9,68,0.029288,-0.000784,-0.003335
9,69,0.028491,-0.000809,-0.003241
9,70,0.027671,-0.000831,-0.003143
9,71,0.026830,-0.000851,-0.003044
9,72,0.025969,-0.000870,-0.002943
9,73,0.025091,-0.000886,-0.002840
9,74,0.024197,-0.000901,-0.002735
9,75,0.023289,-0.000914,-0.002629
9,76,0.022369,-0.000925,-0.002522
9,77,0.021438,-0.000936,-0.002415
9,78,0.020498,-0.000944,-0.002306
9,79,0.019550,-0.000952,-0.002197
9,80,0.018595,-0.000958,-0.002088
9,81,0.017633,-0.000964,-0.001978
9,82,0.016667,-0.000968,-0.001868
9,83,0.015697,-0.000972,-0.001758
9,84,0.014723,-0.000975,-0.001647
9,85,0.013747,-0.000977,-0.001537
9,86,0.012769,-0.000979,-0.001426
9,87,0.011789,-0.000980,-0.001316
9,88,0.010808,-0.000981,-0.001206
9,89,0.009826,-0.000982,-0.001096
9,90,0.008844,-0.000983,-0.000986
9,91,0.007861,-0.000983,-0.000876
9,92,0.006878,-0.000983,-0.000766
9,93,0.005895,-0.000983,-0.000656
9,94,0.004912,-0.000983,-0.000547
9,95,0.003930,-0.000983,-0.000437
9,96,0.002947,-0.000982,-0.000328
9,97,0.001965,-0.000982,-0.000219
9,98,0.000982,-0.000982,-0.000109
9,99,0.000000,0.000000,-0.000000
10,0,0.000000,0.000000,-0.000000
10,1,0.001062,0.001062,-0.000106
10,2,0.002124,0.001062,-0.000212
10,3,0.003186,0.001062,-0.000318
10,4,0.004248,0.001063,-0.000425
10,5,0.005311,0.001063,-0.000531
10,6,0.006375,0.001064,-0.000637
10,7,0.007439,0.001064,-0.000744
10,8,0.008503,0.001065,-0.000851
10,9,0.009568,0.001065,-0.000958
10,10,0.010634,0.001066,-0.001066
10,11,0.011700,0.001066,-0.001173
10,12,0.012765,0.001066,-0.001281
10,13,0.013831,0.001065,-0.001389
10,14,0.014895,0.001064,-0.001497
10,15,0.015959,0.001063,-0.001606
10,16,0.017021,0.001061,-0.001714
10,17,0.018081,0.001058,-0.001823
10,18,0.019138,0.001055,-0.001932
10,19,0.020192,0.001051,-0.002040
10,20,0.021240,0.001046,-0.002149
10,21,0.022283,0.001039,-0.002257
10,22,0.023318,0.001032,-0.002365
10,23,0.024346,0.001023,-0.002473
10,24,0.025363,0.001012,-0.002580
10,25,0.026370,0.001000,-0.002687
10,26,0.027363,0.000986,-0.002792
10,27,0.028342,0.000970,-0.002896
10,28,0.029304,0.000953,-0.002999
10,29,0.030248,0.000933,-0.003101
10,30,0.031170,0.000911,-0.003200
10,31,0.032070,0.000887,-0.003298
10,32,0.032943,0.000860,-0.003393
10,33,0.033790,0.000831,-0.003486
10,34,0.034605,0.000799,-0.003576
10,35,0.035388,0.000765,-0.003662
10,36,0.036135,0.000728,-0.003745
10,37,0.036844,0.000689,-0.003824
10,38,0.037513,0.000647,-0.003899
10,39,0.038138,0.000603,-0.003969
10,40,0.038718,0.000556,-0.004035
10,41,0.039250,0.000507,-0.004095
10,42,0.039731,0.000456,-0.004150
10,43,0.040161,0.000402,-0.004199
10,44,0.040536,0.000347,-0.004242
10,45,0.040855,0.000291,-0.004278
10,46,0.041117,0.000233,-0.004308
10,47,0.041321,0.000173,-0.004332
10,48,0.041464,0.000113,-0.004348
10,49,0.041547,0.000053,-0.004358
10,50,0.041569,-0.000008,-0.004361
10,51,0.041531,-0.000069,-0.004356
10,52,0.041431,-0.000130,-0.004345
10,53,0.041272,-0.000190,-0.004327
10,54,0.041052,-0.000249,-0.004302
10,55,0.040774,-0.000307,-0.004270
10,56,0.040438,-0.000364,-0.004232
10,57,0.040047,-0.000419,-0.004188
10,58,0.039600,-0.000472,-0.004137
10,59,0.039102,-0.000524,-0.004081
10,60,0.038553,-0.000573,-0.004019
10,61,0.037957,-0.000620,-0.003952
10,62,0.037314,-0.000664,-0.003880
10,63,0.036628,-0.000706,-0.003803
10,64,0.035901,-0.000746,-0.003723
10,65,0.035136,-0.000783,-0.003638
10,66,0.034335,-0.000817,-0.003550
10,67,0.033502,-0.000849,-0.003458
10,68,0.032637,-0.000879,-0.003364
10,69,0.031744,-0.000906,-0.003266
10,70,0.030826,-0.000930,-0.003167
10,71,0.029884,-0.000953,-0.003065
10,72,0.028921,-0.000973,-0.002962
10,73,0.027939,-0.000991,-0.002857
10,74,0.026939,-0.001007,-0.002751
10,75,0.025925,-0.001021,-0.002643
10,76,0.024897,-0.001033,-0.002535
10,77,0.023858,-0.001044,-0.002425
10,78,0.022809,-0.001054,-0.002316
10,79,0.021751,-0.001062,-0.002205
10,80,0.020685,-0.001068,-0.002095
10,81,0.019614,-0.001074,-0.001984
10,82,0.018537,-0.001079,-0.001873
10,83,0.017456,-0.001083,-0.001762
10,84,0.016372,-0.001086,-0.001651
10,85,0.015285,-0.001088,-0.001540
10,86,0.014196,-0.001090,-0.001429
10,87,0.013106,-0.001091,-0.001318
10,88,0.012014,-0.001092,-0.001207
10,89,0.010922,-0.001092,-0.001097
10,90,0.009829,-0.001093,-0.000986
10,91,0.008737,-0.001093,-0.000876
10,92,0.007644,-0.001093,-0.000766
10,93,0.006551,-0.001092,-0.000656
10,94,0.005459,-0.001092,-0.000547
10,95,0.004367,-0.001092,-0.000437
10,96,0.003275,-0.001092,-0.000328
10,97,0.002183,-0.001092,-0.000218
10,98,0.001092,-0.001092,-0.000109
10,99,0.000000,0.000000,-0.000000
11,0,0.000000,0.000000,-0.000000
11,1,0.001168,0.001168,-0.000106
11,2,0.002336,0.001168,-0.000212
11,3,0.003504,0.001169,-0.000318
11,4,0.004673,0.001169,-0.000424
11,5,0.005842,0.001170,-0.000531
11,6,0.007012,0.001170,-0.000637
11,7,0.008183,0.001171,-0.000744
11,8,0.009354,0.001172,-0.000851
11,9,0.010527,0.001173,-0.000958
11,10,0.011700,0.001173,-0.001066
11,11,0.012873,0.001174,-0.001174
11,12,0.014047,0.001174,-0.001282
11,13,0.015220,0.001174,-0.001390
11,14,0.016394,0.001173,-0.001499
11,15,0.017566,0.001172,-0.001608
11,16,0.018737,0.001170,-0.001717
11,17,0.019906,0.001168,-0.001827
11,18,0.021072,0.001164,-0.001936
11,19,0.022235,0.001160,-0.002046
11,20,0.023393,0.001155,-0.002156
11,21,0.024544,0.001148,-0.002266
11,22,0.025689,0.001140,-0.002375
11,23,0.026824,0.001131,-0.002484
11,24,0.027950,0.001120,-0.002593
11,25,0.029063,0.001107,-0.002701
11,26,0.030164,0.001092,-0.002808
11,27,0.031247,0.001075,-0.002915
11,28,0.032314,0.001056,-0.003020
11,29,0.033359,0.001035,-0.003124
11,30,0.034383,0.001011,-0.003226
11,31,0.035381,0.000984,-0.003326
11,32,0.036352,0.000955,-0.003424
11,33,0.037291,0.000923,-0.003519
11,34,0.038198,0.000889,-0.003612
11,35,0.039069,0.000851,-0.003701
11,36,0.039900,0.000810,-0.003787
11,37,0.040689,0.000767,-0.003869
11,38,0.041434,0.000721,-0.003946
11,39,0.042131,0.000672,-0.004019
11,40,0.042778,0.000620,-0.004087
11,41,0.043370,0.000565,-0.004150
11,42,0.043908,0.000508,-0.004207
11,43,0.044387,0.000449,-0.004258
11,44,0.044806,0.000388,-0.004302
11,45,0.045163,0.000325,-0.004341
11,46,0.045456,0.000260,-0.004372
11,47,0.045683,0.000194,-0.004397
11,48,0.045844,0.000127,-0.004414
11,49,0.045936,0.000059,-0.004424
11,50,0.045962,-0.000009,-0.004427
11,51,0.045918,-0.000077,-0.004423
11,52,0.045808,-0.000145,-0.004411
11,53,0.045629,-0.000212,-0.004392
11,54,0.045385,-0.000278,-0.004366
11,55,0.045074,-0.000343,-0.004333
11,56,0.044699,-0.000406,-0.004293
11,57,0.044262,-0.000467,-0.004247
11,58,0.043765,-0.000527,-0.004194
11,59,0.043208,-0.000584,-0.004135
11,60,0.042597,-0.000638,-0.004071
11,61,0.041932,-0.000690,-0.004002
11,62,0.041216,-0.000740,-0.003927
11,63,0.040452,-0.000786,-0.003848
11,64,0.039644,-0.000830,-0.003764
11,65,0.038792,-0.000871,-0.003677
11,66,0.037903,-0.000909,-0.003586
11,67,0.036975,-0.000944,-0.003492
11,68,0.036015,-0.000976,-0.003394
11,69,0.035024,-0.001005,-0.003295
11,70,0.034005,-0.001032,-0.003193
11,71,0.032960,-0.001056,-0.003089
11,72,0.031893,-0.001078,-0.002983
11,73,0.030804,-0.001097,-0.002876
11,74,0.029698,-0.001115,-0.002767
11,75,0.028575,-0.001130,-0.002658
11,76,0.027439,-0.001143,-0.002548
11,77,0.026289,-0.001155,-0.002437
11,78,0.025130,-0.001164,-0.002326
11,79,0.023960,-0.001173,-0.002214
11,80,0.022784,-0.001180,-0.002102
11,81,0.021601,-0.001186,-0.001990
11,82,0.020413,-0.001190,-0.001878
11,83,0.019220,-0.001194,-0.001766
11,84,0.018024,-0.001197,-0.001654
11,85,0.016826,-0.001199,-0.001542
11,86,0.015626,-0.001201,-0.001431
11,87,0.014424,-0.001202,-0.001319
11,88,0.013222,-0.001203,-0.001208
11,89,0.012019,-0.001203,-0.001097
11,90,0.010816,-0.001203,-0.000987
11,91,0.009613,-0.001203,-0.000876
11,92,0.008410,-0.001203,-0.000766
11,93,0.007208,-0.001202,-0.000656
11,94,0.006006,-0.001202,-0.000547
11,95,0.004804,-0.001202,-0.000437
11,96,0.003603,-0.001201,-0.000328
11,97,0.002402,-0.001201,-0.000218
11,98,0.001201,-0.001201,-0.000109
11,99,0.000000,0.000000,-0.000000
12,0,0.000000,0.000000,-0.000000
12,1,0.001274,0.001274,-0.000106
12,2,0.002548,0.001274,-0.000212
12,3,0.003822,0.001275,-0.000318
12,4,0.005097,0.001275,-0.000424
12,5,0.006372,0.001276,-0.000530
12,6,0.007649,0.001277,-0.000637
12,7,0.008927,0.001278,-0.000743
12,8,0.010205,0.001279,-0.000850
12,9,0.011485,0.001280,-0.000958
12,10,0.012765,0.001281,-0.001066
12,11,0.014047,0.001282,-0.001174
12,12,0.015329,0.001282,-0.001282
12,13,0.016611,0.001282,-0.001391
12,14,0.017893,0.001282,-0.001500
12,15,0.019175,0.001281,-0.001610
12,16,0.020456,0.001280,-0.001720
12,17,0.021735,0.001278,-0.001830
12,18,0.023011,0.001274,-0.001941
12,19,0.024284,0.001270,-0.002052
12,20,0.025552,0.001265,-0.002163
12,21,0.026814,0.001258,-0.002274
12,22,0.028068,0.001250,-0.002385
12,23,0.029314,0.001241,-0.002496
12,24,0.030549,0.001229,-0.002606
12,25,0.031772,0.001215,-0.002716
12,26,0.032980,0.001200,-0.002826
12,27,0.034172,0.001182,-0.002935
12,28,0.035344,0.001162,-0.003042
12,29,0.036496,0.001139,-0.003149
12,30,0.037622,0.001113,-0.003253
12,31,0.038722,0.001085,-0.003356
12,32,0.039791,0.001053,-0.003457
12,33,0.040828,0.001019,-0.003556
12,34,0.041829,0.000981,-0.003651
12,35,0.042790,0.000940,-0.003743
12,36,0.043708,0.000896,-0.003832
12,37,0.044582,0.000848,-0.003917
12,38,0.045405,0.000797,-0.003998
12,39,0.046176,0.000743,-0.004074
12,40,0.046892,0.000686,-0.004145
12,41,0.047549,0.000626,-0.004210
12,42,0.048144,0.000563,-0.004270
12,43,0.048676,0.000498,-0.004323
12,44,0.049140,0.000430,-0.004370
12,45,0.049537,0.000360,-0.004410
12,46,0.049861,0.000289,-0.004443
12,47,0.050114,0.000215,-0.004469
12,48,0.050292,0.000141,-0.004487
12,49,0.050396,0.000066,-0.004498
12,50,0.050423,-0.000010,-0.004501
12,51,0.050376,-0.000085,-0.004496
12,52,0.050253,-0.000160,-0.004484
12,53,0.050056,-0.000235,-0.004464
12,54,0.049783,-0.000308,-0.004437
12,55,0.049440,-0.000380,-0.004402
12,56,0.049024,-0.000450,-0.004360
12,57,0.048540,-0.000518,-0.004312
12,58,0.047988,-0.000583,-0.004257
12,59,0.047373,-0.000646,-0.004196
12,60,0.046695,-0.000707,-0.004129
12,61,0.045960,-0.000764,-0.004056
12,62,0.045168,-0.000818,-0.003979
12,63,0.044324,-0.000869,-0.003897
12,64,0.043430,-0.000917,-0.003810
12,65,0.042490,-0.000961,-0.003719
12,66,0.041507,-0.001003,-0.003625
12,67,0.040485,-0.001041,-0.003528
12,68,0.039426,-0.001076,-0.003428
12,69,0.038334,-0.001107,-0.003325
12,70,0.037211,-0.001136,-0.003220
12,71,0.036061,-0.001162,-0.003114
12,72,0.034886,-0.001186,-0.003006
12,73,0.033690,-0.001206,-0.002896
12,74,0.032474,-0.001225,-0.002785
12,75,0.031241,-0.001241,-0.002674
12,76,0.029993,-0.001254,-0.002562
12,77,0.028732,-0.001266,-0.002449
12,78,0.027460,-0.001277,-0.002336
12,79,0.026179,-0.001285,-0.002223
12,80,0.024889,-0.001292,-0.002109
12,81,0.023594,-0.001298,-0.001996
12,82,0.022293,-0.001303,-0.001883
12,83,0.020988,-0.001307,-0.001770
12,84,0.019680,-0.001309,-0.001657
12,85,0.018370,-0.001311,-0.001545
12,86,0.017057,-0.001313,-0.001433
12,87,0.015744,-0.001313,-0.001321
12,88,0.014430,-0.001314,-0.001209
12,89,0.013117,-0.001314,-0.001098
12,90,0.011803,-0.001314,-0.000987
12,91,0.010490,-0.001313,-0.000876
12,92,0.009176,-0.001313,-0.000766
12,93,0.007864,-0.001312,-0.000656
12,94,0.006552,-0.001312,-0.000546
12,95,0.005241,-0.001311,-0.000437
12,96,0.003930,-0.001311,-0.000328
12,97,0.002620,-0.001310,-0.000218
12,98,0.001310,-0.001310,-0.000109
12,99,0.000000,0.000000,-0.000000
13,0,0.000000,0.000000,-0.000000
13,1,0.001379,0.001380,-0.000106
13,2,0.002759,0.001380,-0.000211
13,3,0.004139,0.001381,-0.000317
13,4,0.005520,0.001381,-0.000423
13,5,0.006902,0.001382,-0.000529
13,6,0.008285,0.001384,-0.000636
13,7,0.009670,0.001385,-0.000743
13,8,0.011055,0.001386,-0.000850
13,9,0.012442,0.001388,-0.000957
13,10,0.013831,0.001389,-0.001065
13,11,0.015220,0.001390,-0.001174
13,12,0.016611,0.001391,-0.001282
13,13,0.018002,0.001392,-0.001392
13,14,0.019394,0.001392,-0.001501
13,15,0.020786,0.001391,-0.001612
13,16,0.022177,0.001390,-0.001723
13,17,0.023567,0.001389,-0.001834
13,18,0.024954,0.001386,-0.001945
13,19,0.026338,0.001382,-0.002058
13,20,0.027718,0.001377,-0.002170
13,21,0.029092,0.001370,-0.002282
13,22,0.030459,0.001362,-0.002395
13,23,0.031816,0.001352,-0.002508
13,24,0.033163,0.001340,-0.002620
13,25,0.034496,0.001326,-0.002733
13,26,0.035816,0.001310,-0.002844
13,27,0.037117,0.001291,-0.002956
13,28,0.038399,0.001270,-0.003066
13,29,0.039657,0.001246,-0.003175
13,30,0.040890,0.001219,-0.003283
13,31,0.042094,0.001188,-0.003389
13,32,0.043266,0.001154,-0.003493
13,33,0.044402,0.001117,-0.003595
13,34,0.045501,0.001076,-0.003694
13,35,0.046555,0.001032,-0.003790
13,36,0.047565,0.000984,-0.003882
13,37,0.048524,0.000933,-0.003970
13,38,0.049430,0.000877,-0.004054
13,39,0.050278,0.000818,-0.004134
13,40,0.051067,0.000756,-0.004208
13,41,0.051790,0.000690,-0.004276
13,42,0.052447,0.000621,-0.004339
13,43,0.053033,0.000549,-0.004395
13,44,0.053546,0.000475,-0.004444
13,45,0.053982,0.000398,-0.004486
13,46,0.054341,0.000319,-0.004521
13,47,0.054620,0.000238,-0.004548
13,48,0.054817,0.000156,-0.004568
13,49,0.054931,0.000073,-0.004579
13,50,0.054963,-0.000010,-0.004582
13,51,0.054911,-0.000094,-0.004577
13,52,0.054776,-0.000177,-0.004564
13,53,0.054557,-0.000259,-0.004544
13,54,0.054258,-0.000340,-0.004515
13,55,0.053878,-0.000419,-0.004479
13,56,0.053420,-0.000496,-0.004435
13,57,0.052886,-0.000571,-0.004384
13,58,0.052279,-0.000643,-0.004326
13,59,0.051600,-0.000712,-0.004262
13,60,0.050855,-0.000778,-0.004192
13,61,0.050045,-0.000840,-0.004117
13,62,0.049174,-0.000900,-0.004036
13,63,0.048245,-0.000955,-0.003950
13,64,0.047264,-0.001007,-0.003860
13,65,0.046231,-0.001055,-0.003766
13,66,0.045153,-0.001100,-0.003668
13,67,0.044031,-0.001141,-0.003568
13,68,0.042871,-0.001178,-0.003464
13,69,0.041675,-0.001213,-0.003358
13,70,0.040446,-0.001243,-0.003250
13,71,0.039188,-0.001271,-0.003141
13,72,0.037904,-0.001296,-0.003030
13,73,0.036596,-0.001318,-0.002917
13,74,0.035269,-0.001337,-0.002804
13,75,0.033923,-0.001353,-0.002690
13,76,0.032562,-0.001368,-0.002576
13,77,0.031187,-0.001380,-0.002461
13,78,0.029801,-0.001391,-0.002347
13,79,0.028406,-0.001399,-0.002232
13,80,0.027003,-0.001406,-0.002117
13,81,0.025593,-0.001412,-0.002002
13,82,0.024179,-0.001417,-0.001888
13,83,0.022760,-0.001420,-0.001774
13,84,0.021339,-0.001422,-0.001660
13,85,0.019915,-0.001424,-0.001547
13,86,0.018491,-0.001425,-0.001434
13,87,0.017065,-0.001425,-0.001322
13,88,0.015640,-0.001425,-0.001210
13,89,0.014215,-0.001425,-0.001098
13,90,0.012790,-0.001424,-0.000987
13,91,0.011366,-0.001424,-0.000876
13,92,0.009943,-0.001423,-0.000766
13,93,0.008520,-0.001422,-0.000656
13,94,0.007099,-0.001421,-0.000546
13,95,0.005678,-0.001420,-0.000437
13,96,0.004258,-0.001420,-0.000327
13,97,0.002838,-0.001419,-0.000218
13,98,0.001419,-0.001419,-0.000109
13,99,0.000000,0.000000,-0.000000
14,0,0.000000,0.000000,-0.000000
14,1,0.001485,0.001485,-0.000105
14,2,0.002970,0.001486,-0.000211
14,3,0.004456,0.001486,-0.000317
14,4,0.005943,0.001487,-0.000422
14,5,0.007431,0.001489,-0.000528
14,6,0.008921,0.001490,-0.000635
14,7,0.010412,0.001492,-0.000742
14,8,0.011904,0.001494,-0.000849
14,9,0.013399,0.001495,-0.000956
14,10,0.014895,0.001497,-0.001064
14,11,0.016394,0.001499,-0.001173
14,12,0.017893,0.001500,-0.001282
14,13,0.019394,0.001501,-0.001392
14,14,0.020896,0.001502,-0.001502
14,15,0.022399,0.001502,-0.001613
14,16,0.023901,0.001502,-0.001725
14,17,0.025403,0.001500,-0.001837
14,18,0.026902,0.001498,-0.001950
14,19,0.028399,0.001495,-0.002063
14,20,0.029891,0.001490,-0.002177
14,21,0.031379,0.001484,-0.002291
14,22,0.032858,0.001476,-0.002405
14,23,0.034330,0.001466,-0.002520
14,24,0.035790,0.001454,-0.002635
14,25,0.037238,0.001440,-0.002749
14,26,0.038669,0.001423,-0.002864
14,27,0.040084,0.001404,-0.002978
14,28,0.041476,0.001381,-0.003091
14,29,0.042846,0.001356,-0.003203
14,30,0.044188,0.001327,-0.003314
14,31,0.045500,0.001295,-0.003424
14,32,0.046777,0.001259,-0.003531
14,33,0.048018,0.001219,-0.003637
14,34,0.049216,0.001176,-0.003740
14,35,0.050369,0.001128,-0.003839
14,36,0.051472,0.001076,-0.003936
14,37,0.052522,0.001021,-0.004028
14,38,0.053514,0.000961,-0.004116
14,39,0.054444,0.000897,-0.004199
14,40,0.055307,0.000829,-0.004277
14,41,0.056102,0.000757,-0.004349
14,42,0.056822,0.000682,-0.004415
14,43,0.057466,0.000603,-0.004474
14,44,0.058028,0.000522,-0.004526
14,45,0.058509,0.000437,-0.004570
14,46,0.058903,0.000350,-0.004607
14,47,0.059210,0.000262,-0.004636
14,48,0.059427,0.000172,-0.004656
14,49,0.059553,0.000080,-0.004668
14,50,0.059588,-0.000011,-0.004672
14,51,0.059531,-0.000103,-0.004667
14,52,0.059382,-0.000194,-0.004653
14,53,0.059143,-0.000284,-0.004631
14,54,0.058813,-0.000373,-0.004601
14,55,0.058397,-0.000460,-0.004563
14,56,0.057894,-0.000544,-0.004517
14,57,0.057308,-0.000626,-0.004463
14,58,0.056641,-0.000705,-0.004402
14,59,0.055898,-0.000781,-0.004335
14,60,0.055080,-0.000852,-0.004261
14,61,0.054193,-0.000921,-0.004182
14,62,0.053239,-0.000985,-0.004097
14,63,0.052224,-0.001045,-0.004008
14,64,0.051149,-0.001101,-0.003914
14,65,0.050022,-0.001153,-0.003816
14,66,0.048843,-0.001201,-0.003714
14,67,0.047620,-0.001245,-0.003610
14,68,0.046354,-0.001285,-0.003503
14,69,0.045050,-0.001321,-0.003393
14,70,0.043711,-0.001354,-0.003282
14,71,0.042343,-0.001383,-0.003169
14,72,0.040946,-0.001409,-0.003055
14,73,0.039525,-0.001432,-0.002940
14,74,0.038082,-0.001452,-0.002824
14,75,0.036622,-0.001469,-0.002708
14,76,0.035145,-0.001483,-0.002591
14,77,0.033655,-0.001496,-0.002474
14,78,0.032153,-0.001506,-0.002357
14,79,0.030642,-0.001515,-0.002241
14,80,0.029123,-0.001522,-0.002124
14,81,0.027599,-0.001527,-0.002008
14,82,0.026069,-0.001531,-0.001893
14,83,0.024536,-0.001534,-0.001778
14,84,0.023000,-0.001536,-0.001663
14,85,0.021464,-0.001537,-0.001549
14,86,0.019926,-0.001538,-0.001435
14,87,0.018388,-0.001538,-0.001322
14,88,0.016850,-0.001537,-0.001210
14,89,0.015313,-0.001536,-0.001098
14,90,0.013777,-0.001535,-0.000987
14,91,0.012242,-0.001534,-0.000876
14,92,0.010708,-0.001533,-0.000765
14,93,0.009176,-0.001532,-0.000655
14,94,0.007645,-0.001531,-0.000546
14,95,0.006114,-0.001530,-0.000436
14,96,0.004585,-0.001529,-0.000327
14,97,0.003056,-0.001528,-0.000218
14,98,0.001528,-0.001528,-0.000109
14,99,0.000000,0.000000,-0.000000
15,0,0.000000,0.000000,-0.000000
15,1,0.001590,0.001591,-0.000105
15,2,0.003181,0.001591,-0.000210
15,3,0.004773,0.001592,-0.000316
15,4,0.006365,0.001593,-0.000421
15,5,0.007959,0.001595,-0.000527
15,6,0.009555,0.001597,-0.000633
15,7,0.011153,0.001599,-0.000740
15,8,0.012753,0.001601,-0.000847
15,9,0.014355,0.001603,-0.000955
15,10,0.015959,0.001606,-0.001063
15,11,0.017566,0.001608,-0.001172
15,12,0.019175,0.001610,-0.001281
15,13,0.020786,0.001612,-0.001391
15,14,0.022399,0.001613,-0.001502
15,15,0.024012,0.001614,-0.001614
15,16,0.025627,0.001614,-0.001726
15,17,0.027241,0.001613,-0.001840
15,18,0.028854,0.001612,-0.001953
15,19,0.030464,0.001609,-0.002068
15,20,0.032072,0.001605,-0.002183
15,21,0.033673,0.001599,-0.002299
15,22,0.035269,0.001591,-0.002415
15,23,0.036856,0.001582,-0.002532
15,24,0.038432,0.001570,-0.002649
15,25,0.039995,0.001555,-0.002766
15,26,0.041543,0.001538,-0.002884
15,27,0.043072,0.001519,-0.003000
15,28,0.044580,0.001496,-0.003117
15,29,0.046063,0.001469,-0.003233
15,30,0.047519,0.001439,-0.003347
15,31,0.048941,0.001405,-0.003461
15,32,0.050329,0.001367,-0.003572
15,33,0.051676,0.001325,-0.003682
15,34,0.052980,0.001279,-0.003789
15,35,0.054234,0.001228,-0.003893
15,36,0.055436,0.001173,-0.003993
15,37,0.056580,0.001113,-0.004090
15,38,0.057662,0.001048,-0.004182
15,39,0.058676,0.000979,-0.004270
15,40,0.059620,0.000906,-0.004352
15,41,0.060488,0.000828,-0.004428
15,42,0.061276,0.000746,-0.004497
15,43,0.061980,0.000660,-0.004560
15,44,0.062597,0.000571,-0.004615
15,45,0.063123,0.000479,-0.004662
15,46,0.063556,0.000384,-0.004701
15,47,0.063891,0.000287,-0.004732
15,48,0.064130,0.000188,-0.004754
15,49,0.064268,0.000089,-0.004767
15,50,0.064307,-0.000012,-0.004770
15,51,0.064244,-0.000112,-0.004765
15,52,0.064082,-0.000212,-0.004751
15,53,0.063820,-0.000311,-0.004727
15,54,0.063460,-0.000408,-0.004695
15,55,0.063003,-0.000503,-0.004655
15,56,0.062453,-0.000596,-0.004606
15,57,0.061812,-0.000685,-0.004549
15,58,0.061084,-0.000771,-0.004485
15,59,0.060270,-0.000853,-0.004414
15,60,0.059378,-0.000931,-0.004337
15,61,0.058409,-0.001005,-0.004253
15,62,0.057369,-0.001074,-0.004164
15,63,0.056261,-0.001139,-0.004070
15,64,0.055091,-0.001199,-0.003972
15,65,0.053863,-0.001255,-0.003870
15,66,0.052582,-0.001306,-0.003764
15,67,0.051251,-0.001353,-0.003655
15,68,0.049877,-0.001395,-0.003544
15,69,0.048461,-0.001433,-0.003431
15,70,0.047010,-0.001468,-0.003315
15,71,0.045526,-0.001498,-0.003199
15,72,0.044014,-0.001525,-0.003081
15,73,0.042476,-0.001549,-0.002963
15,74,0.040917,-0.001569,-0.002844
15,75,0.039338,-0.001587,-0.002725
15,76,0.037744,-0.001601,-0.002606
15,77,0.036135,-0.001614,-0.002487
15,78,0.034516,-0.001624,-0.002368
15,79,0.032887,-0.001632,-0.002249
15,80,0.031252,-0.001639,-0.002131
15,81,0.029610,-0.001644,-0.002014
15,82,0.027964,-0.001647,-0.001897
15,83,0.026315,-0.001650,-0.001781
15,84,0.024665,-0.001651,-0.001665
15,85,0.023013,-0.001652,-0.001550
15,86,0.021362,-0.001651,-0.001436
15,87,0.019710,-0.001651,-0.001323
15,88,0.018060,-0.001650,-0.001210
15,89,0.016411,-0.001648,-0.001098
15,90,0.014764,-0.001647,-0.000986
15,91,0.013118,-0.001645,-0.000875
15,92,0.011474,-0.001643,-0.000764
15,93,0.009831,-0.001642,-0.000654
15,94,0.008190,-0.001640,-0.000545
15,95,0.006550,-0.001639,-0.000435
15,96,0.004912,-0.001638,-0.000326
15,97,0.003274,-0.001637,-0.000217
15,98,0.001637,-0.001637,-0.000109
15,99,0.000000,0.000000,-0.000000
16,0,0.000000,0.000000,-0.000000
16,1,0.001695,0.001696,-0.000105
16,2,0.003391,0.001696,-0.000210
16,3,0.005088,0.001697,-0.000315
16,4,0.006786,0.001699,-0.000420
16,5,0.008486,0.001701,-0.000526
16,6,0.010188,0.001703,-0.000632
16,7,0.011892,0.001706,-0.000738
16,8,0.013599,0.001708,-0.000845
16,9,0.015309,0.001711,-0.000953
16,10,0.017021,0.001714,-0.001061
16,11,0.018737,0.001717,-0.001170
16,12,0.020456,0.001720,-0.001280
16,13,0.022177,0.001723,-0.001390
16,14,0.023901,0.001725,-0.001502
16,15,0.025627,0.001726,-0.001614
16,16,0.027354,0.001727,-0.001727
16,17,0.029082,0.001728,-0.001842
16,18,0.030809,0.001727,-0.001957
16,19,0.032535,0.001725,-0.002073
16,20,0.034258,0.001721,-0.002189
16,21,0.035977,0.001716,-0.002307
16,22,0.037689,0.001709,-0.002425
16,23,0.039394,0.001700,-0.002544
16,24,0.041088,0.001688,-0.002664
16,25,0.042771,0.001674,-0.002784
16,26,0.044436,0.001657,-0.002904
16,27,0.046085,0.001637,-0.003024
16,28,0.047710,0.001613,-0.003144
16,29,0.049311,0.001586,-0.003263
16,30,0.050882,0.001555,-0.003382
16,31,0.052421,0.001520,-0.003499
16,32,0.053922,0.001480,-0.003615
16,33,0.055381,0.001436,-0.003729
16,34,0.056793,0.001387,-0.003841
16,35,0.058155,0.001333,-0.003950
16,36,0.059459,0.001274,-0.004055
16,37,0.060702,0.001210,-0.004157
16,38,0.061878,0.001140,-0.004254
16,39,0.062983,0.001066,-0.004346
16,40,0.064011,0.000987,-0.004433
16,41,0.064957,0.000903,-0.004513
16,42,0.065816,0.000814,-0.004587
16,43,0.066585,0.000721,-0.004653
16,44,0.067258,0.000624,-0.004712
16,45,0.067833,0.000524,-0.004762
16,46,0.068305,0.000420,-0.004804
16,47,0.068674,0.000314,-0.004837
16,48,0.068934,0.000206,-0.004860
16,49,0.069086,0.000097,-0.004874
16,50,0.069128,-0.000013,-0.004878
16,51,0.069061,-0.000123,-0.004872
16,52,0.068883,-0.000232,-0.004857
16,53,0.068598,-0.000340,-0.004832
16,54,0.068204,-0.000446,-0.004798
16,55,0.067706,-0.000549,-0.004755
16,56,0.067105,-0.000650,-0.004703
16,57,0.066406,-0.000747,-0.004643
16,58,0.065611,-0.000840,-0.004575
16,59,0.064726,-0.000929,-0.004500
16,60,0.063753,-0.001013,-0.004418
16,61,0.062699,-0.001093,-0.004330
16,62,0.061567,-0.001168,-0.004236
16,63,0.060364,-0.001237,-0.004137
16,64,0.059093,-0.001302,-0.004034
16,65,0.057761,-0.001361,-0.003927
16,66,0.056371,-0.001415,-0.003816
16,67,0.054930,-0.001465,-0.003703
16,68,0.053441,-0.001509,-0.003587
16,69,0.051911,-0.001550,-0.003469
16,70,0.050342,-0.001585,-0.003350
16,71,0.048741,-0.001617,-0.003230
16,72,0.047108,-0.001645,-0.003109
16,73,0.045451,-0.001669,-0.002987
16,74,0.043771,-0.001689,-0.002865
16,75,0.042072,-0.001707,-0.002743
16,76,0.040357,-0.001722,-0.002621
16,77,0.038629,-0.001734,-0.002499
16,78,0.036889,-0.001744,-0.002378
16,79,0.035141,-0.001751,-0.002258
16,80,0.033386,-0.001757,-0.002138
16,81,0.031627,-0.001762,-0.002019
16,82,0.029863,-0.001764,-0.001901
16,83,0.028098,-0.001766,-0.001783
16,84,0.026331,-0.001767,-0.001667
16,85,0.024564,-0.001766,-0.001551
16,86,0.022798,-0.001766,-0.001436
16,87,0.021033,-0.001764,-0.001322
16,88,0.019270,-0.001762,-0.001209
16,89,0.017508,-0.001760,-0.001097
16,90,0.015749,-0.001758,-0.000985
16,91,0.013992,-0.001756,-0.000874
16,92,0.012237,-0.001754,-0.000763
16,93,0.010485,-0.001752,-0.000653
16,94,0.008734,-0.001750,-0.000544
16,95,0.006985,-0.001748,-0.000434
16,96,0.005237,-0.001747,-0.000325
16,97,0.003491,-0.001746,-0.000217
16,98,0.001745,-0.001745,-0.000108
16,99,0.000000,0.000000,-0.000000
17,0,0.000000,0.000000,-0.000000
17,1,0.001800,0.001800,-0.000104
17,2,0.003601,0.001801,-0.000209
17,3,0.005402,0.001802,-0.000314
17,4,0.007205,0.001804,-0.000419
17,5,0.009011,0.001807,-0.000524
17,6,0.010818,0.001809,-0.000630
17,7,0.012629,0.001812,-0.000736
17,8,0.014443,0.001816,-0.000843
17,9,0.016260,0.001819,-0.000950
17,10,0.018081,0.001823,-0.001058
17,11,0.019906,0.001827,-0.001168
17,12,0.021735,0.001830,-0.001278
17,13,0.023567,0.001834,-0.001389
17,14,0.025403,0.001837,-0.001500
17,15,0.027241,0.001840,-0.001613
17,16,0.029082,0.001842,-0.001728
17,17,0.030924,0.001843,-0.001843
17,18,0.032767,0.001843,-0.001959
17,19,0.034609,0.001842,-0.002076
17,20,0.036450,0.001839,-0.002195
17,21,0.038287,0.001835,-0.002314
17,22,0.040120,0.001828,-0.002435
17,23,0.041944,0.001820,-0.002556
17,24,0.043760,0.001809,-0.002678
17,25,0.045562,0.001795,-0.002801
17,26,0.047351,0.001779,-0.002924
17,27,0.049120,0.001759,-0.003048
17,28,0.050868,0.001735,-0.003171
17,29,0.052589,0.001707,-0.003295
17,30,0.054282,0.001675,-0.003417
17,31,0.055939,0.001639,-0.003539
17,32,0.057559,0.001597,-0.003660
17,33,0.059134,0.001551,-0.003779
17,34,0.060661,0.001500,-0.003896
17,35,0.062133,0.001443,-0.004010
17,36,0.063546,0.001380,-0.004121
17,37,0.064893,0.001312,-0.004228
17,38,0.066170,0.001238,-0.004331
17,39,0.067368,0.001158,-0.004428
17,40,0.068486,0.001073,-0.004520
17,41,0.069514,0.000982,-0.004605
17,42,0.070450,0.000886,-0.004684
17,43,0.071287,0.000786,-0.004755
17,44,0.072021,0.000680,-0.004817
17,45,0.072647,0.000571,-0.004871
17,46,0.073164,0.000459,-0.004916
17,47,0.073565,0.000343,-0.004951
17,48,0.073850,0.000226,-0.004976
17,49,0.074016,0.000106,-0.004991
17,50,0.074063,-0.000013,-0.004996
17,51,0.073989,-0.000133,-0.004990
17,52,0.073797,-0.000252,-0.004973
17,53,0.073484,-0.000370,-0.004947
17,54,0.073056,-0.000486,-0.004910
17,55,0.072513,-0.000598,-0.004864
17,56,0.071860,-0.000708,-0.004809
17,57,0.071098,-0.000813,-0.004745
17,58,0.070234,-0.000914,-0.004672
17,59,0.069270,-0.001010,-0.004592
17,60,0.068214,-0.001101,-0.004505
17,61,0.067068,-0.001186,-0.004412
17,62,0.065841,-0.001266,-0.004313
17,63,0.064535,-0.001341,-0.004209
17,64,0.063159,-0.001409,-0.004100
17,65,0.061716,-0.001472,-0.003987
17,66,0.060215,-0.001530,-0.003872
17,67,0.058657,-0.001582,-0.003753
17,68,0.057051,-0.001628,-0.003633
17,69,0.055400,-0.001670,-0.003510
17,70,0.053711,-0.001707,-0.003386
17,71,0.051986,-0.001740,-0.003262
17,72,0.050231,-0.001768,-0.003137
17,73,0.048450,-0.001792,-0.003011
17,74,0.046647,-0.001813,-0.002886
17,75,0.044824,-0.001830,-0.002761
17,76,0.042986,-0.001845,-0.002636
17,77,0.041134,-0.001856,-0.002512
17,78,0.039273,-0.001866,-0.002388
17,79,0.037403,-0.001873,-0.002266
17,80,0.035528,-0.001878,-0.002144
17,81,0.033648,-0.001881,-0.002023
17,82,0.031766,-0.001883,-0.001904
17,83,0.029882,-0.001884,-0.001785
17,84,0.027999,-0.001883,-0.001668
17,85,0.026116,-0.001882,-0.001551
17,86,0.024234,-0.001880,-0.001436
17,87,0.022355,-0.001878,-0.001321
17,88,0.020478,-0.001875,-0.001208
17,89,0.018604,-0.001873,-0.001095
17,90,0.016733,-0.001870,-0.000983
17,91,0.014865,-0.001867,-0.000872
17,92,0.013000,-0.001864,-0.000761
17,93,0.011137,-0.001861,-0.000651
17,94,0.009277,-0.001859,-0.000542
17,95,0.007419,-0.001857,-0.000433
17,96,0.005562,-0.001856,-0.000324
17,97,0.003708,-0.001854,-0.000216
17,98,0.001854,-0.001854,-0.000108
17,99,0.000000,0.000000,-0.000000
18,0,0.000000,0.000000,-0.000000
18,1,0.001904,0.001904,-0.000104
18,2,0.003809,0.001905,-0.000208
18,3,0.005715,0.001907,-0.000312
18,4,0.007623,0.001909,-0.000417
18,5,0.009533,0.001912,-0.000521
18,6,0.011447,0.001915,-0.000627
18,7,0.013364,0.001919,-0.000733
18,8,0.015284,0.001923,-0.000839
18,9,0.017209,0.001927,-0.000947
18,10,0.019138,0.001932,-0.001055
18,11,0.021072,0.001936,-0.001164
18,12,0.023011,0.001941,-0.001274
18,13,0.024954,0.001945,-0.001386
18,14,0.026902,0.001950,-0.001498
18,15,0.028854,0.001953,-0.001612
18,16,0.030809,0.001957,-0.001727
18,17,0.032767,0.001959,-0.001843
18,18,0.034727,0.001960,-0.001960
18,19,0.036688,0.001960,-0.002079
18,20,0.038647,0.001959,-0.002199
18,21,0.040605,0.001956,-0.002320
18,22,0.042558,0.001951,-0.002443
18,23,0.044506,0.001943,-0.002567
18,24,0.046444,0.001933,-0.002692
18,25,0.048372,0.001920,-0.002817
18,26,0.050284,0.001904,-0.002944
18,27,0.052180,0.001884,-0.003071
18,28,0.054052,0.001860,-0.003199
18,29,0.055900,0.001832,-0.003327
18,30,0.057717,0.001800,-0.003454
18,31,0.059500,0.001762,-0.003581
18,32,0.061242,0.001720,-0.003707
18,33,0.062939,0.001672,-0.003831
18,34,0.064585,0.001618,-0.003954
18,35,0.066175,0.001558,-0.004074
18,36,0.067701,0.001492,-0.004191
18,37,0.069158,0.001419,-0.004304
18,38,0.070539,0.001341,-0.004412
18,39,0.071840,0.001256,-0.004516
18,40,0.073050,0.001164,-0.004614
18,41,0.074168,0.001067,-0.004705
18,42,0.075184,0.000963,-0.004789
18,43,0.076095,0.000855,-0.004865
18,44,0.076893,0.000741,-0.004932
18,45,0.077576,0.000622,-0.004990
18,46,0.078138,0.000500,-0.005038
18,47,0.078576,0.000374,-0.005076
18,48,0.078886,0.000246,-0.005103
18,49,0.079069,0.000117,-0.005119
18,50,0.079119,-0.000014,-0.005124
18,51,0.079040,-0.000145,-0.005117
18,52,0.078830,-0.000275,-0.005100
18,53,0.078491,-0.000403,-0.005071
18,54,0.078024,-0.000528,-0.005032
18,55,0.077435,-0.000651,-0.004983
18,56,0.076723,-0.000769,-0.004923
18,57,0.075896,-0.000883,-0.004855
18,58,0.074956,-0.000993,-0.004777
18,59,0.073911,-0.001096,-0.004692
18,60,0.072764,-0.001194,-0.004599
18,61,0.071523,-0.001285,-0.004500
18,62,0.070193,-0.001371,-0.004395
18,63,0.068781,-0.001450,-0.004285
18,64,0.067293,-0.001523,-0.004170
18,65,0.065736,-0.001589,-0.004052
18,66,0.064114,-0.001650,-0.003930
18,67,0.062437,-0.001704,-0.003806
18,68,0.060706,-0.001753,-0.003680
18,69,0.058931,-0.001796,-0.003552
18,70,0.057115,-0.001834,-0.003424
18,71,0.055264,-0.001867,-0.003294
18,72,0.053382,-0.001895,-0.003165
18,73,0.051474,-0.001920,-0.003035
18,74,0.049542,-0.001940,-0.002906
18,75,0.047593,-0.001957,-0.002778
18,76,0.045628,-0.001971,-0.002650
18,77,0.043652,-0.001981,-0.002523
18,78,0.041666,-0.001990,-0.002397
18,79,0.039673,-0.001996,-0.002273
18,80,0.037674,-0.002000,-0.002149
18,81,0.035674,-0.002002,-0.002027
18,82,0.033671,-0.002003,-0.001906
18,83,0.031668,-0.002002,-0.001786
18,84,0.029666,-0.002001,-0.001668
18,85,0.027667,-0.001998,-0.001550
18,86,0.025669,-0.001996,-0.001434
18,87,0.023676,-0.001992,-0.001319
18,88,0.021685,-0.001989,-0.001205
18,89,0.019698,-0.001985,-0.001092
18,90,0.017715,-0.001981,-0.000980
18,91,0.015736,-0.001978,-0.000869
18,92,0.013760,-0.001974,-0.000759
18,93,0.011787,-0.001971,-0.000649
18,94,0.009818,-0.001968,-0.000540
18,95,0.007851,-0.001966,-0.000431
18,96,0.005886,-0.001964,-0.000323
18,97,0.003923,-0.001962,-0.000215
18,98,0.001961,-0.001962,-0.000108
18,99,0.000000,0.000000,-0.000000
19,0,0.000000,0.000000,-0.000000
19,1,0.002008,0.002008,-0.000103
19,2,0.004016,0.002009,-0.000207
19,3,0.006026,0.002011,-0.000310
19,4,0.008039,0.002014,-0.000414
19,5,0.010053,0.002017,-0.000519
19,6,0.012072,0.002021,-0.000624
19,7,0.014095,0.002025,-0.000729
19,8,0.016122,0.002030,-0.000836
19,9,0.018154,0.002035,-0.000943
19,10,0.020192,0.002040,-0.001051
19,11,0.022235,0.002046,-0.001160
19,12,0.024284,0.002052,-0.001270
19,13,0.026338,0.002058,-0.001382
19,14,0.028399,0.002063,-0.001495
19,15,0.030464,0.002068,-0.001609
19,16,0.032535,0.002073,-0.001725
19,17,0.034609,0.002076,-0.001842
19,18,0.036688,0.002079,-0.001960
19,19,0.038767,0.002080,-0.002080
19,20,0.040849,0.002080,-0.002202
19,21,0.042928,0.002079,-0.002326
19,22,0.045006,0.002075,-0.002450
19,23,0.047078,0.002069,-0.002577
19,24,0.049143,0.002060,-0.002705
19,25,0.051197,0.002048,-0.002834
19,26,0.053239,0.002032,-0.002964
19,27,0.055262,0.002013,-0.003095
19,28,0.057266,0.001990,-0.003227
19,29,0.059242,0.001962,-0.003359
19,30,0.061190,0.001929,-0.003491
19,31,0.063101,0.001891,-0.003624
19,32,0.064973,0.001848,-0.003755
19,33,0.066797,0.001798,-0.003886
19,34,0.068569,0.001742,-0.004014
19,35,0.070281,0.001679,-0.004141
19,36,0.071928,0.001610,-0.004264
19,37,0.073500,0.001533,-0.004384
19,38,0.074995,0.001450,-0.004499
19,39,0.076400,0.001359,-0.004610
19,40,0.077713,0.001262,-0.004714
19,41,0.078924,0.001157,-0.004812
19,42,0.080028,0.001046,-0.004902
19,43,0.081016,0.000929,-0.004983
19,44,0.081885,0.000806,-0.005056
19,45,0.082627,0.000677,-0.005118
19,46,0.083239,0.000545,-0.005170
19,47,0.083716,0.000408,-0.005211
19,48,0.084056,0.000269,-0.005240
19,49,0.084253,0.000127,-0.005258
19,50,0.084310,-0.000015,-0.005263
19,51,0.084224,-0.000157,-0.005256
19,52,0.083996,-0.000298,-0.005238
19,53,0.083627,-0.000438,-0.005207
19,54,0.083121,-0.000574,-0.005165
19,55,0.082478,-0.000707,-0.005111
19,56,0.081706,-0.000836,-0.005047
19,57,0.080807,-0.000959,-0.004973
19,58,0.079788,-0.001077,-0.004890
19,59,0.078654,-0.001188,-0.004799
19,60,0.077412,-0.001293,-0.004700
19,61,0.076068,-0.001391,-0.004594
19,62,0.074631,-0.001482,-0.004482
19,63,0.073104,-0.001566,-0.004365
19,64,0.071499,-0.001642,-0.004244
19,65,0.069820,-0.001712,-0.004119
19,66,0.068075,-0.001775,-0.003991
19,67,0.066269,-0.001832,-0.003861
19,68,0.064411,-0.001882,-0.003729
19,69,0.062504,-0.001926,-0.003595
19,70,0.060558,-0.001965,-0.003461
19,71,0.058574,-0.001998,-0.003327
19,72,0.056561,-0.002027,-0.003193
19,73,0.054521,-0.002051,-0.003060
19,74,0.052460,-0.002071,-0.002927
19,75,0.050379,-0.002087,-0.002795
19,76,0.048286,-0.002099,-0.002664
19,77,0.046181,-0.002109,-0.002534
19,78,0.044068,-0.002116,-0.002406
19,79,0.041948,-0.002121,-0.002279
19,80,0.039826,-0.002123,-0.002153
19,81,0.037702,-0.002124,-0.002029
19,82,0.035578,-0.002124,-0.001907
19,83,0.033454,-0.002122,-0.001786
19,84,0.031334,-0.002119,-0.001666
19,85,0.029216,-0.002116,-0.001548
19,86,0.027103,-0.002111,-0.001432
19,87,0.024993,-0.002107,-0.001316
19,88,0.022889,-0.002102,-0.001202
19,89,0.020789,-0.002097,-0.001089
19,90,0.018694,-0.002093,-0.000977
19,91,0.016603,-0.002088,-0.000866
19,92,0.014517,-0.002084,-0.000756
19,93,0.012435,-0.002080,-0.000646
19,94,0.010357,-0.002077,-0.000538
19,95,0.008282,-0.002074,-0.000429
19,96,0.006209,-0.002072,-0.000322
19,97,0.004138,-0.002070,-0.000214
19,98,0.002069,-0.002069,-0.000107
19,99,0.000000,0.000000,-0.000000
20,0,0.000000,0.000000,-0.000000
20,1,0.002111,0.002111,-0.000103
20,2,0.004222,0.002112,-0.000205
20,3,0.006336,0.002115,-0.000308
20,4,0.008452,0.002118,-0.000412
20,5,0.010571,0.002121,-0.000515
20,6,0.012694,0.002126,-0.000620
20,7,0.014822,0.002131,-0.000725
20,8,0.016955,0.002136,-0.000831
20,9,0.019095,0.002142,-0.000938
20,10,0.021240,0.002149,-0.001046
20,11,0.023393,0.002156,-0.001155
20,12,0.025552,0.002163,-0.001265
20,13,0.027718,0.002170,-0.001377
20,14,0.029891,0.002177,-0.001490
20,15,0.032072,0.002183,-0.001605
20,16,0.034258,0.002189,-0.001721
20,17,0.036450,0.002195,-0.001839
20,18,0.038647,0.002199,-0.001959
20,19,0.040849,0.002202,-0.002080
20,20,0.043052,0.002204,-0.002204
20,21,0.045256,0.002204,-0.002329
20,22,0.047459,0.002202,-0.002456
20,23,0.049660,0.002197,-0.002585
20,24,0.051854,0.002190,-0.002716
20,25,0.054039,0.002179,-0.002849
20,26,0.056212,0.002165,-0.002982
20,27,0.058369,0.002147,-0.003118
20,28,0.060506,0.002124,-0.003254
20,29,0.062618,0.002097,-0.003391
20,30,0.064700,0.002064,-0.003529
20,31,0.066747,0.002026,-0.003667
20,32,0.068752,0.001982,-0.003805
20,33,0.070710,0.001931,-0.003942
20,34,0.072613,0.001873,-0.004077
20,35,0.074456,0.001808,-0.004211
20,36,0.076229,0.001735,-0.004341
20,37,0.077926,0.001655,-0.004469
20,38,0.079538,0.001566,-0.004592
20,39,0.081059,0.001470,-0.004710
20,40,0.082479,0.001366,-0.004822
20,41,0.083791,0.001254,-0.004926
20,42,0.084987,0.001135,-0.005023
20,43,0.086061,0.001009,-0.005111
20,44,0.087004,0.000876,-0.005190
20,45,0.087813,0.000737,-0.005257
20,46,0.088478,0.000593,-0.005314
20,47,0.088998,0.000445,-0.005358
20,48,0.089367,0.000293,-0.005390
20,49,0.089584,0.000139,-0.005409
20,50,0.089646,-0.000015,-0.005415
20,51,0.089553,-0.000170,-0.005408
20,52,0.089305,-0.000324,-0.005387
20,53,0.088905,-0.000476,-0.005354
20,54,0.088353,-0.000624,-0.005308
20,55,0.087657,-0.000768,-0.005250
20,56,0.086817,-0.000907,-0.005181
20,57,0.085843,-0.001040,-0.005102
20,58,0.084737,-0.001167,-0.005012
20,59,0.083509,-0.001287,-0.004914
20,60,0.082164,-0.001399,-0.004808
20,61,0.080711,-0.001503,-0.004694
20,62,0.079157,-0.001600,-0.004575
20,63,0.077512,-0.001688,-0.004451
20,64,0.075781,-0.001769,-0.004322
20,65,0.073974,-0.001842,-0.004189
20,66,0.072096,-0.001908,-0.004054
20,67,0.070158,-0.001966,-0.003917
20,68,0.068164,-0.002018,-0.003779
20,69,0.066122,-0.002063,-0.003639
20,70,0.064038,-0.002102,-0.003500
20,71,0.061919,-0.002135,-0.003360
20,72,0.059768,-0.002163,-0.003221
20,73,0.057593,-0.002186,-0.003083
20,74,0.055396,-0.002205,-0.002946
20,75,0.053183,-0.002220,-0.002810
20,76,0.050956,-0.002231,-0.002676
20,77,0.048720,-0.002240,-0.002543
20,78,0.046477,-0.002245,-0.002412
20,79,0.044230,-0.002248,-0.002283
20,80,0.041981,-0.002249,-0.002156
20,81,0.039732,-0.002248,-0.002030
20,82,0.037484,-0.002246,-0.001906
20,83,0.035240,-0.002243,-0.001784
20,84,0.032999,-0.002238,-0.001664
20,85,0.030763,-0.002233,-0.001545
20,86,0.028532,-0.002228,-0.001428
20,87,0.026308,-0.002222,-0.001312
20,88,0.024089,-0.002216,-0.001198
20,89,0.021876,-0.002210,-0.001084
20,90,0.019669,-0.002204,-0.000973
20,91,0.017468,-0.002199,-0.000862
20,92,0.015271,-0.002194,-0.000752
20,93,0.013080,-0.002189,-0.000643
20,94,0.010893,-0.002185,-0.000535
20,95,0.008710,-0.002182,-0.000427
20,96,0.006530,-0.002179,-0.000320
20,97,0.004352,-0.002177,-0.000213
20,98,0.002176,-0.002176,-0.000106
20,99,0.000000,0.000000,-0.000000
21,0,0.000000,0.000000,-0.000000
21,1,0.002213,0.002213,-0.000102
21,2,0.004427,0.002215,-0.000204
21,3,0.006643,0.002217,-0.000306
21,4,0.008862,0.002221,-0.000408
21,5,0.011084,0.002225,-0.000511
21,6,0.013312,0.002230,-0.000615
21,7,0.015544,0.002236,-0.000720
21,8,0.017783,0.002242,-0.000825
21,9,0.020029,0.002250,-0.000932
21,10,0.022283,0.002257,-0.001039
21,11,0.024544,0.002266,-0.001148
21,12,0.026814,0.002274,-0.001258
21,13,0.029092,0.002282,-0.001370
21,14,0.031379,0.002291,-0.001484
21,15,0.033673,0.002299,-0.001599
21,16,0.035977,0.002307,-0.001716
21,17,0.038287,0.002314,-0.001835
21,18,0.040605,0.002320,-0.001956
21,19,0.042928,0.002326,-0.002079
21,20,0.045256,0.002329,-0.002204
21,21,0.047587,0.002331,-0.002331
21,22,0.049919,0.002331,-0.002461
21,23,0.052249,0.002328,-0.002592
21,24,0.054576,0.002323,-0.002726
21,25,0.056894,0.002314,-0.002862
21,26,0.059204,0.002302,-0.003000
21,27,0.061498,0.002285,-0.003140
21,28,0.063774,0.002264,-0.003281
21,29,0.066025,0.002237,-0.003423
21,30,0.068248,0.002205,-0.003567
21,31,0.070435,0.002167,-0.003711
21,32,0.072582,0.002122,-0.003855
21,33,0.074680,0.002070,-0.003999
21,34,0.076723,0.002011,-0.004142
21,35,0.078702,0.001944,-0.004283
21,36,0.080610,0.001868,-0.004422
21,37,0.082438,0.001784,-0.004558
21,38,0.084178,0.001691,-0.004690
21,39,0.085820,0.001589,-0.004816
21,40,0.087356,0.001478,-0.004936
21,41,0.088776,0.001359,-0.005049
21,42,0.090074,0.001231,-0.005154
21,43,0.091238,0.001095,-0.005249
21,44,0.092264,0.000952,-0.005334
21,45,0.093141,0.000801,-0.005408
21,46,0.093867,0.000645,-0.005469
21,47,0.094432,0.000484,-0.005518
21,48,0.094835,0.000320,-0.005553
21,49,0.095071,0.000152,-0.005573
21,50,0.095140,-0.000016,-0.005580
21,51,0.095039,-0.000185,-0.005572
21,52,0.094771,-0.000352,-0.005550
21,53,0.094335,-0.000517,-0.005514
21,54,0.093737,-0.000678,-0.005464
21,55,0.092979,-0.000834,-0.005401
21,56,0.092069,-0.000984,-0.005326
21,57,0.091010,-0.001128,-0.005240
21,58,0.089813,-0.001264,-0.005143
21,59,0.088481,-0.001393,-0.005037
21,60,0.087028,-0.001512,-0.004922
21,61,0.085457,-0.001623,-0.004801
21,62,0.083781,-0.001726,-0.004673
21,63,0.082005,-0.001819,-0.004540
21,64,0.080143,-0.001904,-0.004403
21,65,0.078198,-0.001980,-0.004263
21,66,0.076183,-0.002048,-0.004120
21,67,0.074103,-0.002108,-0.003975
21,68,0.071968,-0.002160,-0.003830
21,69,0.069783,-0.002205,-0.003684
21,70,0.067557,-0.002244,-0.003538
21,71,0.065295,-0.002277,-0.003393
21,72,0.063004,-0.002304,-0.003249
21,73,0.060687,-0.002326,-0.003106
21,74,0.058352,-0.002343,-0.002964
21,75,0.056000,-0.002357,-0.002825
21,76,0.053638,-0.002366,-0.002687
21,77,0.051267,-0.002373,-0.002551
21,78,0.048892,-0.002376,-0.002417
21,79,0.046515,-0.002377,-0.002286
21,80,0.044138,-0.002376,-0.002156
21,81,0.041762,-0.002374,-0.002029
21,82,0.039390,-0.002370,-0.001904
21,83,0.037022,-0.002364,-0.001781
21,84,0.034661,-0.002358,-0.001659
21,85,0.032306,-0.002352,-0.001540
21,86,0.029958,-0.002344,-0.001422
21,87,0.027617,-0.002337,-0.001306
21,88,0.025284,-0.002330,-0.001192
21,89,0.022958,-0.002322,-0.001079
21,90,0.020639,-0.002315,-0.000967
21,91,0.018327,-0.002309,-0.000857
21,92,0.016021,-0.002303,-0.000747
21,93,0.013721,-0.002298,-0.000639
21,94,0.011426,-0.002293,-0.000531
21,95,0.009136,-0.002289,-0.000424
21,96,0.006849,-0.002286,-0.000318
21,97,0.004564,-0.002283,-0.000212
21,98,0.002282,-0.002282,-0.000106
21,99,0.000000,0.000000,-0.000000
22,0,0.000000,0.000000,-0.000000
22,1,0.002314,0.002315,-0.000101
22,2,0.004630,0.002317,-0.000202
22,3,0.006947,0.002319,-0.000303
22,4,0.009268,0.002323,-0.000405
22,5,0.011594,0.002328,-0.000507
22,6,0.013924,0.002334,-0.000610
22,7,0.016261,0.002341,-0.000714
22,8,0.018605,0.002348,-0.000818
22,9,0.020958,0.002356,-0.000924
22,10,0.023318,0.002365,-0.001032
22,11,0.025689,0.002375,-0.001140
22,12,0.028068,0.002385,-0.001250
22,13,0.030459,0.002395,-0.001362
22,14,0.032858,0.002405,-0.001476
22,15,0.035269,0.002415,-0.001591
22,16,0.037689,0.002425,-0.001709
22,17,0.040120,0.002435,-0.001828
22,18,0.042558,0.002443,-0.001951
22,19,0.045006,0.002450,-0.002075
22,20,0.047459,0.002456,-0.002202
22,21,0.049919,0.002461,-0.002331
22,22,0.052381,0.002463,-0.002463
22,23,0.054845,0.002463,-0.002597
22,24,0.057306,0.002459,-0.002734
22,25,0.059763,0.002453,-0.002874
22,26,0.062212,0.002442,-0.003016
22,27,0.064648,0.002428,-0.003160
22,28,0.067067,0.002408,-0.003306
22,29,0.069465,0.002383,-0.003454
22,30,0.071833,0.002352,-0.003604
22,31,0.074169,0.002315,-0.003755
22,32,0.076462,0.002270,-0.003906
22,33,0.078709,0.002218,-0.004058
22,34,0.080898,0.002157,-0.004209
22,35,0.083023,0.002088,-0.004359
22,36,0.085073,0.002010,-0.004507
22,37,0.087042,0.001922,-0.004652
22,38,0.088917,0.001824,-0.004792
22,39,0.090691,0.001717,-0.004928
22,40,0.092351,0.001599,-0.005058
22,41,0.093890,0.001472,-0.005180
22,42,0.095295,0.001335,-0.005294
22,43,0.096559,0.001189,-0.005397
22,44,0.097672,0.001034,-0.005490
22,45,0.098628,0.000872,-0.005570
22,46,0.099416,0.000703,-0.005638
22,47,0.100033,0.000528,-0.005691
22,48,0.100472,0.000349,-0.005729
22,49,0.100731,0.000167,-0.005752
22,50,0.100805,-0.000017,-0.005760
22,51,0.100697,-0.000200,-0.005751
22,52,0.100405,-0.000383,-0.005727
22,53,0.099932,-0.000562,-0.005687
22,54,0.099281,-0.000737,-0.005633
22,55,0.098459,-0.000906,-0.005564
22,56,0.097469,-0.001069,-0.005482
22,57,0.096322,-0.001223,-0.005388
22,58,0.095022,-0.001370,-0.005283
22,59,0.093582,-0.001507,-0.005168
22,60,0.092008,-0.001635,-0.005045
22,61,0.090313,-0.001753,-0.004914
22,62,0.088503,-0.001860,-0.004776
22,63,0.086592,-0.001958,-0.004634
22,64,0.084587,-0.002047,-0.004488
22,65,0.082499,-0.002126,-0.004338
22,66,0.080335,-0.002195,-0.004187
22,67,0.078108,-0.002256,-0.004034
22,68,0.075823,-0.002309,-0.003881
22,69,0.073490,-0.002355,-0.003728
22,70,0.071114,-0.002393,-0.003576
22,71,0.068704,-0.002424,-0.003424
22,72,0.066265,-0.002450,-0.003275
22,73,0.063804,-0.002471,-0.003127
22,74,0.061324,-0.002486,-0.002981
22,75,0.058832,-0.002497,-0.002837
22,76,0.056329,-0.002505,-0.002696
22,77,0.053822,-0.002509,-0.002557
22,78,0.051311,-0.002510,-0.002420
22,79,0.048802,-0.002509,-0.002287
22,80,0.046293,-0.002506,-0.002155
22,81,0.043790,-0.002501,-0.002026
22,82,0.041292,-0.002494,-0.001900
22,83,0.038801,-0.002487,-0.001775
22,84,0.036318,-0.002479,-0.001653
22,85,0.033843,-0.002470,-0.001533
22,86,0.031377,-0.002461,-0.001415
22,87,0.028921,-0.002452,-0.001299
22,88,0.026473,-0.002443,-0.001185
22,89,0.024034,-0.002435,-0.001072
22,90,0.021603,-0.002426,-0.000961
22,91,0.019181,-0.002419,-0.000851
22,92,0.016766,-0.002412,-0.000742
22,93,0.014358,-0.002405,-0.000634
22,94,0.011955,-0.002400,-0.000527
22,95,0.009558,-0.002395,-0.000421
22,96,0.007165,-0.002392,-0.000315
22,97,0.004775,-0.002389,-0.000210
22,98,0.002387,-0.002387,-0.000105
22,99,0.000000,0.000000,-0.000000
23,0,0.000000,0.000000,-0.000000
23,1,0.002415,0.002415,-0.000100
23,2,0.004831,0.002417,-0.000200
23,3,0.007249,0.002420,-0.000300
23,4,0.009671,0.002425,-0.000401
23,5,0.012098,0.002430,-0.000502
23,6,0.014532,0.002437,-0.000604
23,7,0.016972,0.002444,-0.000707
23,8,0.019420,0.002453,-0.000811
23,9,0.021878,0.002463,-0.000916
23,10,0.024346,0.002473,-0.001023
23,11,0.026824,0.002484,-0.001131
23,12,0.029314,0.002496,-0.001241
23,13,0.031816,0.002508,-0.001352
23,14,0.034330,0.002520,-0.001466
23,15,0.036856,0.002532,-0.001582
23,16,0.039394,0.002544,-0.001700
23,17,0.041944,0.002556,-0.001820
23,18,0.044506,0.002567,-0.001943
23,19,0.047078,0.002577,-0.002069
23,20,0.049660,0.002585,-0.002197
23,21,0.052249,0.002592,-0.002328
23,22,0.054845,0.002597,-0.002463
23,23,0.057443,0.002600,-0.002600
23,24,0.060044,0.002599,-0.002740
23,25,0.062642,0.002595,-0.002883
23,26,0.065235,0.002588,-0.003029
23,27,0.067817,0.002575,-0.003178
23,28,0.070386,0.002558,-0.003330
23,29,0.072933,0.002535,-0.003484
23,30,0.075456,0.002506,-0.003640
23,31,0.077945,0.002469,-0.003798
23,32,0.080395,0.002425,-0.003957
23,33,0.082795,0.002373,-0.004117
23,34,0.085141,0.002312,-0.004277
23,35,0.087419,0.002241,-0.004436
23,36,0.089624,0.002161,-0.004594
23,37,0.091741,0.002070,-0.004749
23,38,0.093763,0.001968,-0.004901
23,39,0.095676,0.001854,-0.005047
23,40,0.097472,0.001730,-0.005187
23,41,0.099137,0.001595,-0.005320
23,42,0.100661,0.001448,-0.005444
23,43,0.102033,0.001291,-0.005557
23,44,0.103244,0.001125,-0.005658
23,45,0.104282,0.000949,-0.005747
23,46,0.105142,0.000766,-0.005821
23,47,0.105814,0.000576,-0.005879
23,48,0.106294,0.000381,-0.005922
23,49,0.106576,0.000183,-0.005947
23,50,0.106659,-0.000017,-0.005955
23,51,0.106541,-0.000218,-0.005946
23,52,0.106224,-0.000416,-0.005919
23,53,0.105709,-0.000611,-0.005875
23,54,0.105002,-0.000801,-0.005816
23,55,0.104107,-0.000985,-0.005740
23,56,0.103033,-0.001160,-0.005651
23,57,0.101786,-0.001327,-0.005548
23,58,0.100379,-0.001484,-0.005433
23,59,0.098818,-0.001631,-0.005308
23,60,0.097117,-0.001767,-0.005174
23,61,0.095284,-0.001892,-0.005033
23,62,0.093334,-0.002005,-0.004885
23,63,0.091274,-0.002108,-0.004732
23,64,0.089118,-0.002199,-0.004576
23,65,0.086875,-0.002280,-0.004416
23,66,0.084557,-0.002352,-0.004256
23,67,0.082172,-0.002413,-0.004094
23,68,0.079731,-0.002466,-0.003933
23,69,0.077239,-0.002511,-0.003772
23,70,0.074709,-0.002548,-0.003612
23,71,0.072144,-0.002578,-0.003455
23,72,0.069553,-0.002602,-0.003299
23,73,0.066940,-0.002620,-0.003146
23,74,0.064313,-0.002633,-0.002995
23,75,0.061674,-0.002642,-0.002847
23,76,0.059029,-0.002647,-0.002702
23,77,0.056381,-0.002648,-0.002560
23,78,0.053733,-0.002647,-0.002421
23,79,0.051088,-0.002643,-0.002285
23,80,0.048448,-0.002637,-0.002152
23,81,0.045814,-0.002629,-0.002021
23,82,0.043189,-0.002620,-0.001893
23,83,0.040573,-0.002611,-0.001768
23,84,0.037968,-0.002600,-0.001645
23,85,0.035373,-0.002589,-0.001525
23,86,0.032789,-0.002578,-0.001407
23,87,0.030216,-0.002568,-0.001291
23,88,0.027654,-0.002557,-0.001176
23,89,0.025102,-0.002547,-0.001064
23,90,0.022561,-0.002537,-0.000953
23,91,0.020028,-0.002528,-0.000843
23,92,0.017505,-0.002520,-0.000735
23,93,0.014989,-0.002512,-0.000628
23,94,0.012480,-0.002506,-0.000522
23,95,0.009977,-0.002501,-0.000417
23,96,0.007479,-0.002497,-0.000312
23,97,0.004984,-0.002494,-0.000208
23,98,0.002491,-0.002492,-0.000104
23,99,0.000000,0.000000,-0.000000
24,0,0.000000,0.000000,-0.000000
24,1,0.002514,0.002515,-0.000099
24,2,0.005029,0.002517,-0.000197
24,3,0.007547,0.002520,-0.000296
24,4,0.010069,0.002525,-0.000396
24,5,0.012597,0.002531,-0.000496
24,6,0.015132,0.002539,-0.000597
24,7,0.017675,0.002547,-0.000699
24,8,0.020227,0.002557,-0.000802
24,9,0.022790,0.002568,-0.000906
24,10,0.025363,0.002580,-0.001012
24,11,0.027950,0.002593,-0.001120
24,12,0.030549,0.002606,-0.001229
24,13,0.033163,0.002620,-0.001340
24,14,0.035790,0.002635,-0.001454
24,15,0.038432,0.002649,-0.001570
24,16,0.041088,0.002664,-0.001688
24,17,0.043760,0.002678,-0.001809
24,18,0.046444,0.002692,-0.001933
24,19,0.049143,0.002705,-0.002060
24,20,0.051854,0.002716,-0.002190
24,21,0.054576,0.002726,-0.002323
24,22,0.057306,0.002734,-0.002459
24,23,0.060044,0.002740,-0.002599
24,24,0.062786,0.002743,-0.002743
24,25,0.065530,0.002742,-0.002890
24,26,0.068270,0.002737,-0.003040
24,27,0.071005,0.002728,-0.003194
24,28,0.073726,0.002714,-0.003351
24,29,0.076432,0.002693,-0.003511
24,30,0.079113,0.002666,-0.003674
24,31,0.081764,0.002632,-0.003840
24,32,0.084376,0.002589,-0.004007
24,33,0.086943,0.002538,-0.004176
24,34,0.089452,0.002477,-0.004346
24,35,0.091896,0.002405,-0.004516
24,36,0.094262,0.002322,-0.004684
24,37,0.096541,0.002228,-0.004851
24,38,0.098718,0.002122,-0.005014
24,39,0.100785,0.002003,-0.005172
24,40,0.102725,0.001872,-0.005324
24,41,0.104529,0.001728,-0.005469
24,42,0.106182,0.001572,-0.005604
24,43,0.107673,0.001404,-0.005728
24,44,0.108989,0.001224,-0.005840
24,45,0.110121,0.001034,-0.005937
24,46,0.111057,0.000835,-0.006019
24,47,0.111792,0.000629,-0.006084
24,48,0.112315,0.000417,-0.006131
24,49,0.112625,0.000200,-0.006159
24,50,0.112716,-0.000018,-0.006168
24,51,0.112589,-0.000237,-0.006158
24,52,0.112243,-0.000453,-0.006128
24,53,0.111683,-0.000665,-0.006080
24,54,0.110912,-0.000872,-0.006014
24,55,0.109940,-0.001071,-0.005931
24,56,0.108770,-0.001261,-0.005832
24,57,0.107418,-0.001441,-0.005719
24,58,0.105889,-0.001609,-0.005594
24,59,0.104199,-0.001766,-0.005458
24,60,0.102357,-0.001910,-0.005312
24,61,0.100379,-0.002042,-0.005158
24,62,0.098273,-0.002161,-0.004998
24,63,0.096056,-0.002268,-0.004834
24,64,0.093738,-0.002362,-0.004666
24,65,0.091332,-0.002445,-0.004496
24,66,0.088847,-0.002518,-0.004325
24,67,0.086297,-0.002579,-0.004154
24,68,0.083688,-0.002631,-0.003984
24,69,0.081034,-0.002675,-0.003815
24,70,0.078339,-0.002710,-0.003648
24,71,0.075614,-0.002738,-0.003483
24,72,0.072863,-0.002759,-0.003321
24,73,0.070095,-0.002774,-0.003162
24,74,0.067314,-0.002785,-0.003007
24,75,0.064526,-0.002790,-0.002855
24,76,0.061734,-0.002792,-0.002706
24,77,0.058943,-0.002790,-0.002561
24,78,0.056154,-0.002785,-0.002419
24,79,0.053372,-0.002778,-0.002280
24,80,0.050597,-0.002770,-0.002145
24,81,0.047832,-0.002759,-0.002013
24,82,0.045078,-0.002747,-0.001884
24,83,0.042337,-0.002735,-0.001758
24,84,0.039608,-0.002722,-0.001635
24,85,0.036893,-0.002709,-0.001514
24,86,0.034191,-0.002696,-0.001396
24,87,0.031502,-0.002683,-0.001280
24,88,0.028825,-0.002670,-0.001166
24,89,0.026162,-0.002658,-0.001054
24,90,0.023509,-0.002647,-0.000944
24,91,0.020868,-0.002636,-0.000835
24,92,0.018236,-0.002627,-0.000728
24,93,0.015614,-0.002619,-0.000621
24,94,0.012999,-0.002611,-0.000516
24,95,0.010391,-0.002605,-0.000412
24,96,0.007789,-0.002601,-0.000308
24,97,0.005190,-0.002597,-0.000205
24,98,0.002594,-0.002595,-0.000103
24,99,0.000000,0.000000,-0.000000
25,0,0.000000,0.000000,-0.000000
25,1,0.002612,0.002613,-0.000097
25,2,0.005225,0.002615,-0.000194
25,3,0.007841,0.002619,-0.000292
25,4,0.010463,0.002624,-0.000390
25,5,0.013090,0.002631,-0.000489
25,6,0.015725,0.002640,-0.000589
25,7,0.018369,0.002650,-0.000690
25,8,0.021024,0.002661,-0.000792
25,9,0.023690,0.002673,-0.000895
25,10,0.026370,0.002687,-0.001000
25,11,0.029063,0.002701,-0.001107
25,12,0.031772,0.002716,-0.001215
25,13,0.034496,0.002733,-0.001326
25,14,0.037238,0.002749,-0.001440
25,15,0.039995,0.002766,-0.001555
25,16,0.042771,0.002784,-0.001674
25,17,0.045562,0.002801,-0.001795
25,18,0.048372,0.002817,-0.001920
25,19,0.051197,0.002834,-0.002048
25,20,0.054039,0.002849,-0.002179
25,21,0.056894,0.002862,-0.002314
25,22,0.059763,0.002874,-0.002453
25,23,0.062642,0.002883,-0.002595
25,24,0.065530,0.002890,-0.002742
25,25,0.068421,0.002893,-0.002893
25,26,0.071315,0.002892,-0.003048
25,27,0.074205,0.002886,-0.003206
25,28,0.077088,0.002875,-0.003369
25,29,0.079956,0.002858,-0.003536
25,30,0.082805,0.002834,-0.003706
25,31,0.085624,0.002802,-0.003880
25,32,0.088409,0.002762,-0.004056
25,33,0.091148,0.002712,-0.004235
25,34,0.093833,0.002651,-0.004415
25,35,0.096451,0.002580,-0.004596
25,36,0.098992,0.002496,-0.004776
25,37,0.101442,0.002399,-0.004955
25,38,0.103791,0.002289,-0.005132
25,39,0.106020,0.002165,-0.005303
25,40,0.108121,0.002027,-0.005469
25,41,0.110074,0.001874,-0.005627
25,42,0.111869,0.001708,-0.005776
25,43,0.113489,0.001527,-0.005912
25,44,0.114924,0.001334,-0.006036
25,45,0.116157,0.001128,-0.006144
25,46,0.117180,0.000913,-0.006234
25,47,0.117982,0.000688,-0.006307
25,48,0.118556,0.000456,-0.006359
25,49,0.118894,0.000220,-0.006391
25,50,0.118996,-0.000019,-0.006401
25,51,0.118857,-0.000257,-0.006390
25,52,0.118481,-0.000494,-0.006357
25,53,0.117869,-0.000725,-0.006303
25,54,0.117030,-0.000950,-0.006230
25,55,0.115969,-0.001166,-0.006138
25,56,0.114698,-0.001372,-0.006028
25,57,0.113225,-0.001565,-0.005904
25,58,0.111567,-0.001746,-0.005766
25,59,0.109733,-0.001913,-0.005616
25,60,0.107740,-0.002066,-0.005457
25,61,0.105600,-0.002205,-0.005290
25,62,0.103330,-0.002329,-0.005117
25,63,0.100942,-0.002440,-0.004939
25,64,0.098451,-0.002537,-0.004759
25,65,0.095867,-0.002621,-0.004577
25,66,0.093208,-0.002694,-0.004395
25,67,0.090480,-0.002755,-0.004213
25,68,0.087698,-0.002806,-0.004033
25,69,0.084868,-0.002847,-0.003855
25,70,0.082004,-0.002880,-0.003680
25,71,0.079109,-0.002904,-0.003508
25,72,0.076195,-0.002922,-0.003340
25,73,0.073265,-0.002934,-0.003176
25,74,0.070327,-0.002941,-0.003015
25,75,0.067383,-0.002943,-0.002859
25,76,0.064441,-0.002941,-0.002706
25,77,0.061502,-0.002935,-0.002558
25,78,0.058571,-0.002927,-0.002413
25,79,0.055648,-0.002916,-0.002273
25,80,0.052738,-0.002904,-0.002136
25,81,0.049841,-0.002890,-0.002002
25,82,0.046958,-0.002875,-0.001872
25,83,0.044090,-0.002860,-0.001746
25,84,0.041238,-0.002844,-0.001622
25,85,0.038401,-0.002828,-0.001501
25,86,0.035581,-0.002813,-0.001383
25,87,0.032776,-0.002798,-0.001267
25,88,0.029986,-0.002783,-0.001154
25,89,0.027210,-0.002769,-0.001043
25,90,0.024448,-0.002756,-0.000933
25,91,0.021698,-0.002744,-0.000825
25,92,0.018960,-0.002733,-0.000719
25,93,0.016232,-0.002724,-0.000614
25,94,0.013513,-0.002715,-0.000510
25,95,0.010801,-0.002709,-0.000407
25,96,0.008095,-0.002703,-0.000304
25,97,0.005394,-0.002700,-0.000203
25,98,0.002696,-0.002697,-0.000101
25,99,0.000000,0.000000,-0.000000
26,0,0.000000,0.000000,-0.000000
26,1,0.002708,0.002709,-0.000096
26,2,0.005418,0.002712,-0.000191
26,3,0.008131,0.002716,-0.000287
26,4,0.010850,0.002722,-0.000384
26,5,0.013576,0.002730,-0.000482
26,6,0.016310,0.002739,-0.000580
26,7,0.019054,0.002750,-0.000679
26,8,0.021810,0.002763,-0.000780
26,9,0.024580,0.002777,-0.000882
26,10,0.027363,0.002792,-0.000986
26,11,0.030164,0.002808,-0.001092
26,12,0.032980,0.002826,-0.001200
26,13,0.035816,0.002844,-0.001310
26,14,0.038669,0.002864,-0.001423
26,15,0.041543,0.002884,-0.001538
26,16,0.044436,0.002904,-0.001657
26,17,0.047351,0.002924,-0.001779
26,18,0.050284,0.002944,-0.001904
26,19,0.053239,0.002964,-0.002032
26,20,0.056212,0.002982,-0.002165
26,21,0.059204,0.003000,-0.002302
26,22,0.062212,0.003016,-0.002442
26,23,0.065235,0.003029,-0.002588
26,24,0.068270,0.003040,-0.002737
26,25,0.071315,0.003048,-0.002892
26,26,0.074365,0.003051,-0.003051
26,27,0.077418,0.003050,-0.003215
26,28,0.080465,0.003043,-0.003384
26,29,0.083504,0.003030,-0.003557
26,30,0.086526,0.003010,-0.003735
26,31,0.089524,0.002982,-0.003917
26,32,0.092489,0.002944,-0.004103
26,33,0.095413,0.002896,-0.004292
26,34,0.098282,0.002838,-0.004484
26,35,0.101088,0.002766,-0.004677
26,36,0.103814,0.002682,-0.004870
26,37,0.106452,0.002584,-0.005063
26,38,0.108982,0.002470,-0.005254
26,39,0.111392,0.002341,-0.005441
26,40,0.113664,0.002196,-0.005622
26,41,0.115784,0.002035,-0.005795
26,42,0.117733,0.001857,-0.005959
26,43,0.119498,0.001664,-0.006110
26,44,0.121060,0.001455,-0.006247
26,45,0.122408,0.001233,-0.006367
26,46,0.123526,0.000999,-0.006469
26,47,0.124405,0.000754,-0.006549
26,48,0.125033,0.000501,-0.006608
26,49,0.125407,0.000242,-0.006644
26,50,0.125518,-0.000019,-0.006655
26,51,0.125368,-0.000281,-0.006643
26,52,0.124956,-0.000539,-0.006606
26,53,0.124289,-0.000792,-0.006546
26,54,0.123371,-0.001037,-0.006464
26,55,0.122215,-0.001272,-0.006361
26,56,0.120827,-0.001495,-0.006240
26,57,0.119225,-0.001703,-0.006102
26,58,0.117421,-0.001897,-0.005949
26,59,0.115432,-0.002075,-0.005785
26,60,0.113271,-0.002237,-0.005610
26,61,0.110958,-0.002382,-0.005428
26,62,0.108507,-0.002512,-0.005240
26,63,0.105935,-0.002626,-0.005048
26,64,0.103256,-0.002725,-0.004853
26,65,0.100486,-0.002810,-0.004658
26,66,0.097636,-0.002881,-0.004464
26,67,0.094723,-0.002941,-0.004271
26,68,0.091755,-0.002989,-0.004081
26,69,0.088744,-0.003028,-0.003893
26,70,0.085699,-0.003057,-0.003710
26,71,0.082631,-0.003078,-0.003530
26,72,0.079543,-0.003092,-0.003356
26,73,0.076447,-0.003099,-0.003185
26,74,0.073344,-0.003102,-0.003020
26,75,0.070244,-0.003099,-0.002859
26,76,0.067146,-0.003093,-0.002703
26,77,0.064058,-0.003083,-0.002551
26,78,0.060980,-0.003071,-0.002404
26,79,0.057917,-0.003056,-0.002261
26,80,0.054868,-0.003040,-0.002123
26,81,0.051837,-0.003022,-0.001988
26,82,0.048823,-0.003004,-0.001857
26,83,0.045829,-0.002985,-0.001730
26,84,0.042853,-0.002967,-0.001606
26,85,0.039896,-0.002948,-0.001486
26,86,0.036957,-0.002930,-0.001368
26,87,0.034037,-0.002912,-0.001253
26,88,0.031133,-0.002895,-0.001140
26,89,0.028247,-0.002879,-0.001029
26,90,0.025375,-0.002864,-0.000921
26,91,0.022518,-0.002851,-0.000814
26,92,0.019674,-0.002838,-0.000709
26,93,0.016842,-0.002828,-0.000605
26,94,0.014019,-0.002818,-0.000502
26,95,0.011205,-0.002811,-0.000401
26,96,0.008398,-0.002805,-0.000300
26,97,0.005596,-0.002800,-0.000200
26,98,0.002797,-0.002798,-0.000100
26,99,0.000000,0.000000,-0.000000
27,0,0.000000,0.000000,-0.000000
27,1,0.002803,0.002804,-0.000094
27,2,0.005608,0.002807,-0.000188
27,3,0.008416,0.002812,-0.000282
27,4,0.011231,0.002818,-0.000377
27,5,0.014053,0.002827,-0.000473
27,6,0.016885,0.002837,-0.000570
27,7,0.019728,0.002850,-0.000668
27,8,0.022584,0.002864,-0.000767
27,9,0.025455,0.002879,-0.000868
27,10,0.028342,0.002896,-0.000970
27,11,0.031247,0.002915,-0.001075
27,12,0.034172,0.002935,-0.001182
27,13,0.037117,0.002956,-0.001291
27,14,0.040084,0.002978,-0.001404
27,15,0.043072,0.003000,-0.001519
27,16,0.046085,0.003024,-0.001637
27,17,0.049120,0.003048,-0.001759
27,18,0.052180,0.003071,-0.001884
27,19,0.055262,0.003095,-0.002013
27,20,0.058369,0.003118,-0.002147
27,21,0.061498,0.003140,-0.002285
27,22,0.064648,0.003160,-0.002428
27,23,0.067817,0.003178,-0.002575
27,24,0.071005,0.003194,-0.002728
27,25,0.074205,0.003206,-0.002886
27,26,0.077418,0.003215,-0.003050
27,27,0.080635,0.003219,-0.003219
27,28,0.083856,0.003218,-0.003394
27,29,0.087070,0.003210,-0.003574
27,30,0.090275,0.003194,-0.003760
27,31,0.093459,0.003170,-0.003951
27,32,0.096616,0.003137,-0.004147
27,33,0.099732,0.003092,-0.004347
27,34,0.102800,0.003036,-0.004551
27,35,0.105804,0.002966,-0.004757
27,36,0.108733,0.002882,-0.004965
27,37,0.111569,0.002783,-0.005173
27,38,0.114299,0.002667,-0.005380
27,39,0.116902,0.002533,-0.005584
27,40,0.119365,0.002381,-0.005783
27,41,0.121665,0.002211,-0.005974
27,42,0.123787,0.002022,-0.006154
27,43,0.125709,0.001815,-0.006322
27,44,0.127417,0.001591,-0.006475
27,45,0.128891,0.001350,-0.006609
27,46,0.130117,0.001095,-0.006723
27,47,0.131080,0.000828,-0.006814
27,48,0.131773,0.000551,-0.006881
27,49,0.132182,0.000267,-0.006921
27,50,0.132307,-0.000020,-0.006934
27,51,0.132142,-0.000307,-0.006920
27,52,0.131693,-0.000590,-0.006878
27,53,0.130961,-0.000867,-0.006811
27,54,0.129958,-0.001135,-0.006719
27,55,0.128691,-0.001390,-0.006604
27,56,0.127177,-0.001631,-0.006468
27,57,0.125429,-0.001856,-0.006314
27,58,0.123466,-0.002063,-0.006145
27,59,0.121302,-0.002253,-0.005963
27,60,0.118960,-0.002423,-0.005771
27,61,0.116456,-0.002575,-0.005571
27,62,0.113810,-0.002709,-0.005366
27,63,0.111037,-0.002826,-0.005158
27,64,0.108157,-0.002926,-0.004949
27,65,0.105184,-0.003011,-0.004739
27,66,0.102136,-0.003081,-0.004532
27,67,0.099022,-0.003138,-0.004327
27,68,0.095859,-0.003183,-0.004125
27,69,0.092655,-0.003218,-0.003928
27,70,0.089424,-0.003242,-0.003735
27,71,0.086170,-0.003259,-0.003548
27,72,0.082906,-0.003268,-0.003366
27,73,0.079635,-0.003270,-0.003190
27,74,0.076366,-0.003267,-0.003019
27,75,0.073101,-0.003260,-0.002854
27,76,0.069846,-0.003248,-0.002694
27,77,0.066604,-0.003234,-0.002540
27,78,0.063379,-0.003217,-0.002390
27,79,0.060171,-0.003197,-0.002246
27,80,0.056984,-0.003177,-0.002106
27,81,0.053817,-0.003155,-0.001970
27,82,0.050673,-0.003133,-0.001839
27,83,0.047550,-0.003111,-0.001712
27,84,0.044451,-0.003089,-0.001588
27,85,0.041373,-0.003067,-0.001467
27,86,0.038317,-0.003046,-0.001350
27,87,0.035281,-0.003025,-0.001235
27,88,0.032266,-0.003006,-0.001123
27,89,0.029269,-0.002988,-0.001014
27,90,0.026290,-0.002971,-0.000907
27,91,0.023326,-0.002956,-0.000801
27,92,0.020378,-0.002942,-0.000697
27,93,0.017442,-0.002930,-0.000595
27,94,0.014518,-0.002920,-0.000494
27,95,0.011603,-0.002911,-0.000394
27,96,0.008695,-0.002904,-0.000295
27,97,0.005794,-0.002900,-0.000196
27,98,0.002896,-0.002897,-0.000098
27,99,0.000000,0.000000,-0.000000
28,0,0.000000,0.000000,-0.000000
28,1,0.002896,0.002897,-0.000092
28,2,0.005794,0.002900,-0.000184
28,3,0.008696,0.002905,-0.000277
28,4,0.011604,0.002913,-0.000370
28,5,0.014522,0.002922,-0.000464
28,6,0.017449,0.002934,-0.000559
28,7,0.020389,0.002947,-0.000655
28,8,0.023344,0.002963,-0.000752
28,9,0.026315,0.002980,-0.000852
28,10,0.029304,0.002999,-0.000953
28,11,0.032314,0.003020,-0.001056
28,12,0.035344,0.003042,-0.001162
28,13,0.038399,0.003066,-0.001270
28,14,0.041476,0.003091,-0.001381
28,15,0.044580,0.003117,-0.001496
28,16,0.047710,0.003144,-0.001613
28,17,0.050868,0.003171,-0.001735
28,18,0.054052,0.003199,-0.001860
28,19,0.057266,0.003227,-0.001990
28,20,0.060506,0.003254,-0.002124
28,21,0.063774,0.003281,-0.002264
28,22,0.067067,0.003306,-0.002408
28,23,0.070386,0.003330,-0.002558
28,24,0.073726,0.003351,-0.002714
28,25,0.077088,0.003369,-0.002875
28,26,0.080465,0.003384,-0.003043
28,27,0.083856,0.003394,-0.003218
28,28,0.087253,0.003398,-0.003398
28,29,0.090653,0.003396,-0.003586
28,30,0.094046,0.003387,-0.003780
28,31,0.097426,0.003368,-0.003980
28,32,0.100782,0.003340,-0.004186
28,33,0.104106,0.003300,-0.004398
28,34,0.107383,0.003248,-0.004615
28,35,0.110602,0.003181,-0.004836
28,36,0.113745,0.003098,-0.005060
28,37,0.116799,0.002999,-0.005285
28,38,0.119742,0.002881,-0.005510
28,39,0.122560,0.002743,-0.005733
28,40,0.125229,0.002585,-0.005951
28,41,0.127731,0.002406,-0.006162
28,42,0.130041,0.002206,-0.006363
28,43,0.132142,0.001984,-0.006550
28,44,0.134010,0.001742,-0.006721
28,45,0.135627,0.001481,-0.006872
28,46,0.136973,0.001204,-0.007001
28,47,0.138034,0.000911,-0.007104
28,48,0.138795,0.000607,-0.007179
28,49,0.139248,0.000295,-0.007225
28,50,0.139386,-0.000020,-0.007240
28,51,0.139208,-0.000336,-0.007224
28,52,0.138713,-0.000648,-0.007177
28,53,0.137911,-0.000952,-0.007101
28,54,0.136809,-0.001245,-0.006997
28,55,0.135422,-0.001523,-0.006867
28,56,0.133763,-0.001784,-0.006714
28,57,0.131854,-0.002026,-0.006542
28,58,0.129711,-0.002248,-0.006354
28,59,0.127358,-0.002449,-0.006152
28,60,0.124813,-0.002628,-0.005940
28,61,0.122101,-0.002787,-0.005721
28,62,0.119240,-0.002925,-0.005497
28,63,0.116252,-0.003043,-0.005270
28,64,0.113153,-0.003144,-0.005044
28,65,0.109965,-0.003227,-0.004819
28,66,0.106700,-0.003294,-0.004597
28,67,0.103376,-0.003347,-0.004378
28,68,0.100005,-0.003388,-0.004165
28,69,0.096600,-0.003417,-0.003958
28,70,0.093170,-0.003437,-0.003756
28,71,0.089727,-0.003447,-0.003561
28,72,0.086276,-0.003450,-0.003372
28,73,0.082827,-0.003447,-0.003189
28,74,0.079383,-0.003438,-0.003014
28,75,0.075952,-0.003424,-0.002844
28,76,0.072535,-0.003407,-0.002681
28,77,0.069138,-0.003387,-0.002524
28,78,0.065761,-0.003365,-0.002372
28,79,0.062408,-0.003340,-0.002226
28,80,0.059080,-0.003315,-0.002085
28,81,0.055778,-0.003289,-0.001948
28,82,0.052501,-0.003263,-0.001817
28,83,0.049252,-0.003237,-0.001689
28,84,0.046028,-0.003211,-0.001566
28,85,0.042830,-0.003186,-0.001446
28,86,0.039657,-0.003161,-0.001329
28,87,0.036507,-0.003138,-0.001216
28,88,0.033380,-0.003116,-0.001105
28,89,0.030275,-0.003096,-0.000997
28,90,0.027189,-0.003077,-0.000891
28,91,0.024121,-0.003060,-0.000787
28,92,0.021069,-0.003044,-0.000685
28,93,0.018032,-0.003031,-0.000584
28,94,0.015007,-0.003019,-0.000485
28,95,0.011993,-0.003010,-0.000386
28,96,0.008987,-0.003003,-0.000289
28,97,0.005988,-0.002997,-0.000192
28,98,0.002993,-0.002994,-0.000096
28,99,0.000000,0.000000,-0.000000
29,0,0.000000,0.000000,-0.000000
29,1,0.002987,0.002988,-0.000090
29,2,0.005976,0.002991,-0.000180
29,3,0.008969,0.002997,-0.000270
29,4,0.011970,0.003005,-0.000361
29,5,0.014980,0.003016,-0.000453
29,6,0.018002,0.003029,-0.000546
29,7,0.021037,0.003043,-0.000640
29,8,0.024089,0.003060,-0.000736
29,9,0.027158,0.003080,-0.000834
29,10,0.030248,0.003101,-0.000933
29,11,0.033359,0.003124,-0.001035
29,12,0.036496,0.003149,-0.001139
29,13,0.039657,0.003175,-0.001246
29,14,0.042846,0.003203,-0.001356
29,15,0.046063,0.003233,-0.001469
29,16,0.049311,0.003263,-0.001586
29,17,0.052589,0.003295,-0.001707
29,18,0.055900,0.003327,-0.001832
29,19,0.059242,0.003359,-0.001962
29,20,0.062618,0.003391,-0.002097
29,21,0.066025,0.003423,-0.002237
29,22,0.069465,0.003454,-0.002383
29,23,0.072933,0.003484,-0.002535
29,24,0.076432,0.003511,-0.002693
29,25,0.079956,0.003536,-0.002858
29,26,0.083504,0.003557,-0.003030
29,27,0.087070,0.003574,-0.003210
29,28,0.090653,0.003586,-0.003396
29,29,0.094242,0.003591,-0.003591
29,30,0.097834,0.003588,-0.003793
29,31,0.101419,0.003577,-0.004003
29,32,0.104988,0.003555,-0.004220
29,33,0.108528,0.003521,-0.004445
29,34,0.112030,0.003474,-0.004675
29,35,0.115476,0.003411,-0.004912
29,36,0.118853,0.003331,-0.005153
29,37,0.122139,0.003233,-0.005397
29,38,0.125319,0.003115,-0.005642
29,39,0.128368,0.002974,-0.005886
29,40,0.131267,0.002810,-0.006127
29,41,0.133989,0.002623,-0.006361
29,42,0.136512,0.002410,-0.006584
29,43,0.138809,0.002174,-0.006794
29,44,0.140859,0.001913,-0.006987
29,45,0.142635,0.001630,-0.007158
29,46,0.144119,0.001327,-0.007304
29,47,0.145289,0.001006,-0.007422
29,48,0.146131,0.000672,-0.007508
29,49,0.146632,0.000328,-0.007560
29,50,0.146787,-0.000021,-0.007578
29,51,0.146590,-0.000370,-0.007559
29,52,0.146048,-0.000714,-0.007506
29,53,0.145163,-0.001048,-0.007419
29,54,0.143951,-0.001369,-0.007300
29,55,0.142425,-0.001672,-0.007153
29,56,0.140606,-0.001956,-0.006981
29,57,0.138513,-0.002217,-0.006787
29,58,0.136173,-0.002454,-0.006576
29,59,0.133606,-0.002666,-0.006351
29,60,0.130840,-0.002855,-0.006116
29,61,0.127897,-0.003019,-0.005874
29,62,0.124803,-0.003160,-0.005629
29,63,0.121577,-0.003279,-0.005383
29,64,0.118245,-0.003378,-0.005138
29,65,0.114822,-0.003458,-0.004895
29,66,0.111329,-0.003521,-0.004658
29,67,0.107779,-0.003570,-0.004426
29,68,0.104190,-0.003604,-0.004200
29,69,0.100570,-0.003627,-0.003981
29,70,0.096936,-0.003639,-0.003770
29,71,0.093292,-0.003643,-0.003567
29,72,0.089650,-0.003639,-0.003371
29,73,0.086014,-0.003628,-0.003182
29,74,0.082393,-0.003613,-0.003002
29,75,0.078789,-0.003592,-0.002828
29,76,0.075208,-0.003569,-0.002662
29,77,0.071651,-0.003543,-0.002502
29,78,0.068123,-0.003514,-0.002348
29,79,0.064622,-0.003485,-0.002201
29,80,0.061153,-0.003454,-0.002059
29,81,0.057714,-0.003423,-0.001922
29,82,0.054306,-0.003393,-0.001790
29,83,0.050929,-0.003362,-0.001663
29,84,0.047582,-0.003332,-0.001540
29,85,0.044264,-0.003304,-0.001421
29,86,0.040975,-0.003276,-0.001305
29,87,0.037712,-0.003250,-0.001193
29,88,0.034475,-0.003225,-0.001084
29,89,0.031262,-0.003202,-0.000977
29,90,0.028071,-0.003181,-0.000873
29,91,0.024900,-0.003162,-0.000771
29,92,0.021747,-0.003145,-0.000670
29,93,0.018610,-0.003130,-0.000572
29,94,0.015487,-0.003117,-0.000474
29,95,0.012375,-0.003107,-0.000378
29,96,0.009273,-0.003099,-0.000283
29,97,0.006178,-0.003093,-0.000188
29,98,0.003088,-0.003089,-0.000094
29,99,0.000000,0.000000,-0.000000
30,0,0.000000,0.000000,-0.000000
30,1,0.003075,0.003077,-0.000087
30,2,0.006153,0.003080,-0.000175
30,3,0.009236,0.003087,-0.000263
30,4,0.012327,0.003096,-0.000352
30,5,0.015428,0.003107,-0.000442
30,6,0.018541,0.003121,-0.000532
30,7,0.021670,0.003137,-0.000624
30,8,0.024816,0.003156,-0.000718
30,9,0.027982,0.003177,-0.000813
30,10,0.031170,0.003200,-0.000911
30,11,0.034383,0.003226,-0.001011
30,12,0.037622,0.003253,-0.001113
30,13,0.040890,0.003283,-0.001219
30,14,0.044188,0.003314,-0.001327
30,15,0.047519,0.003347,-0.001439
30,16,0.050882,0.003382,-0.001555
30,17,0.054282,0.003417,-0.001675
30,18,0.057717,0.003454,-0.001800
30,19,0.061190,0.003491,-0.001929
30,20,0.064700,0.003529,-0.002064
30,21,0.068248,0.003567,-0.002205
30,22,0.071833,0.003604,-0.002352
30,23,0.075456,0.003640,-0.002506
30,24,0.079113,0.003674,-0.002666
30,25,0.082805,0.003706,-0.002834
30,26,0.086526,0.003735,-0.003010
30,27,0.090275,0.003760,-0.003194
30,28,0.094046,0.003780,-0.003387
30,29,0.097834,0.003793,-0.003588
30,30,0.101632,0.003799,-0.003799
30,31,0.105432,0.003796,-0.004018
30,32,0.109223,0.003782,-0.004247
30,33,0.112996,0.003756,-0.004485
30,34,0.116734,0.003715,-0.004730
30,35,0.120426,0.003658,-0.004984
30,36,0.124051,0.003583,-0.005243
30,37,0.127593,0.003488,-0.005508
30,38,0.131027,0.003370,-0.005775
30,39,0.134333,0.003228,-0.006043
30,40,0.137482,0.003060,-0.006309
30,41,0.140452,0.002864,-0.006569
30,42,0.143210,0.002640,-0.006820
30,43,0.145731,0.002387,-0.007056
30,44,0.147984,0.002106,-0.007274
30,45,0.149943,0.001799,-0.007469
30,46,0.151581,0.001467,-0.007636
30,47,0.152878,0.001115,-0.007771
30,48,0.153810,0.000746,-0.007870
30,49,0.154369,0.000365,-0.007931
30,50,0.154541,-0.000021,-0.007951
30,51,0.154326,-0.000408,-0.007930
30,52,0.153724,-0.000789,-0.007868
30,53,0.152749,-0.001158,-0.007768
30,54,0.151409,-0.001510,-0.007632
30,55,0.149728,-0.001842,-0.007464
30,56,0.147724,-0.002150,-0.007268
30,57,0.145428,-0.002431,-0.007049
30,58,0.142862,-0.002684,-0.006812
30,59,0.140060,-0.002909,-0.006560
30,60,0.137045,-0.003105,-0.006299
30,61,0.133850,-0.003274,-0.006032
30,62,0.130498,-0.003416,-0.005763
30,63,0.127017,-0.003535,-0.005494
30,64,0.123428,-0.003631,-0.005229
30,65,0.119756,-0.003707,-0.004968
30,66,0.116015,-0.003764,-0.004713
30,67,0.112228,-0.003805,-0.004466
30,68,0.108405,-0.003832,-0.004228
30,69,0.104563,-0.003847,-0.003998
30,70,0.100710,-0.003851,-0.003777
30,71,0.096860,-0.003846,-0.003565
30,72,0.093017,-0.003834,-0.003362
30,73,0.089192,-0.003816,-0.003168
30,74,0.085386,-0.003792,-0.002983
30,75,0.081608,-0.003764,-0.002805
30,76,0.077858,-0.003734,-0.002636
30,77,0.074141,-0.003700,-0.002474
30,78,0.070457,-0.003666,-0.002318
30,79,0.066810,-0.003630,-0.002170
30,80,0.063197,-0.003594,-0.002027
30,81,0.059622,-0.003558,-0.001891
30,82,0.056082,-0.003522,-0.001759
30,83,0.052578,-0.003487,-0.001633
30,84,0.049108,-0.003453,-0.001510
30,85,0.045672,-0.003420,-0.001392
30,86,0.042267,-0.003389,-0.001278
30,87,0.038893,-0.003360,-0.001167
30,88,0.035547,-0.003332,-0.001060
30,89,0.032229,-0.003307,-0.000955
30,90,0.028934,-0.003283,-0.000853
30,91,0.025662,-0.003262,-0.000752
30,92,0.022409,-0.003243,-0.000654
30,93,0.019175,-0.003227,-0.000558
30,94,0.015956,-0.003213,-0.000463
30,95,0.012749,-0.003201,-0.000369
30,96,0.009553,-0.003192,-0.000276
30,97,0.006364,-0.003186,-0.000183
30,98,0.003181,-0.003182,-0.000092
30,99,0.000000,0.000000,-0.000000
31,0,0.000000,0.000000,-0.000000
31,1,0.003162,0.003163,-0.000085
31,2,0.006326,0.003167,-0.000170
31,3,0.009496,0.003174,-0.000256
31,4,0.012674,0.003184,-0.000342
31,5,0.015863,0.003196,-0.000429
31,6,0.019067,0.003211,-0.000517
31,7,0.022286,0.003229,-0.000607
31,8,0.025525,0.003249,-0.000698
31,9,0.028785,0.003273,-0.000791
31,10,0.032070,0.003298,-0.000887
31,11,0.035381,0.003326,-0.000984
31,12,0.038722,0.003356,-0.001085
31,13,0.042094,0.003389,-0.001188
31,14,0.045500,0.003424,-0.001295
31,15,0.048941,0.003461,-0.001405
31,16,0.052421,0.003499,-0.001520
31,17,0.055939,0.003539,-0.001639
31,18,0.059500,0.003581,-0.001762
31,19,0.063101,0.003624,-0.001891
31,20,0.066747,0.003667,-0.002026
31,21,0.070435,0.003711,-0.002167
31,22,0.074169,0.003755,-0.002315
31,23,0.077945,0.003798,-0.002469
31,24,0.081764,0.003840,-0.002632
31,25,0.085624,0.003880,-0.002802
31,26,0.089524,0.003917,-0.002982
31,27,0.093459,0.003951,-0.003170
31,28,0.097426,0.003980,-0.003368
31,29,0.101419,0.004003,-0.003577
31,30,0.105432,0.004018,-0.003796
31,31,0.109456,0.004025,-0.004025
31,32,0.113482,0.004021,-0.004265
31,33,0.117498,0.004004,-0.004516
31,34,0.121491,0.003973,-0.004778
31,35,0.125443,0.003924,-0.005049
31,36,0.129339,0.003856,-0.005329
31,37,0.133155,0.003765,-0.005616
31,38,0.136870,0.003650,-0.005908
31,39,0.140455,0.003508,-0.006203
31,40,0.143886,0.003336,-0.006498
31,41,0.147127,0.003133,-0.006788
31,42,0.150152,0.002897,-0.007069
31,43,0.152922,0.002628,-0.007337
31,44,0.155408,0.002326,-0.007585
31,45,0.157574,0.001992,-0.007808
31,46,0.159392,0.001629,-0.008000
31,47,0.160831,0.001240,-0.008156
31,48,0.161872,0.000831,-0.008271
31,49,0.162493,0.000408,-0.008341
31,50,0.162688,-0.000022,-0.008365
31,51,0.162449,-0.000452,-0.008340
31,52,0.161784,-0.000875,-0.008269
31,53,0.160699,-0.001284,-0.008153
31,54,0.159215,-0.001673,-0.007996
31,55,0.157353,-0.002036,-0.007803
31,56,0.155143,-0.002371,-0.007579
31,57,0.152612,-0.002673,-0.007330
31,58,0.149796,-0.002943,-0.007061
31,59,0.146726,-0.003179,-0.006779
31,60,0.143438,-0.003383,-0.006488
31,61,0.139961,-0.003555,-0.006192
31,62,0.136329,-0.003698,-0.005896
31,63,0.132566,-0.003813,-0.005603
31,64,0.128702,-0.003904,-0.005315
31,65,0.124757,-0.003973,-0.005034
31,66,0.120755,-0.004023,-0.004761
31,67,0.116712,-0.004055,-0.004499
31,68,0.112645,-0.004073,-0.004247
31,69,0.108566,-0.004078,-0.004005
31,70,0.104489,-0.004072,-0.003775
31,71,0.100422,-0.004058,-0.003554
31,72,0.096374,-0.004036,-0.003345
31,73,0.092350,-0.004008,-0.003145
31,74,0.088358,-0.003975,-0.002955
31,75,0.084399,-0.003939,-0.002775
31,76,0.080480,-0.003901,-0.002602
31,77,0.076598,-0.003860,-0.002439
31,78,0.072760,-0.003818,-0.002282
31,79,0.068962,-0.003776,-0.002133
31,80,0.065208,-0.003734,-0.001991
31,81,0.061495,-0.003692,-0.001854
31,82,0.057825,-0.003651,-0.001723
31,83,0.054194,-0.003611,-0.001598
31,84,0.050603,-0.003572,-0.001477
31,85,0.047049,-0.003536,-0.001360
31,86,0.043531,-0.003501,-0.001248
31,87,0.040047,-0.003468,-0.001139
31,88,0.036595,-0.003438,-0.001033
31,89,0.033172,-0.003409,-0.000931
31,90,0.029776,-0.003384,-0.000830
31,91,0.026405,-0.003360,-0.000733
31,92,0.023056,-0.003340,-0.000637
31,93,0.019725,-0.003322,-0.000543
31,94,0.016412,-0.003306,-0.000450
31,95,0.013113,-0.003294,-0.000359
31,96,0.009825,-0.003284,-0.000268
31,97,0.006545,-0.003277,-0.000178
31,98,0.003271,-0.003273,-0.000089
31,99,0.000000,0.000000,-0.000000
32,0,0.000000,0.000000,-0.000000
32,1,0.003245,0.003247,-0.000082
32,2,0.006493,0.003251,-0.000165
32,3,0.009748,0.003259,-0.000247
32,4,0.013011,0.003269,-0.000331
32,5,0.016286,0.003283,-0.000415
32,6,0.019576,0.003299,-0.000501
32,7,0.022884,0.003318,-0.000588
32,8,0.026213,0.003340,-0.000677
32,9,0.029565,0.003365,-0.000767
32,10,0.032943,0.003393,-0.000860
32,11,0.036352,0.003424,-0.000955
32,12,0.039791,0.003457,-0.001053
32,13,0.043266,0.003493,-0.001154
32,14,0.046777,0.003531,-0.001259
32,15,0.050329,0.003572,-0.001367
32,16,0.053922,0.003615,-0.001480
32,17,0.057559,0.003660,-0.001597
32,18,0.061242,0.003707,-0.001720
32,19,0.064973,0.003755,-0.001848
32,20,0.068752,0.003805,-0.001982
32,21,0.072582,0.003855,-0.002122
32,22,0.076462,0.003906,-0.002270
32,23,0.080395,0.003957,-0.002425
32,24,0.084376,0.004007,-0.002589
32,25,0.088409,0.004056,-0.002762
32,26,0.092489,0.004103,-0.002944
32,27,0.096616,0.004147,-0.003137
32,28,0.100782,0.004186,-0.003340
32,29,0.104988,0.004220,-0.003555
32,30,0.109223,0.004247,-0.003782
32,31,0.113482,0.004265,-0.004021
32,32,0.117754,0.004273,-0.004273
32,33,0.122029,0.004268,-0.004538
32,34,0.126290,0.004248,-0.004816
32,35,0.130524,0.004209,-0.005106
32,36,0.134708,0.004150,-0.005407
32,37,0.138824,0.004067,-0.005719
32,38,0.142843,0.003957,-0.006038
32,39,0.146739,0.003817,-0.006363
32,40,0.150478,0.003644,-0.006690
32,41,0.154028,0.003435,-0.007015
32,42,0.157348,0.003189,-0.007333
32,43,0.160405,0.002903,-0.007637
32,44,0.163153,0.002577,-0.007921
32,45,0.165559,0.002214,-0.008178
32,46,0.167581,0.001815,-0.008401
32,47,0.169190,0.001386,-0.008582
32,48,0.170353,0.000931,-0.008717
32,49,0.171052,0.000459,-0.008799
32,50,0.171270,-0.000022,-0.008827
32,51,0.171007,-0.000504,-0.008798
32,52,0.170263,-0.000976,-0.008715
32,53,0.169055,-0.001431,-0.008580
32,54,0.167401,-0.001861,-0.008397
32,55,0.165334,-0.002259,-0.008173
32,56,0.162882,-0.002623,-0.007915
32,57,0.160088,-0.002949,-0.007630
32,58,0.156985,-0.003235,-0.007325
32,59,0.153618,-0.003482,-0.007007
32,60,0.150021,-0.003692,-0.006681
32,61,0.146235,-0.003865,-0.006353
32,62,0.142290,-0.004006,-0.006027
32,63,0.138223,-0.004116,-0.005706
32,64,0.134057,-0.004200,-0.005394
32,65,0.129823,-0.004260,-0.005091
32,66,0.125538,-0.004299,-0.004800
32,67,0.121225,-0.004320,-0.004521
32,68,0.116898,-0.004326,-0.004255
32,69,0.112573,-0.004319,-0.004002
32,70,0.108259,-0.004302,-0.003762
32,71,0.103969,-0.004276,-0.003534
32,72,0.099707,-0.004243,-0.003317
32,73,0.095482,-0.004205,-0.003113
32,74,0.091297,-0.004163,-0.002919
32,75,0.087157,-0.004117,-0.002735
32,76,0.083063,-0.004069,-0.002561
32,77,0.079018,-0.004021,-0.002396
32,78,0.075022,-0.003971,-0.002239
32,79,0.071076,-0.003922,-0.002090
32,80,0.067178,-0.003873,-0.001948
32,81,0.063330,-0.003825,-0.001812
32,82,0.059528,-0.003778,-0.001682
32,83,0.055773,-0.003733,-0.001558
32,84,0.052061,-0.003690,-0.001439
32,85,0.048393,-0.003649,-0.001324
32,86,0.044763,-0.003611,-0.001214
32,87,0.041171,-0.003574,-0.001107
32,88,0.037614,-0.003541,-0.001004
32,89,0.034090,-0.003510,-0.000903
32,90,0.030595,-0.003481,-0.000806
32,91,0.027127,-0.003456,-0.000711
32,92,0.023683,-0.003433,-0.000617
32,93,0.020260,-0.003414,-0.000526
32,94,0.016855,-0.003397,-0.000436
32,95,0.013466,-0.003383,-0.000347
32,96,0.010089,-0.003373,-0.000260
32,97,0.006721,-0.003365,-0.000173
32,98,0.003359,-0.003360,-0.000086
32,99,0.000000,0.000000,-0.000000
33,0,0.000000,0.000000,-0.000000
33,1,0.003326,0.003328,-0.000079
33,2,0.006655,0.003332,-0.000159
33,3,0.009991,0.003341,-0.000239
33,4,0.013336,0.003352,-0.000319
33,5,0.016694,0.003366,-0.000401
33,6,0.020069,0.003384,-0.000483
33,7,0.023462,0.003405,-0.000567
33,8,0.026878,0.003429,-0.000653
33,9,0.030319,0.003456,-0.000741
33,10,0.033790,0.003486,-0.000831
33,11,0.037291,0.003519,-0.000923
33,12,0.040828,0.003556,-0.001019
33,13,0.044402,0.003595,-0.001117
33,14,0.048018,0.003637,-0.001219
33,15,0.051676,0.003682,-0.001325
33,16,0.055381,0.003729,-0.001436
33,17,0.059134,0.003779,-0.001551
33,18,0.062939,0.003831,-0.001672
33,19,0.066797,0.003886,-0.001798
33,20,0.070710,0.003942,-0.001931
33,21,0.074680,0.003999,-0.002070
33,22,0.078709,0.004058,-0.002218
33,23,0.082795,0.004117,-0.002373
33,24,0.086943,0.004176,-0.002538
33,25,0.091148,0.004235,-0.002712
33,26,0.095413,0.004292,-0.002896
33,27,0.099732,0.004347,-0.003092
33,28,0.104106,0.004398,-0.003300
33,29,0.108528,0.004445,-0.003521
33,30,0.112996,0.004485,-0.003756
33,31,0.117498,0.004516,-0.004004
33,32,0.122029,0.004538,-0.004268
33,33,0.126574,0.004547,-0.004547
33,34,0.131122,0.004540,-0.004841
33,35,0.135654,0.004515,-0.005151
33,36,0.140153,0.004469,-0.005475
33,37,0.144592,0.004396,-0.005813
33,38,0.148946,0.004295,-0.006163
33,39,0.153181,0.004160,-0.006521
33,40,0.157266,0.003988,-0.006885
33,41,0.161158,0.003775,-0.007250
33,42,0.164817,0.003519,-0.007610
33,43,0.168195,0.003216,-0.007957
33,44,0.171250,0.002867,-0.008284
33,45,0.173929,0.002472,-0.008582
33,46,0.176193,0.002033,-0.008842
33,47,0.177995,0.001556,-0.009056
33,48,0.179305,0.001048,-0.009214
33,49,0.180092,0.000518,-0.009312
33,50,0.180342,-0.000023,-0.009345
33,51,0.180046,-0.000564,-0.009311
33,52,0.179214,-0.001094,-0.009213
33,53,0.177858,-0.001602,-0.009053
33,54,0.176009,-0.002079,-0.008839
33,55,0.173699,-0.002518,-0.008578
33,56,0.170973,-0.002914,-0.008279
33,57,0.167872,-0.003263,-0.007951
33,58,0.164447,-0.003566,-0.007602
33,59,0.160740,-0.003823,-0.007242
33,60,0.156800,-0.004036,-0.006876
33,61,0.152667,-0.004209,-0.006512
33,62,0.148382,-0.004344,-0.006152
33,63,0.143978,-0.004446,-0.005801
33,64,0.139489,-0.004519,-0.005462
33,65,0.134939,-0.004567,-0.005137
33,66,0.130356,-0.004593,-0.004826
33,67,0.125754,-0.004600,-0.004531
33,68,0.121156,-0.004592,-0.004251
33,69,0.116570,-0.004572,-0.003986
33,70,0.112012,-0.004541,-0.003736
33,71,0.107489,-0.004502,-0.003501
33,72,0.103009,-0.004456,-0.003279
33,73,0.098576,-0.004406,-0.003070
33,74,0.094196,-0.004353,-0.002872
33,75,0.089870,-0.004297,-0.002686
33,76,0.085602,-0.004240,-0.002511
33,77,0.081390,-0.004182,-0.002345
33,78,0.077238,-0.004124,-0.002188
33,79,0.073142,-0.004067,-0.002039
33,80,0.069103,-0.004011,-0.001898
33,81,0.065119,-0.003957,-0.001764
33,82,0.061189,-0.003905,-0.001636
33,83,0.057310,-0.003854,-0.001514
33,84,0.053481,-0.003806,-0.001397
33,85,0.049697,-0.003761,-0.001284
33,86,0.045959,-0.003718,-0.001176
33,87,0.042261,-0.003678,-0.001072
33,88,0.038603,-0.003641,-0.000971
33,89,0.034979,-0.003607,-0.000874
33,90,0.031388,-0.003576,-0.000779
33,91,0.027826,-0.003549,-0.000687
33,92,0.024290,-0.003524,-0.000596
33,93,0.020777,-0.003503,-0.000508
33,94,0.017284,-0.003485,-0.000421
33,95,0.013808,-0.003470,-0.000335
33,96,0.010344,-0.003459,-0.000251
33,97,0.006891,-0.003450,-0.000167
33,98,0.003444,-0.003445,-0.000083
33,99,0.000000,0.000000,-0.000000
34,0,0.000000,0.000000,-0.000000
34,1,0.003404,0.003405,-0.000076
34,2,0.006811,0.003411,-0.000152
34,3,0.010225,0.003419,-0.000229
34,4,0.013649,0.003431,-0.000306
34,5,0.017087,0.003447,-0.000385
34,6,0.020543,0.003466,-0.000464
34,7,0.024019,0.003488,-0.000545
34,8,0.027519,0.003514,-0.000628
34,9,0.031047,0.003543,-0.000712
34,10,0.034605,0.003576,-0.000799
34,11,0.038198,0.003612,-0.000889
34,12,0.041829,0.003651,-0.000981
34,13,0.045501,0.003694,-0.001076
34,14,0.049216,0.003740,-0.001176
34,15,0.052980,0.003789,-0.001279
34,16,0.056793,0.003841,-0.001387
34,17,0.060661,0.003896,-0.001500
34,18,0.064585,0.003954,-0.001618
34,19,0.068569,0.004014,-0.001742
34,20,0.072613,0.004077,-0.001873
34,21,0.076723,0.004142,-0.002011
34,22,0.080898,0.004209,-0.002157
34,23,0.085141,0.004277,-0.002312
34,24,0.089452,0.004346,-0.002477
34,25,0.093833,0.004415,-0.002651
34,26,0.098282,0.004484,-0.002838
34,27,0.102800,0.004551,-0.003036
34,28,0.107383,0.004615,-0.003248
34,29,0.112030,0.004675,-0.003474
34,30,0.116734,0.004730,-0.003715
34,31,0.121491,0.004778,-0.003973
34,32,0.126290,0.004816,-0.004248
34,33,0.131122,0.004841,-0.004540
34,34,0.135972,0.004852,-0.004852
34,35,0.140826,0.004843,-0.005182
34,36,0.145659,0.004813,-0.005530
34,37,0.150451,0.004755,-0.005896
34,38,0.155168,0.004666,-0.006279
34,39,0.159782,0.004540,-0.006674
34,40,0.164249,0.004373,-0.007080
34,41,0.168528,0.004159,-0.007490
34,42,0.172567,0.003895,-0.007899
34,43,0.176318,0.003577,-0.008297
34,44,0.179721,0.003203,-0.008676
34,45,0.182724,0.002772,-0.009024
34,46,0.185266,0.002289,-0.009331
34,47,0.187301,0.001758,-0.009584
34,48,0.188782,0.001188,-0.009773
34,49,0.189677,0.000589,-0.009890
34,50,0.189960,-0.000023,-0.009930
34,51,0.189630,-0.000636,-0.009890
34,52,0.188688,-0.001234,-0.009772
34,53,0.187161,-0.001805,-0.009581
34,54,0.185079,-0.002336,-0.009327
34,55,0.182489,-0.002820,-0.009020
34,56,0.179440,-0.003250,-0.008671
34,57,0.175989,-0.003625,-0.008291
34,58,0.172190,-0.003944,-0.007892
34,59,0.168102,-0.004208,-0.007483
34,60,0.163774,-0.004422,-0.007071
34,61,0.159258,-0.004590,-0.006665
34,62,0.154594,-0.004716,-0.006268
34,63,0.149826,-0.004806,-0.005885
34,64,0.144982,-0.004864,-0.005518
34,65,0.140097,-0.004896,-0.005168
34,66,0.135191,-0.004905,-0.004838
34,67,0.130287,-0.004895,-0.004525
34,68,0.125400,-0.004871,-0.004231
34,69,0.120546,-0.004834,-0.003956
34,70,0.115732,-0.004788,-0.003697
34,71,0.110971,-0.004734,-0.003454
34,72,0.106264,-0.004675,-0.003227
34,73,0.101621,-0.004611,-0.003014
34,74,0.097042,-0.004546,-0.002815
34,75,0.092530,-0.004478,-0.002627
34,76,0.088085,-0.004411,-0.002451
34,77,0.083708,-0.004343,-0.002285
34,78,0.079398,-0.004277,-0.002129
34,79,0.075155,-0.004212,-0.001982
34,80,0.070974,-0.004148,-0.001842
34,81,0.066858,-0.004087,-0.001710
34,82,0.062800,-0.004029,-0.001584
34,83,0.058800,-0.003973,-0.001464
34,84,0.054854,-0.003920,-0.001349
34,85,0.050961,-0.003870,-0.001240
34,86,0.047115,-0.003823,-0.001135
34,87,0.043315,-0.003779,-0.001033
34,88,0.039557,-0.003739,-0.000936
34,89,0.035837,-0.003702,-0.000841
34,90,0.032153,-0.003669,-0.000750
34,91,0.028500,-0.003639,-0.000660
34,92,0.024875,-0.003612,-0.000573
34,93,0.021276,-0.003589,-0.000488
34,94,0.017697,-0.003570,-0.000405
34,95,0.014137,-0.003554,-0.000322
34,96,0.010590,-0.003541,-0.000241
34,97,0.007054,-0.003532,-0.000160
34,98,0.003525,-0.003527,-0.000080
34,99,0.000000,0.000000,-0.000000
35,0,0.000000,0.000000,-0.000000
35,1,0.003478,0.003480,-0.000073
35,2,0.006960,0.003485,-0.000145
35,3,0.010449,0.003495,-0.000219
35,4,0.013949,0.003507,-0.000293
35,5,0.017464,0.003524,-0.000368
35,6,0.020997,0.003544,-0.000444
35,7,0.024552,0.003568,-0.000521
35,8,0.028134,0.003596,-0.000600
35,9,0.031744,0.003627,-0.000681
35,10,0.035388,0.003662,-0.000765
35,11,0.039069,0.003701,-0.000851
35,12,0.042790,0.003743,-0.000940
35,13,0.046555,0.003790,-0.001032
35,14,0.050369,0.003839,-0.001128
35,15,0.054234,0.003893,-0.001228
35,16,0.058155,0.003950,-0.001333
35,17,0.062133,0.004010,-0.001443
35,18,0.066175,0.004074,-0.001558
35,19,0.070281,0.004141,-0.001679
35,20,0.074456,0.004211,-0.001808
35,21,0.078702,0.004283,-0.001944
35,22,0.083023,0.004359,-0.002088
35,23,0.087419,0.004436,-0.002241
35,24,0.091896,0.004516,-0.002405
35,25,0.096451,0.004596,-0.002580
35,26,0.101088,0.004677,-0.002766
35,27,0.105804,0.004757,-0.002966
35,28,0.110602,0.004836,-0.003181
35,29,0.115476,0.004912,-0.003411
35,30,0.120426,0.004984,-0.003658
35,31,0.125443,0.005049,-0.003924
35,32,0.130524,0.005106,-0.004209
35,33,0.135654,0.005151,-0.004515
35,34,0.140826,0.005182,-0.004843
35,35,0.146018,0.005194,-0.005194
35,36,0.151213,0.005183,-0.005567
35,37,0.156384,0.005145,-0.005963
35,38,0.161503,0.005073,-0.006381
35,39,0.166530,0.004962,-0.006818
35,40,0.171426,0.004804,-0.007270
35,41,0.176138,0.004594,-0.007732
35,42,0.180615,0.004326,-0.008198
35,43,0.184790,0.003994,-0.008657
35,44,0.188602,0.003594,-0.009098
35,45,0.191978,0.003126,-0.009509
35,46,0.194855,0.002593,-0.009873
35,47,0.197163,0.001999,-0.010176
35,48,0.198852,0.001355,-0.010404
35,49,0.199873,0.000675,-0.010546
35,50,0.200202,-0.000024,-0.010594
35,51,0.199825,-0.000722,-0.010546
35,52,0.198757,-0.001402,-0.010403
35,53,0.197021,-0.002046,-0.010174
35,54,0.194664,-0.002640,-0.009870
35,55,0.191740,-0.003174,-0.009505
35,56,0.188315,-0.003642,-0.009094
35,57,0.184455,-0.004042,-0.008652
35,58,0.180231,-0.004375,-0.008192
35,59,0.175705,-0.004644,-0.007725
35,60,0.170943,-0.004854,-0.007262
35,61,0.165997,-0.005012,-0.006809
35,62,0.160919,-0.005124,-0.006371
35,63,0.155748,-0.005197,-0.005953
35,64,0.150525,-0.005236,-0.005556
35,65,0.145276,-0.005247,-0.005182
35,66,0.140031,-0.005236,-0.004830
35,67,0.134805,-0.005206,-0.004501
35,68,0.129618,-0.005162,-0.004194
35,69,0.124481,-0.005106,-0.003908
35,70,0.119406,-0.005042,-0.003641
35,71,0.114397,-0.004971,-0.003393
35,72,0.109463,-0.004897,-0.003162
35,73,0.104604,-0.004819,-0.002946
35,74,0.099825,-0.004740,-0.002745
35,75,0.095124,-0.004661,-0.002557
35,76,0.090504,-0.004582,-0.002381
35,77,0.085961,-0.004504,-0.002216
35,78,0.081496,-0.004428,-0.002061
35,79,0.077105,-0.004354,-0.001916
35,80,0.072787,-0.004283,-0.001778
35,81,0.068538,-0.004215,-0.001649
35,82,0.064357,-0.004150,-0.001526
35,83,0.060238,-0.004089,-0.001409
35,84,0.056180,-0.004030,-0.001297
35,85,0.052177,-0.003976,-0.001191
35,86,0.048228,-0.003924,-0.001089
35,87,0.044328,-0.003877,-0.000991
35,88,0.040474,-0.003833,-0.000897
35,89,0.036662,-0.003794,-0.000806
35,90,0.032887,-0.003757,-0.000718
35,91,0.029147,-0.003725,-0.000632
35,92,0.025437,-0.003697,-0.000549
35,93,0.021754,-0.003672,-0.000467
35,94,0.018093,-0.003651,-0.000387
35,95,0.014452,-0.003634,-0.000308
35,96,0.010826,-0.003621,-0.000230
35,97,0.007211,-0.003611,-0.000153
35,98,0.003604,-0.003605,-0.000076
35,99,0.000000,0.000000,-0.000000
36,0,0.000000,0.000000,-0.000000
36,1,0.003549,0.003551,-0.000069
36,2,0.007102,0.003557,-0.000138
36,3,0.010662,0.003566,-0.000208
36,4,0.014234,0.003580,-0.000278
36,5,0.017823,0.003598,-0.000349
36,6,0.021430,0.003619,-0.000422
36,7,0.025061,0.003645,-0.000495
36,8,0.028719,0.003674,-0.000571
36,9,0.032410,0.003708,-0.000648
36,10,0.036135,0.003745,-0.000728
36,11,0.039900,0.003787,-0.000810
36,12,0.043708,0.003832,-0.000896
36,13,0.047565,0.003882,-0.000984
36,14,0.051472,0.003936,-0.001076
36,15,0.055436,0.003993,-0.001173
36,16,0.059459,0.004055,-0.001274
36,17,0.063546,0.004121,-0.001380
36,18,0.067701,0.004191,-0.001492
36,19,0.071928,0.004264,-0.001610
36,20,0.076229,0.004341,-0.001735
36,21,0.080610,0.004422,-0.001868
36,22,0.085073,0.004507,-0.002010
36,23,0.089624,0.004594,-0.002161
36,24,0.094262,0.004684,-0.002322
36,25,0.098992,0.004776,-0.002496
36,26,0.103814,0.004870,-0.002682
36,27,0.108733,0.004965,-0.002882
36,28,0.113745,0.005060,-0.003098
36,29,0.118853,0.005153,-0.003331
36,30,0.124051,0.005243,-0.003583
36,31,0.129339,0.005329,-0.003856
36,32,0.134708,0.005407,-0.004150
36,33,0.140153,0.005475,-0.004469
36,34,0.145659,0.005530,-0.004813
36,35,0.151213,0.005567,-0.005183
36,36,0.156793,0.005582,-0.005582
36,37,0.162377,0.005568,-0.006009
36,38,0.167930,0.005520,-0.006464
36,39,0.173417,0.005429,-0.006945
36,40,0.178788,0.005288,-0.007450
36,41,0.183993,0.005088,-0.007972
36,42,0.188963,0.004820,-0.008504
36,43,0.193633,0.004477,-0.009035
36,44,0.197918,0.004054,-0.009552
36,45,0.201741,0.003547,-0.010039
36,46,0.205011,0.002956,-0.010476
36,47,0.207653,0.002289,-0.010843
36,48,0.209590,0.001558,-0.011122
36,49,0.210769,0.000779,-0.011296
36,50,0.211149,-0.000024,-0.011355
36,51,0.210721,-0.000828,-0.011296
36,52,0.209494,-0.001606,-0.011120
36,53,0.207509,-0.002338,-0.010841
36,54,0.204818,-0.003005,-0.010473
36,55,0.201499,-0.003595,-0.010035
36,56,0.197627,-0.004103,-0.009548
36,57,0.193292,-0.004527,-0.009030
36,58,0.188573,-0.004870,-0.008498
36,59,0.183553,-0.005138,-0.007965
36,60,0.178297,-0.005339,-0.007442
36,61,0.172875,-0.005481,-0.006937
36,62,0.167336,-0.005572,-0.006455
36,63,0.161731,-0.005621,-0.005999
36,64,0.156094,-0.005636,-0.005571
36,65,0.150460,-0.005622,-0.005172
36,66,0.144851,-0.005585,-0.004800
36,67,0.139290,-0.005531,-0.004455
36,68,0.133788,-0.005464,-0.004136
36,69,0.128361,-0.005387,-0.003840
36,70,0.123014,-0.005303,-0.003567
36,71,0.117756,-0.005213,-0.003314
36,72,0.112588,-0.005121,-0.003080
36,73,0.107513,-0.005028,-0.002863
36,74,0.102531,-0.004935,-0.002662
36,75,0.097644,-0.004842,-0.002474
36,76,0.092847,-0.004751,-0.002300
36,77,0.088141,-0.004663,-0.002137
36,78,0.083521,-0.004577,-0.001985
36,79,0.078986,-0.004495,-0.001842
36,80,0.074531,-0.004416,-0.001708
36,81,0.070155,-0.004340,-0.001581
36,82,0.065851,-0.004269,-0.001461
36,83,0.061618,-0.004201,-0.001348
36,84,0.057449,-0.004137,-0.001240
36,85,0.053343,-0.004078,-0.001138
36,86,0.049294,-0.004022,-0.001040
36,87,0.045298,-0.003971,-0.000946
36,88,0.041351,-0.003924,-0.000855
36,89,0.037450,-0.003881,-0.000768
36,90,0.033589,-0.003843,-0.000684
36,91,0.029765,-0.003808,-0.000602
36,92,0.025973,-0.003777,-0.000522
36,93,0.022210,-0.003751,-0.000444
36,94,0.018471,-0.003729,-0.000368
36,95,0.014753,-0.003710,-0.000293
36,96,0.011050,-0.003696,-0.000219
36,97,0.007360,-0.003686,-0.000145
36,98,0.003678,-0.003680,-0.000073
36,99,0.000000,0.000000,-0.000000
37,0,0.000000,0.000000,-0.000000
37,1,0.003616,0.003618,-0.000065
37,2,0.007236,0.003624,-0.000130
37,3,0.010864,0.003635,-0.000196
37,4,0.014505,0.003649,-0.000263
37,5,0.018162,0.003668,-0.000330
37,6,0.021840,0.003690,-0.000398
37,7,0.025543,0.003718,-0.000468
37,8,0.029276,0.003749,-0.000540
37,9,0.033041,0.003784,-0.000613
37,10,0.036844,0.003824,-0.000689
37,11,0.040689,0.003869,-0.000767
37,12,0.044582,0.003917,-0.000848
37,13,0.048524,0.003970,-0.000933
37,14,0.052522,0.004028,-0.001021
37,15,0.056580,0.004090,-0.001113
37,16,0.060702,0.004157,-0.001210
37,17,0.064893,0.004228,-0.001312
37,18,0.069158,0.004304,-0.001419
37,19,0.073500,0.004384,-0.001533
37,20,0.077926,0.004469,-0.001655
37,21,0.082438,0.004558,-0.001784
37,22,0.087042,0.004652,-0.001922
37,23,0.091741,0.004749,-0.002070
37,24,0.096541,0.004851,-0.002228
37,25,0.101442,0.004955,-0.002399
37,26,0.106452,0.005063,-0.002584
37,27,0.111569,0.005173,-0.002783
37,28,0.116799,0.005285,-0.002999
37,29,0.122139,0.005397,-0.003233
37,30,0.127593,0.005508,-0.003488
37,31,0.133155,0.005616,-0.003765
37,32,0.138824,0.005719,-0.004067
37,33,0.144592,0.005813,-0.004396
37,34,0.150451,0.005896,-0.004755
37,35,0.156384,0.005963,-0.005145
37,36,0.162377,0.006009,-0.005568
37,37,0.168402,0.006027,-0.006027
37,38,0.174431,0.006009,-0.006521
37,39,0.180421,0.005947,-0.007050
37,40,0.186325,0.005830,-0.007611
37,41,0.192081,0.005648,-0.008201
37,42,0.197622,0.005389,-0.008810
37,43,0.202860,0.005042,-0.009427
37,44,0.207706,0.004598,-0.010037
37,45,0.212055,0.004050,-0.010619
37,46,0.215806,0.003397,-0.011148
37,47,0.218849,0.002645,-0.011598
37,48,0.221096,0.001808,-0.011944
37,49,0.222465,0.000909,-0.012162
37,50,0.222913,-0.000024,-0.012236
37,51,0.222416,-0.000957,-0.012161
37,52,0.220998,-0.001857,-0.011943
37,53,0.218702,-0.002694,-0.011596
37,54,0.215609,-0.003446,-0.011145
37,55,0.211810,-0.004099,-0.010615
37,56,0.207411,-0.004648,-0.010033
37,57,0.202515,-0.005092,-0.009423
37,58,0.197226,-0.005440,-0.008804
37,59,0.191635,-0.005699,-0.008195
37,60,0.185827,-0.005882,-0.007604
37,61,0.179871,-0.005999,-0.007042
37,62,0.173829,-0.006062,-0.006512
37,63,0.167746,-0.006080,-0.006018
37,64,0.161668,-0.006063,-0.005558
37,65,0.155620,-0.006019,-0.005134
37,66,0.149631,-0.005952,-0.004743
37,67,0.143715,-0.005870,-0.004384
37,68,0.137890,-0.005776,-0.004054
37,69,0.132162,-0.005675,-0.003751
37,70,0.126541,-0.005568,-0.003473
37,71,0.121026,-0.005458,-0.003217
37,72,0.115624,-0.005348,-0.002982
37,73,0.110331,-0.005237,-0.002765
37,74,0.105149,-0.005129,-0.002565
37,75,0.100073,-0.005022,-0.002379
37,76,0.095104,-0.004919,-0.002207
37,77,0.090235,-0.004819,-0.002047
37,78,0.085466,-0.004723,-0.001899
37,79,0.080788,-0.004632,-0.001759
37,80,0.076202,-0.004544,-0.001629
37,81,0.071700,-0.004461,-0.001506
37,82,0.067279,-0.004383,-0.001391
37,83,0.062934,-0.004310,-0.001282
37,84,0.058660,-0.004241,-0.001178
37,85,0.054453,-0.004176,-0.001080
37,86,0.050308,-0.004116,-0.000986
37,87,0.046220,-0.004061,-0.000896
37,88,0.042185,-0.004011,-0.000810
37,89,0.038198,-0.003965,-0.000727
37,90,0.034255,-0.003924,-0.000647
37,91,0.030351,-0.003887,-0.000569
37,92,0.026482,-0.003854,-0.000494
37,93,0.022642,-0.003826,-0.000420
37,94,0.018829,-0.003802,-0.000348
37,95,0.015038,-0.003783,-0.000277
37,96,0.011263,-0.003768,-0.000207
37,97,0.007502,-0.003757,-0.000137
37,98,0.003749,-0.003751,-0.000069
37,99,0.000000,0.000000,-0.000000
38,0,0.000000,0.000000,-0.000000
38,1,0.003679,0.003681,-0.000061
38,2,0.007362,0.003688,-0.000122
38,3,0.011055,0.003699,-0.000184
38,4,0.014760,0.003714,-0.000246
38,5,0.018482,0.003733,-0.000309
38,6,0.022227,0.003758,-0.000374
38,7,0.025998,0.003786,-0.000439
38,8,0.029799,0.003819,-0.000506
38,9,0.033636,0.003857,-0.000576
38,10,0.037513,0.003899,-0.000647
38,11,0.041434,0.003946,-0.000721
38,12,0.045405,0.003998,-0.000797
38,13,0.049430,0.004054,-0.000877
38,14,0.053514,0.004116,-0.000961
38,15,0.057662,0.004182,-0.001048
38,16,0.061878,0.004254,-0.001140
38,17,0.066170,0.004331,-0.001238
38,18,0.070539,0.004412,-0.001341
38,19,0.074995,0.004499,-0.001450
38,20,0.079538,0.004592,-0.001566
38,21,0.084178,0.004690,-0.001691
38,22,0.088917,0.004792,-0.001824
38,23,0.093763,0.004901,-0.001968
38,24,0.098718,0.005014,-0.002122
38,25,0.103791,0.005132,-0.002289
38,26,0.108982,0.005254,-0.002470
38,27,0.114299,0.005380,-0.002667
38,28,0.119742,0.005510,-0.002881
38,29,0.125319,0.005642,-0.003115
38,30,0.131027,0.005775,-0.003370
38,31,0.136870,0.005908,-0.003650
38,32,0.142843,0.006038,-0.003957
38,33,0.148946,0.006163,-0.004295
38,34,0.155168,0.006279,-0.004666
38,35,0.161503,0.006381,-0.005073
38,36,0.167930,0.006464,-0.005520
38,37,0.174431,0.006521,-0.006009
38,38,0.180972,0.006543,-0.006543
38,39,0.187517,0.006520,-0.007122
38,40,0.194011,0.006439,-0.007746
38,41,0.200394,0.006286,-0.008410
38,42,0.206583,0.006047,-0.009108
38,43,0.212488,0.005704,-0.009827
38,44,0.217992,0.005245,-0.010550
38,45,0.222978,0.004657,-0.011251
38,46,0.227307,0.003936,-0.011899
38,47,0.230850,0.003086,-0.012459
38,48,0.233478,0.002121,-0.012894
38,49,0.235092,0.001071,-0.013170
38,50,0.235620,-0.000025,-0.013265
38,51,0.235043,-0.001121,-0.013170
38,52,0.233379,-0.002171,-0.012893
38,53,0.230701,-0.003135,-0.012457
38,54,0.227108,-0.003986,-0.011897
38,55,0.222729,-0.004708,-0.011248
38,56,0.217693,-0.005296,-0.010546
38,57,0.212137,-0.005755,-0.009823
38,58,0.206182,-0.006098,-0.009103
38,59,0.199942,-0.006338,-0.008404
38,60,0.193506,-0.006491,-0.007739
38,61,0.186960,-0.006573,-0.007115
38,62,0.180361,-0.006597,-0.006535
38,63,0.173766,-0.006575,-0.006001
38,64,0.167211,-0.006519,-0.005511
38,65,0.160728,-0.006437,-0.005063
38,66,0.154337,-0.006335,-0.004655
38,67,0.148058,-0.006221,-0.004283
38,68,0.141896,-0.006097,-0.003945
38,69,0.135864,-0.005968,-0.003637
38,70,0.129960,-0.005836,-0.003356
38,71,0.124191,-0.005704,-0.003100
38,72,0.118551,-0.005574,-0.002865
38,73,0.113043,-0.005445,-0.002650
38,74,0.107660,-0.005320,-0.002453
38,75,0.102402,-0.005200,-0.002271
38,76,0.097261,-0.005083,-0.002103
38,77,0.092236,-0.004972,-0.001947
38,78,0.087318,-0.004865,-0.001803
38,79,0.082505,-0.004764,-0.001668
38,80,0.077789,-0.004669,-0.001543
38,81,0.073168,-0.004578,-0.001425
38,82,0.068633,-0.004493,-0.001314
38,83,0.064182,-0.004414,-0.001210
38,84,0.059806,-0.004339,-0.001111
38,85,0.055503,-0.004270,-0.001018
38,86,0.051266,-0.004206,-0.000929
38,87,0.047091,-0.004147,-0.000844
38,88,0.042972,-0.004093,-0.000762
38,89,0.038904,-0.004044,-0.000684
38,90,0.034883,-0.004000,-0.000608
38,91,0.030904,-0.003961,-0.000535
38,92,0.026961,-0.003927,-0.000464
38,93,0.023050,-0.003897,-0.000394
38,94,0.019167,-0.003872,-0.000326
38,95,0.015306,-0.003851,-0.000260
38,96,0.011464,-0.003836,-0.000194
38,97,0.007635,-0.003824,-0.000129
38,98,0.003815,-0.003817,-0.000064
38,99,0.000000,0.000000,-0.000000
39,0,0.000000,0.000000,-0.000000
39,1,0.003738,0.003740,-0.000057
39,2,0.007480,0.003747,-0.000114
39,3,0.011232,0.003758,-0.000171
39,4,0.014997,0.003774,-0.000229
39,5,0.018781,0.003795,-0.000288
39,6,0.022588,0.003820,-0.000348
39,7,0.026422,0.003850,-0.000409
39,8,0.030289,0.003885,-0.000471
39,9,0.034192,0.003925,-0.000536
39,10,0.038138,0.003969,-0.000603
39,11,0.042131,0.004019,-0.000672
39,12,0.046176,0.004074,-0.000743
39,13,0.050278,0.004134,-0.000818
39,14,0.054444,0.004199,-0.000897
39,15,0.058676,0.004270,-0.000979
39,16,0.062983,0.004346,-0.001066
39,17,0.067368,0.004428,-0.001158
39,18,0.071840,0.004516,-0.001256
39,19,0.076400,0.004610,-0.001359
39,20,0.081059,0.004710,-0.001470
39,21,0.085820,0.004816,-0.001589
39,22,0.090691,0.004928,-0.001717
39,23,0.095676,0.005047,-0.001854
39,24,0.100785,0.005172,-0.002003
39,25,0.106020,0.005303,-0.002165
39,26,0.111392,0.005441,-0.002341
39,27,0.116902,0.005584,-0.002533
39,28,0.122560,0.005733,-0.002743
39,29,0.128368,0.005886,-0.002974
39,30,0.134333,0.006043,-0.003228
39,31,0.140455,0.006203,-0.003508
39,32,0.146739,0.006363,-0.003817
39,33,0.153181,0.006521,-0.004160
39,34,0.159782,0.006674,-0.004540
39,35,0.166530,0.006818,-0.004962
39,36,0.173417,0.006945,-0.005429
39,37,0.180421,0.007050,-0.005947
39,38,0.187517,0.007122,-0.006520
39,39,0.194665,0.007150,-0.007150
39,40,0.201817,0.007119,-0.007839
39,41,0.208902,0.007011,-0.008586
39,42,0.215838,0.006806,-0.009385
39,43,0.222515,0.006484,-0.010224
39,44,0.228806,0.006021,-0.011084
39,45,0.234557,0.005399,-0.011935
39,46,0.239604,0.004605,-0.012739
39,47,0.243767,0.003640,-0.013445
39,48,0.246883,0.002519,-0.014002
39,49,0.248806,0.001280,-0.014361
39,50,0.249443,-0.000025,-0.014485
39,51,0.248756,-0.001330,-0.014360
39,52,0.246783,-0.002570,-0.014001
39,53,0.243616,-0.003690,-0.013443
39,54,0.239403,-0.004656,-0.012736
39,55,0.234305,-0.005450,-0.011933
39,56,0.228503,-0.006072,-0.011081
39,57,0.222160,-0.006535,-0.010220
39,58,0.215432,-0.006858,-0.009380
39,59,0.208443,-0.007063,-0.008581
39,60,0.201306,-0.007172,-0.007833
39,61,0.194100,-0.007203,-0.007143
39,62,0.186899,-0.007176,-0.006512
39,63,0.179748,-0.007105,-0.005939
39,64,0.172689,-0.007001,-0.005420
39,65,0.165746,-0.006874,-0.004952
39,66,0.158940,-0.006732,-0.004530
39,67,0.152282,-0.006580,-0.004149
39,68,0.145780,-0.006423,-0.003806
39,69,0.139436,-0.006264,-0.003496
39,70,0.133253,-0.006105,-0.003215
39,71,0.127225,-0.005949,-0.002960
39,72,0.121354,-0.005797,-0.002729
39,73,0.115631,-0.005650,-0.002518
39,74,0.110054,-0.005508,-0.002325
39,75,0.104614,-0.005372,-0.002148
39,76,0.099309,-0.005243,-0.001985
39,77,0.094129,-0.005119,-0.001836
39,78,0.089071,-0.005002,-0.001697
39,79,0.084125,-0.004892,-0.001568
39,80,0.079287,-0.004788,-0.001448
39,81,0.074550,-0.004690,-0.001336
39,82,0.069908,-0.004598,-0.001231
39,83,0.065354,-0.004512,-0.001132
39,84,0.060883,-0.004433,-0.001039
39,85,0.056488,-0.004359,-0.000951
39,86,0.052165,-0.004291,-0.000867
39,87,0.047907,-0.004228,-0.000787
39,88,0.043709,-0.004171,-0.000711
39,89,0.039565,-0.004119,-0.000637
39,90,0.035471,-0.004073,-0.000567
39,91,0.031420,-0.004031,-0.000498
39,92,0.027409,-0.003995,-0.000432
39,93,0.023431,-0.003963,-0.000367
39,94,0.019482,-0.003937,-0.000304
39,95,0.015557,-0.003915,-0.000242
39,96,0.011651,-0.003899,-0.000180
39,97,0.007759,-0.003887,-0.000120
39,98,0.003877,-0.003880,-0.000060
39,99,0.000000,0.000000,-0.000000
40,0,0.000000,0.000000,-0.000000
40,1,0.003792,0.003795,-0.000052
40,2,0.007590,0.003802,-0.000105
40,3,0.011396,0.003814,-0.000157
40,4,0.015217,0.003831,-0.000211
40,5,0.019058,0.003852,-0.000265
40,6,0.022922,0.003879,-0.000320
40,7,0.026815,0.003910,-0.000377
40,8,0.030742,0.003946,-0.000434
40,9,0.034708,0.003988,-0.000494
40,10,0.038718,0.004035,-0.000556
40,11,0.042778,0.004087,-0.000620
40,12,0.046892,0.004145,-0.000686
40,13,0.051067,0.004208,-0.000756
40,14,0.055307,0.004277,-0.000829
40,15,0.059620,0.004352,-0.000906
40,16,0.064011,0.004433,-0.000987
40,17,0.068486,0.004520,-0.001073
40,18,0.073050,0.004614,-0.001164
40,19,0.077713,0.004714,-0.001262
40,20,0.082479,0.004822,-0.001366
40,21,0.087356,0.004936,-0.001478
40,22,0.092351,0.005058,-0.001599
40,23,0.097472,0.005187,-0.001730
40,24,0.102725,0.005324,-0.001872
40,25,0.108121,0.005469,-0.002027
40,26,0.113664,0.005622,-0.002196
40,27,0.119365,0.005783,-0.002381
40,28,0.125229,0.005951,-0.002585
40,29,0.131267,0.006127,-0.002810
40,30,0.137482,0.006309,-0.003060
40,31,0.143886,0.006498,-0.003336
40,32,0.150478,0.006690,-0.003644
40,33,0.157266,0.006885,-0.003988
40,34,0.164249,0.007080,-0.004373
40,35,0.171426,0.007270,-0.004804
40,36,0.178788,0.007450,-0.005288
40,37,0.186325,0.007611,-0.005830
40,38,0.194011,0.007746,-0.006439
40,39,0.201817,0.007839,-0.007119
40,40,0.209689,0.007875,-0.007875
40,41,0.217567,0.007832,-0.008710
40,42,0.225354,0.007685,-0.009622
40,43,0.232936,0.007404,-0.010601
40,44,0.240161,0.006956,-0.011627
40,45,0.246849,0.006312,-0.012668
40,46,0.252784,0.005446,-0.013675
40,47,0.257741,0.004349,-0.014580
40,48,0.261483,0.003037,-0.015310
40,49,0.263814,0.001553,-0.015786
40,50,0.264589,-0.000025,-0.015952
40,51,0.263763,-0.001604,-0.015786
40,52,0.261381,-0.003088,-0.015309
40,53,0.257588,-0.004400,-0.014579
40,54,0.252581,-0.005497,-0.013672
40,55,0.246594,-0.006363,-0.012666
40,56,0.239854,-0.007008,-0.011624
40,57,0.232578,-0.007456,-0.010597
40,58,0.224943,-0.007737,-0.009618
40,59,0.217103,-0.007885,-0.008705
40,60,0.209173,-0.007929,-0.007870
40,61,0.201246,-0.007893,-0.007113
40,62,0.193386,-0.007801,-0.006432
40,63,0.185645,-0.007667,-0.005823
40,64,0.178052,-0.007506,-0.005280
40,65,0.170633,-0.007327,-0.004796
40,66,0.163397,-0.007138,-0.004364
40,67,0.156356,-0.006945,-0.003978
40,68,0.149508,-0.006751,-0.003634
40,69,0.142855,-0.006559,-0.003325
40,70,0.136390,-0.006372,-0.003048
40,71,0.130111,-0.006191,-0.002798
40,72,0.124009,-0.006016,-0.002572
40,73,0.118079,-0.005849,-0.002367
40,74,0.112310,-0.005690,-0.002181
40,75,0.106698,-0.005539,-0.002011
40,76,0.101232,-0.005396,-0.001856
40,77,0.095907,-0.005260,-0.001713
40,78,0.090712,-0.005133,-0.001581
40,79,0.085641,-0.005013,-0.001459
40,80,0.080686,-0.004900,-0.001346
40,81,0.075840,-0.004795,-0.001241
40,82,0.071095,-0.004697,-0.001142
40,83,0.066447,-0.004605,-0.001049
40,84,0.061885,-0.004521,-0.000962
40,85,0.057405,-0.004442,-0.000880
40,86,0.053001,-0.004370,-0.000802
40,87,0.048666,-0.004304,-0.000728
40,88,0.044393,-0.004243,-0.000657
40,89,0.040179,-0.004189,-0.000588
40,90,0.036016,-0.004140,-0.000523
40,91,0.031900,-0.004096,-0.000460
40,92,0.027824,-0.004058,-0.000398
40,93,0.023784,-0.004025,-0.000338
40,94,0.019774,-0.003997,-0.000280
40,95,0.015789,-0.003975,-0.000223
40,96,0.011824,-0.003957,-0.000166
40,97,0.007875,-0.003945,-0.000110
40,98,0.003935,-0.003937,-0.000055
40,99,0.000000,0.000000,-0.000000
41,0,0.000000,0.000000,-0.000000
41,1,0.003842,0.003845,-0.000048
41,2,0.007690,0.003852,-0.000095
41,3,0.011547,0.003865,-0.000143
41,4,0.015419,0.003882,-0.000192
41,5,0.019311,0.003904,-0.000241
41,6,0.023228,0.003932,-0.000292
41,7,0.027175,0.003965,-0.000343
41,8,0.031157,0.004003,-0.000396
41,9,0.035180,0.004046,-0.000450
41,10,0.039250,0.004095,-0.000507
41,11,0.043370,0.004150,-0.000565
41,12,0.047549,0.004210,-0.000626
41,13,0.051790,0.004276,-0.000690
41,14,0.056102,0.004349,-0.000757
41,15,0.060488,0.004428,-0.000828
41,16,0.064957,0.004513,-0.000903
41,17,0.069514,0.004605,-0.000982
41,18,0.074168,0.004705,-0.001067
41,19,0.078924,0.004812,-0.001157
41,20,0.083791,0.004926,-0.001254
41,21,0.088776,0.005049,-0.001359
41,22,0.093890,0.005180,-0.001472
41,23,0.099137,0.005320,-0.001595
41,24,0.104529,0.005469,-0.001728
41,25,0.110074,0.005627,-0.001874
41,26,0.115784,0.005795,-0.002035
41,27,0.121665,0.005974,-0.002211
41,28,0.127731,0.006162,-0.002406
41,29,0.133989,0.006361,-0.002623
41,30,0.140452,0.006569,-0.002864
41,31,0.147127,0.006788,-0.003133
41,32,0.154028,0.007015,-0.003435
41,33,0.161158,0.007250,-0.003775
41,34,0.168528,0.007490,-0.004159
41,35,0.176138,0.007732,-0.004594
41,36,0.183993,0.007972,-0.005088
41,37,0.192081,0.008201,-0.005648
41,38,0.200394,0.008410,-0.006286
41,39,0.208902,0.008586,-0.007011
41,40,0.217567,0.008710,-0.007832
41,41,0.226322,0.008758,-0.008758
41,42,0.235082,0.008697,-0.009792
41,43,0.243716,0.008489,-0.010930
41,44,0.252061,0.008089,-0.012156
41,45,0.259894,0.007446,-0.013436
41,46,0.266953,0.006517,-0.014711
41,47,0.272928,0.005275,-0.015893
41,48,0.277503,0.003725,-0.016870
41,49,0.280378,0.001922,-0.017522
41,50,0.281347,-0.000026,-0.017752
41,51,0.280327,-0.001973,-0.017522
41,52,0.277400,-0.003776,-0.016869
41,53,0.272774,-0.005326,-0.015891
41,54,0.266747,-0.006569,-0.014709
41,55,0.259636,-0.007498,-0.013434
41,56,0.251751,-0.008141,-0.012153
41,57,0.243355,-0.008542,-0.010926
41,58,0.234667,-0.008750,-0.009788
41,59,0.225854,-0.008811,-0.008753
41,60,0.217045,-0.008764,-0.007827
41,61,0.208325,-0.008641,-0.007005
41,62,0.199763,-0.008466,-0.006280
41,63,0.191394,-0.008257,-0.005642
41,64,0.183249,-0.008029,-0.005081
41,65,0.175337,-0.007790,-0.004587
41,66,0.167668,-0.007549,-0.004151
41,67,0.160239,-0.007310,-0.003767
41,68,0.153048,-0.007076,-0.003426
41,69,0.146086,-0.006850,-0.003123
41,70,0.139348,-0.006633,-0.002853
41,71,0.132821,-0.006425,-0.002611
41,72,0.126498,-0.006228,-0.002394
41,73,0.120365,-0.006041,-0.002198
41,74,0.114416,-0.005864,-0.002021
41,75,0.108637,-0.005698,-0.001860
41,76,0.103021,-0.005541,-0.001713
41,77,0.097555,-0.005394,-0.001579
41,78,0.092233,-0.005256,-0.001455
41,79,0.087043,-0.005127,-0.001342
41,80,0.081979,-0.005006,-0.001236
41,81,0.077031,-0.004894,-0.001138
41,82,0.072192,-0.004789,-0.001047
41,83,0.067453,-0.004692,-0.000961
41,84,0.062808,-0.004602,-0.000881
41,85,0.058248,-0.004519,-0.000805
41,86,0.053769,-0.004443,-0.000733
41,87,0.049362,-0.004373,-0.000664
41,88,0.045022,-0.004310,-0.000599
41,89,0.040742,-0.004253,-0.000537
41,90,0.036517,-0.004201,-0.000477
41,91,0.032339,-0.004156,-0.000419
41,92,0.028205,-0.004116,-0.000363
41,93,0.024108,-0.004082,-0.000308
41,94,0.020042,-0.004053,-0.000255
41,95,0.016002,-0.004029,-0.000203
41,96,0.011984,-0.004011,-0.000151
41,97,0.007980,-0.003998,-0.000101
41,98,0.003988,-0.003990,-0.000050
41,99,0.000000,0.000000,-0.000000
42,0,0.000000,0.000000,-0.000000
42,1,0.003887,0.003890,-0.000043
42,2,0.007780,0.003898,-0.000085
42,3,0.011683,0.003911,-0.000129
42,4,0.015601,0.003929,-0.000172
42,5,0.019540,0.003952,-0.000217
42,6,0.023505,0.003980,-0.000262
42,7,0.027501,0.004014,-0.000308
42,8,0.031533,0.004054,-0.000356
42,9,0.035609,0.004099,-0.000405
42,10,0.039731,0.004150,-0.000456
42,11,0.043908,0.004207,-0.000508
42,12,0.048144,0.004270,-0.000563
42,13,0.052447,0.004339,-0.000621
42,14,0.056822,0.004415,-0.000682
42,15,0.061276,0.004497,-0.000746
42,16,0.065816,0.004587,-0.000814
42,17,0.070450,0.004684,-0.000886
42,18,0.075184,0.004789,-0.000963
42,19,0.080028,0.004902,-0.001046
42,20,0.084987,0.005023,-0.001135
42,21,0.090074,0.005154,-0.001231
42,22,0.095295,0.005294,-0.001335
42,23,0.100661,0.005444,-0.001448
42,24,0.106182,0.005604,-0.001572
42,25,0.111869,0.005776,-0.001708
42,26,0.117733,0.005959,-0.001857
42,27,0.123787,0.006154,-0.002022
42,28,0.130041,0.006363,-0.002206
42,29,0.136512,0.006584,-0.002410
42,30,0.143210,0.006820,-0.002640
42,31,0.150152,0.007069,-0.002897
42,32,0.157348,0.007333,-0.003189
42,33,0.164817,0.007610,-0.003519
42,34,0.172567,0.007899,-0.003895
42,35,0.180615,0.008198,-0.004326
42,36,0.188963,0.008504,-0.004820
42,37,0.197622,0.008810,-0.005389
42,38,0.206583,0.009108,-0.006047
42,39,0.215838,0.009385,-0.006806
42,40,0.225354,0.009622,-0.007685
42,41,0.235082,0.009792,-0.008697
42,42,0.244937,0.009857,-0.009857
42,43,0.254796,0.009768,-0.011170
42,44,0.264473,0.009463,-0.012631
42,45,0.273721,0.008866,-0.014210
42,46,0.282206,0.007902,-0.015840
42,47,0.289526,0.006508,-0.017409
42,48,0.295222,0.004666,-0.018755
42,49,0.298858,0.002436,-0.019680
42,50,0.300094,-0.000026,-0.020013
42,51,0.298807,-0.002488,-0.019680
42,52,0.295119,-0.004718,-0.018754
42,53,0.289370,-0.006560,-0.017408
42,54,0.281998,-0.007954,-0.015838
42,55,0.273462,-0.008919,-0.014207
42,56,0.264161,-0.009515,-0.012629
42,57,0.254431,-0.009821,-0.011167
42,58,0.244518,-0.009910,-0.009853
42,59,0.234610,-0.009846,-0.008693
42,60,0.224827,-0.009677,-0.007680
42,61,0.215257,-0.009440,-0.006802
42,62,0.205946,-0.009164,-0.006041
42,63,0.196928,-0.008867,-0.005383
42,64,0.188213,-0.008561,-0.004814
42,65,0.179806,-0.008256,-0.004319
42,66,0.171700,-0.007958,-0.003888
42,67,0.163890,-0.007670,-0.003511
42,68,0.156360,-0.007394,-0.003180
42,69,0.149102,-0.007132,-0.002888
42,70,0.142096,-0.006884,-0.002630
42,71,0.135334,-0.006650,-0.002400
42,72,0.128797,-0.006429,-0.002195
42,73,0.122476,-0.006222,-0.002011
42,74,0.116353,-0.006028,-0.001845
42,75,0.110419,-0.005847,-0.001695
42,76,0.104659,-0.005677,-0.001559
42,77,0.099065,-0.005518,-0.001434
42,78,0.093622,-0.005370,-0.001320
42,79,0.088324,-0.005232,-0.001215
42,80,0.083158,-0.005104,-0.001119
42,81,0.078116,-0.004985,-0.001029
42,82,0.073189,-0.004874,-0.000945
42,83,0.068369,-0.004771,-0.000867
42,84,0.063646,-0.004677,-0.000794
42,85,0.059015,-0.004590,-0.000725
42,86,0.054466,-0.004510,-0.000660
42,87,0.049995,-0.004437,-0.000598
42,88,0.045592,-0.004371,-0.000539
42,89,0.041253,-0.004311,-0.000483
42,90,0.036970,-0.004258,-0.000429
42,91,0.032738,-0.004210,-0.000377
42,92,0.028550,-0.004169,-0.000326
42,93,0.024401,-0.004133,-0.000277
42,94,0.020284,-0.004103,-0.000229
42,95,0.016195,-0.004078,-0.000182
42,96,0.012127,-0.004060,-0.000136
42,97,0.008076,-0.004046,-0.000090
42,98,0.004035,-0.004038,-0.000045
42,99,0.000000,0.000000,-0.000000
43,0,0.000000,0.000000,-0.000000
43,1,0.003928,0.003930,-0.000038
43,2,0.007861,0.003938,-0.000075
43,3,0.011804,0.003951,-0.000113
43,4,0.015763,0.003970,-0.000152
43,5,0.019744,0.003994,-0.000191
43,6,0.023751,0.004023,-0.000231
43,7,0.027791,0.004059,-0.000272
43,8,0.031869,0.004099,-0.000314
43,9,0.035990,0.004146,-0.000357
43,10,0.040161,0.004199,-0.000402
43,11,0.044387,0.004258,-0.000449
43,12,0.048676,0.004323,-0.000498
43,13,0.053033,0.004395,-0.000549
43,14,0.057466,0.004474,-0.000603
43,15,0.061980,0.004560,-0.000660
43,16,0.066585,0.004653,-0.000721
43,17,0.071287,0.004755,-0.000786
43,18,0.076095,0.004865,-0.000855
43,19,0.081016,0.004983,-0.000929
43,20,0.086061,0.005111,-0.001009
43,21,0.091238,0.005249,-0.001095
43,22,0.096559,0.005397,-0.001189
43,23,0.102033,0.005557,-0.001291
43,24,0.107673,0.005728,-0.001404
43,25,0.113489,0.005912,-0.001527
43,26,0.119498,0.006110,-0.001664
43,27,0.125709,0.006322,-0.001815
43,28,0.132142,0.006550,-0.001984
43,29,0.138809,0.006794,-0.002174
43,30,0.145731,0.007056,-0.002387
43,31,0.152922,0.007337,-0.002628
43,32,0.160405,0.007637,-0.002903
43,33,0.168195,0.007957,-0.003216
43,34,0.176318,0.008297,-0.003577
43,35,0.184790,0.008657,-0.003994
43,36,0.193633,0.009035,-0.004477
43,37,0.202860,0.009427,-0.005042
43,38,0.212488,0.009827,-0.005704
43,39,0.222515,0.010224,-0.006484
43,40,0.232936,0.010601,-0.007404
43,41,0.243716,0.010930,-0.008489
43,42,0.254796,0.011170,-0.009768
43,43,0.266057,0.011264,-0.011264
43,44,0.277324,0.011128,-0.012989
43,45,0.288313,0.010655,-0.014931
43,46,0.298633,0.009717,-0.017030
43,47,0.307747,0.008190,-0.019151
43,48,0.315012,0.005996,-0.021059
43,49,0.319739,0.003181,-0.022431
43,50,0.321374,-0.000026,-0.022941
43,51,0.319687,-0.003233,-0.022431
43,52,0.314908,-0.006048,-0.021058
43,53,0.307590,-0.008242,-0.019149
43,54,0.298424,-0.009770,-0.017029
43,55,0.288051,-0.010707,-0.014929
43,56,0.277009,-0.011181,-0.012987
43,57,0.265689,-0.011317,-0.011261
43,58,0.254374,-0.011224,-0.009765
43,59,0.243241,-0.010984,-0.008486
43,60,0.232406,-0.010656,-0.007400
43,61,0.221929,-0.010280,-0.006480
43,62,0.211845,-0.009884,-0.005700
43,63,0.202161,-0.009485,-0.005037
43,64,0.192876,-0.009093,-0.004472
43,65,0.183975,-0.008716,-0.003988
43,66,0.175444,-0.008357,-0.003571
43,67,0.167261,-0.008018,-0.003210
43,68,0.159409,-0.007699,-0.002895
43,69,0.151863,-0.007400,-0.002620
43,70,0.144609,-0.007121,-0.002379
43,71,0.137622,-0.006860,-0.002165
43,72,0.130888,-0.006617,-0.001975
43,73,0.124387,-0.006391,-0.001805
43,74,0.118107,-0.006180,-0.001653
43,75,0.112027,-0.005984,-0.001516
43,76,0.106138,-0.005802,-0.001392
43,77,0.100423,-0.005632,-0.001279
43,78,0.094874,-0.005475,-0.001176
43,79,0.089474,-0.005328,-0.001081
43,80,0.084217,-0.005193,-0.000994
43,81,0.079089,-0.005067,-0.000914
43,82,0.074083,-0.004951,-0.000839
43,83,0.069187,-0.004843,-0.000769
43,84,0.064396,-0.004744,-0.000704
43,85,0.059699,-0.004653,-0.000642
43,86,0.055090,-0.004570,-0.000584
43,87,0.050559,-0.004494,-0.000529
43,88,0.046101,-0.004425,-0.000477
43,89,0.041708,-0.004363,-0.000427
43,90,0.037375,-0.004308,-0.000379
43,91,0.033093,-0.004259,-0.000333
43,92,0.028858,-0.004216,-0.000288
43,93,0.024662,-0.004179,-0.000245
43,94,0.020500,-0.004148,-0.000202
43,95,0.016366,-0.004122,-0.000161
43,96,0.012255,-0.004103,-0.000120
43,97,0.008161,-0.004089,-0.000080
43,98,0.004078,-0.004080,-0.000040
43,99,0.000000,0.000000,-0.000000
44,0,0.000000,0.000000,-0.000000
44,1,0.003963,0.003965,-0.000032
44,2,0.007931,0.003974,-0.000065
44,3,0.011910,0.003987,-0.000098
44,4,0.015905,0.004006,-0.000131
44,5,0.019922,0.004031,-0.000165
44,6,0.023966,0.004061,-0.000199
44,7,0.028045,0.004097,-0.000234
44,8,0.032161,0.004139,-0.000271
44,9,0.036323,0.004187,-0.000308
44,10,0.040536,0.004242,-0.000347
44,11,0.044806,0.004302,-0.000388
44,12,0.049140,0.004370,-0.000430
44,13,0.053546,0.004444,-0.000475
44,14,0.058028,0.004526,-0.000522
44,15,0.062597,0.004615,-0.000571
44,16,0.067258,0.004712,-0.000624
44,17,0.072021,0.004817,-0.000680
44,18,0.076893,0.004932,-0.000741
44,19,0.081885,0.005056,-0.000806
44,20,0.087004,0.005190,-0.000876
44,21,0.092264,0.005334,-0.000952
44,22,0.097672,0.005490,-0.001034
44,23,0.103244,0.005658,-0.001125
44,24,0.108989,0.005840,-0.001224
44,25,0.114924,0.006036,-0.001334
44,26,0.121060,0.006247,-0.001455
44,27,0.127417,0.006475,-0.001591
44,28,0.134010,0.006721,-0.001742
44,29,0.140859,0.006987,-0.001913
44,30,0.147984,0.007274,-0.002106
44,31,0.155408,0.007585,-0.002326
44,32,0.163153,0.007921,-0.002577
44,33,0.171250,0.008284,-0.002867
44,34,0.179721,0.008676,-0.003203
44,35,0.188602,0.009098,-0.003594
44,36,0.197918,0.009552,-0.004054
44,37,0.207706,0.010037,-0.004598
44,38,0.217992,0.010550,-0.005245
44,39,0.228806,0.011084,-0.006021
44,40,0.240161,0.011627,-0.006956
44,41,0.252061,0.012156,-0.008089
44,42,0.264473,0.012631,-0.009463
44,43,0.277324,0.012989,-0.011128
44,44,0.290451,0.013130,-0.013130
44,45,0.303583,0.012907,-0.015496
44,46,0.316266,0.012122,-0.018198
44,47,0.327827,0.010537,-0.021104
44,48,0.337340,0.007947,-0.023898
44,49,0.343721,0.004318,-0.026045
44,50,0.345976,-0.000026,-0.026888
44,51,0.343669,-0.004371,-0.026045
44,52,0.337235,-0.008000,-0.023898
44,53,0.327669,-0.010590,-0.021103
44,54,0.316055,-0.012175,-0.018197
44,55,0.303320,-0.012961,-0.015494
44,56,0.290134,-0.013183,-0.013128
44,57,0.276953,-0.013043,-0.011126
44,58,0.264049,-0.012686,-0.009460
44,59,0.251582,-0.012211,-0.008086
44,60,0.239626,-0.011683,-0.006953
44,61,0.228216,-0.011140,-0.006017
44,62,0.217346,-0.010607,-0.005241
44,63,0.207003,-0.010095,-0.004593
44,64,0.197157,-0.009611,-0.004049
44,65,0.187781,-0.009158,-0.003589
44,66,0.178841,-0.008736,-0.003197
44,67,0.170309,-0.008345,-0.002861
44,68,0.162151,-0.007983,-0.002571
44,69,0.154342,-0.007649,-0.002319
44,70,0.146853,-0.007339,-0.002099
44,71,0.139664,-0.007053,-0.001906
44,72,0.132747,-0.006789,-0.001734
44,73,0.126086,-0.006544,-0.001582
44,74,0.119659,-0.006318,-0.001446
44,75,0.113451,-0.006108,-0.001324
44,76,0.107443,-0.005914,-0.001214
44,77,0.101623,-0.005734,-0.001114
44,78,0.095975,-0.005568,-0.001023
44,79,0.090487,-0.005414,-0.000940
44,80,0.085146,-0.005272,-0.000863
44,81,0.079944,-0.005140,-0.000793
44,82,0.074866,-0.005019,-0.000727
44,83,0.069907,-0.004907,-0.000666
44,84,0.065053,-0.004804,-0.000609
44,85,0.060299,-0.004709,-0.000556
44,86,0.055635,-0.004623,-0.000505
44,87,0.051053,-0.004544,-0.000457
44,88,0.046546,-0.004473,-0.000412
44,89,0.042107,-0.004409,-0.000369
44,90,0.037728,-0.004352,-0.000327
44,91,0.033403,-0.004301,-0.000287
44,92,0.029126,-0.004257,-0.000249
44,93,0.024890,-0.004219,-0.000211
44,94,0.020689,-0.004187,-0.000174
44,95,0.016516,-0.004161,-0.000139
44,96,0.012367,-0.004141,-0.000103
44,97,0.008235,-0.004126,-0.000069
44,98,0.004115,-0.004118,-0.000034
44,99,0.000000,0.000000,-0.000000
45,0,0.000000,0.000000,-0.000000
45,1,0.003992,0.003995,-0.000027
45,2,0.007990,0.004003,-0.000054
45,3,0.011999,0.004017,-0.000082
45,4,0.016025,0.004037,-0.000109
45,5,0.020073,0.004062,-0.000138
45,6,0.024150,0.004093,-0.000166
45,7,0.028260,0.004130,-0.000196
45,8,0.032410,0.004173,-0.000226
45,9,0.036606,0.004223,-0.000258
45,10,0.040855,0.004278,-0.000291
45,11,0.045163,0.004341,-0.000325
45,12,0.049537,0.004410,-0.000360
45,13,0.053982,0.004486,-0.000398
45,14,0.058509,0.004570,-0.000437
45,15,0.063123,0.004662,-0.000479
45,16,0.067833,0.004762,-0.000524
45,17,0.072647,0.004871,-0.000571
45,18,0.077576,0.004990,-0.000622
45,19,0.082627,0.005118,-0.000677
45,20,0.087813,0.005257,-0.000737
45,21,0.093141,0.005408,-0.000801
45,22,0.098628,0.005570,-0.000872
45,23,0.104282,0.005747,-0.000949
45,24,0.110121,0.005937,-0.001034
45,25,0.116157,0.006144,-0.001128
45,26,0.122408,0.006367,-0.001233
45,27,0.128891,0.006609,-0.001350
45,28,0.135627,0.006872,-0.001481
45,29,0.142635,0.007158,-0.001630
45,30,0.149943,0.007469,-0.001799
45,31,0.157574,0.007808,-0.001992
45,32,0.165559,0.008178,-0.002214
45,33,0.173929,0.008582,-0.002472
45,34,0.182724,0.009024,-0.002772
45,35,0.191978,0.009509,-0.003126
45,36,0.201741,0.010039,-0.003547
45,37,0.212055,0.010619,-0.004050
45,38,0.222978,0.011251,-0.004657
45,39,0.234557,0.011935,-0.005399
45,40,0.246849,0.012668,-0.006312
45,41,0.259894,0.013436,-0.007446
45,42,0.273721,0.014210,-0.008866
45,43,0.288313,0.014931,-0.010655
45,44,0.303583,0.015496,-0.012907
45,45,0.319304,0.015723,-0.015723
45,46,0.335030,0.015325,-0.019164
45,47,0.349955,0.013890,-0.023169
45,48,0.362809,0.010937,-0.027386
45,49,0.371830,0.006171,-0.030964
45,50,0.375151,-0.000026,-0.032522
45,51,0.371777,-0.006224,-0.030963
45,52,0.362703,-0.010990,-0.027385
45,53,0.349796,-0.013943,-0.023168
45,54,0.334818,-0.015379,-0.019163
45,55,0.319039,-0.015777,-0.015722
45,56,0.303265,-0.015549,-0.012906
45,57,0.287940,-0.014985,-0.010653
45,58,0.273294,-0.014264,-0.008864
45,59,0.259412,-0.013491,-0.007444
45,60,0.246312,-0.012724,-0.006309
45,61,0.233964,-0.011992,-0.005396
45,62,0.222328,-0.011308,-0.004654
45,63,0.211348,-0.010676,-0.004046
45,64,0.200975,-0.010097,-0.003543
45,65,0.191153,-0.009568,-0.003122
45,66,0.181839,-0.009085,-0.002768
45,67,0.172983,-0.008644,-0.002467
45,68,0.164551,-0.008241,-0.002209
45,69,0.156502,-0.007872,-0.001986
45,70,0.148807,-0.007534,-0.001793
45,71,0.141433,-0.007225,-0.001624
45,72,0.134357,-0.006940,-0.001475
45,73,0.127552,-0.006679,-0.001343
45,74,0.120999,-0.006438,-0.001226
45,75,0.114676,-0.006216,-0.001121
45,76,0.108566,-0.006012,-0.001026
45,77,0.102652,-0.005823,-0.000940
45,78,0.096920,-0.005649,-0.000863
45,79,0.091354,-0.005488,-0.000792
45,80,0.085944,-0.005340,-0.000727
45,81,0.080674,-0.005203,-0.000667
45,82,0.075537,-0.005077,-0.000611
45,83,0.070520,-0.004961,-0.000560
45,84,0.065615,-0.004855,-0.000511
45,85,0.060810,-0.004757,-0.000466
45,86,0.056100,-0.004668,-0.000424
45,87,0.051474,-0.004587,-0.000383
45,88,0.046925,-0.004514,-0.000345
45,89,0.042446,-0.004448,-0.000309
45,90,0.038029,-0.004389,-0.000274
45,91,0.033667,-0.004337,-0.000240
45,92,0.029355,-0.004292,-0.000208
45,93,0.025084,-0.004253,-0.000177
45,94,0.020849,-0.004220,-0.000146
45,95,0.016644,-0.004193,-0.000116
45,96,0.012462,-0.004173,-0.000087
45,97,0.008298,-0.004158,-0.000057
45,98,0.004146,-0.004149,-0.000029
45,99,0.000000,0.000000,-0.000000
46,0,0.000000,0.000000,-0.000000
46,1,0.004017,0.004020,-0.000022
46,2,0.008039,0.004028,-0.000043
46,3,0.012073,0.004042,-0.000065
46,4,0.016124,0.004062,-0.000087
46,5,0.020197,0.004088,-0.000110
46,6,0.024299,0.004120,-0.000133
46,7,0.028437,0.004157,-0.000157
46,8,0.032614,0.004201,-0.000181
46,9,0.036839,0.004251,-0.000206
46,10,0.041117,0.004308,-0.000233
46,11,0.045456,0.004372,-0.000260
46,12,0.049861,0.004443,-0.000289
46,13,0.054341,0.004521,-0.000319
46,14,0.058903,0.004607,-0.000350
46,15,0.063556,0.004701,-0.000384
46,16,0.068305,0.004804,-0.000420
46,17,0.073164,0.004916,-0.000459
46,18,0.078138,0.005038,-0.000500
46,19,0.083239,0.005170,-0.000545
46,20,0.088478,0.005314,-0.000593
46,21,0.093867,0.005469,-0.000645
46,22,0.099416,0.005638,-0.000703
46,23,0.105142,0.005821,-0.000766
46,24,0.111057,0.006019,-0.000835
46,25,0.117180,0.006234,-0.000913
46,26,0.123526,0.006469,-0.000999
46,27,0.130117,0.006723,-0.001095
46,28,0.136973,0.007001,-0.001204
46,29,0.144119,0.007304,-0.001327
46,30,0.151581,0.007636,-0.001467
46,31,0.159392,0.008000,-0.001629
46,32,0.167581,0.008401,-0.001815
46,33,0.176193,0.008842,-0.002033
46,34,0.185266,0.009331,-0.002289
46,35,0.194855,0.009873,-0.002593
46,36,0.205011,0.010476,-0.002956
46,37,0.215806,0.011148,-0.003397
46,38,0.227307,0.011899,-0.003936
46,39,0.239604,0.012739,-0.004605
46,40,0.252784,0.013675,-0.005446
46,41,0.266953,0.014711,-0.006517
46,42,0.282206,0.015840,-0.007902
46,43,0.298633,0.017030,-0.009717
46,44,0.316266,0.018198,-0.012122
46,45,0.335030,0.019164,-0.015325
46,46,0.354594,0.019567,-0.019567
46,47,0.374164,0.018758,-0.025020
46,48,0.392111,0.015742,-0.031512
46,49,0.405648,0.009455,-0.037901
46,50,0.411021,-0.000026,-0.041274
46,51,0.405595,-0.009508,-0.037901
46,52,0.392005,-0.015795,-0.031511
46,53,0.374005,-0.018811,-0.025020
46,54,0.354382,-0.019621,-0.019566
46,55,0.334764,-0.019218,-0.015324
46,56,0.315946,-0.018253,-0.012120
46,57,0.298259,-0.017084,-0.009716
46,58,0.281777,-0.015895,-0.007901
46,59,0.266469,-0.014766,-0.006515
46,60,0.252245,-0.013731,-0.005444
46,61,0.239008,-0.012795,-0.004603
46,62,0.226654,-0.011956,-0.003934
46,63,0.215095,-0.011206,-0.003394
46,64,0.204242,-0.010535,-0.002953
46,65,0.194026,-0.009933,-0.002589
46,66,0.184377,-0.009392,-0.002285
46,67,0.175242,-0.008904,-0.002029
46,68,0.166568,-0.008464,-0.001811
46,69,0.158315,-0.008065,-0.001624
46,70,0.150439,-0.007702,-0.001463
46,71,0.142911,-0.007371,-0.001322
46,72,0.135697,-0.007069,-0.001198
46,73,0.128773,-0.006793,-0.001089
46,74,0.122111,-0.006540,-0.000993
46,75,0.115692,-0.006308,-0.000906
46,76,0.109495,-0.006094,-0.000829
46,77,0.103504,-0.005898,-0.000759
46,78,0.097700,-0.005717,-0.000696
46,79,0.092071,-0.005550,-0.000638
46,80,0.086600,-0.005397,-0.000585
46,81,0.081277,-0.005256,-0.000536
46,82,0.076089,-0.005126,-0.000491
46,83,0.071026,-0.005006,-0.000449
46,84,0.066076,-0.004897,-0.000410
46,85,0.061232,-0.004797,-0.000374
46,86,0.056482,-0.004706,-0.000340
46,87,0.051820,-0.004623,-0.000307
46,88,0.047236,-0.004548,-0.000277
46,89,0.042724,-0.004480,-0.000247
46,90,0.038276,-0.004420,-0.000219
46,91,0.033884,-0.004367,-0.000192
46,92,0.029542,-0.004321,-0.000166
46,93,0.025243,-0.004281,-0.000141
46,94,0.020980,-0.004247,-0.000117
46,95,0.016748,-0.004220,-0.000093
46,96,0.012540,-0.004199,-0.000069
46,97,0.008350,-0.004184,-0.000046
46,98,0.004172,-0.004175,-0.000023
46,99,0.000000,0.000000,-0.000000
47,0,0.000000,0.000000,-0.000000
47,1,0.004036,0.004039,-0.000016
47,2,0.008077,0.004047,-0.000032
47,3,0.012130,0.004062,-0.000049
47,4,0.016200,0.004082,-0.000065
47,5,0.020293,0.004108,-0.000082
47,6,0.024416,0.004140,-0.000099
47,7,0.028573,0.004178,-0.000117
47,8,0.032773,0.004223,-0.000135
47,9,0.037019,0.004274,-0.000154
47,10,0.041321,0.004332,-0.000173
47,11,0.045683,0.004397,-0.000194
47,12,0.050114,0.004469,-0.000215
47,13,0.054620,0.004548,-0.000238
47,14,0.059210,0.004636,-0.000262
47,15,0.063891,0.004732,-0.000287
47,16,0.068674,0.004837,-0.000314
47,17,0.073565,0.004951,-0.000343
47,18,0.078576,0.005076,-0.000374
47,19,0.083716,0.005211,-0.000408
47,20,0.088998,0.005358,-0.000445
47,21,0.094432,0.005518,-0.000484
47,22,0.100033,0.005691,-0.000528
47,23,0.105814,0.005879,-0.000576
47,24,0.111792,0.006084,-0.000629
47,25,0.117982,0.006307,-0.000688
47,26,0.124405,0.006549,-0.000754
47,27,0.131080,0.006814,-0.000828
47,28,0.138034,0.007104,-0.000911
47,29,0.145289,0.007422,-0.001006
47,30,0.152878,0.007771,-0.001115
47,31,0.160831,0.008156,-0.001240
47,32,0.169190,0.008582,-0.001386
47,33,0.177995,0.009056,-0.001556
47,34,0.187301,0.009584,-0.001758
47,35,0.197163,0.010176,-0.001999
47,36,0.207653,0.010843,-0.002289
47,37,0.218849,0.011598,-0.002645
47,38,0.230850,0.012459,-0.003086
47,39,0.243767,0.013445,-0.003640
47,40,0.257741,0.014580,-0.004349
47,41,0.272928,0.015893,-0.005275
47,42,0.289526,0.017409,-0.006508
47,43,0.307747,0.019151,-0.008190
47,44,0.327827,0.021104,-0.010537
47,45,0.349955,0.023169,-0.013890
47,46,0.374164,0.025020,-0.018758
47,47,0.399996,0.025834,-0.025834
47,48,0.425832,0.023818,-0.035740
47,49,0.447631,0.015933,-0.047854
47,50,0.457699,-0.000027,-0.056773
47,51,0.447578,-0.015987,-0.047854
47,52,0.425726,-0.023871,-0.035740
47,53,0.399836,-0.025888,-0.025834
47,54,0.373951,-0.025074,-0.018758
47,55,0.349688,-0.023222,-0.013889
47,56,0.327506,-0.021158,-0.010536
47,57,0.307372,-0.019205,-0.008189
47,58,0.289096,-0.017464,-0.006507
47,59,0.272443,-0.015948,-0.005274
47,60,0.257199,-0.014637,-0.004348
47,61,0.243169,-0.013502,-0.003638
47,62,0.230195,-0.012517,-0.003084
47,63,0.218136,-0.011657,-0.002643
47,64,0.206882,-0.010902,-0.002287
47,65,0.196332,-0.010236,-0.001996
47,66,0.186409,-0.009645,-0.001755
47,67,0.177041,-0.009118,-0.001553
47,68,0.168173,-0.008646,-0.001383
47,69,0.159750,-0.008221,-0.001237
47,70,0.151732,-0.007837,-0.001111
47,71,0.144076,-0.007489,-0.001002
47,72,0.136754,-0.007173,-0.000907
47,73,0.129731,-0.006885,-0.000824
47,74,0.122985,-0.006621,-0.000749
47,75,0.116488,-0.006380,-0.000683
47,76,0.110224,-0.006159,-0.000624
47,77,0.104170,-0.005957,-0.000571
47,78,0.098311,-0.005770,-0.000523
47,79,0.092629,-0.005599,-0.000479
47,80,0.087113,-0.005442,-0.000439
47,81,0.081746,-0.005297,-0.000402
47,82,0.076520,-0.005164,-0.000368
47,83,0.071419,-0.005042,-0.000336
47,84,0.066436,-0.004930,-0.000307
47,85,0.061558,-0.004828,-0.000280
47,86,0.056779,-0.004735,-0.000254
47,87,0.052088,-0.004650,-0.000230
47,88,0.047478,-0.004574,-0.000206
47,89,0.042940,-0.004505,-0.000185
47,90,0.038468,-0.004444,-0.000164
47,91,0.034052,-0.004390,-0.000143
47,92,0.029687,-0.004343,-0.000124
47,93,0.025366,-0.004302,-0.000105
47,94,0.021083,-0.004268,-0.000087
47,95,0.016829,-0.004241,-0.000069
47,96,0.012601,-0.004219,-0.000052
47,97,0.008390,-0.004204,-0.000034
47,98,0.004192,-0.004195,-0.000017
47,99,0.000000,0.000000,-0.000000
48,0,0.000000,0.000000,-0.000000
48,1,0.004049,0.004052,-0.000011
48,2,0.008104,0.004061,-0.000021
48,3,0.012170,0.004075,-0.000032
48,4,0.016254,0.004096,-0.000042
48,5,0.020361,0.004122,-0.000053
48,6,0.024498,0.004154,-0.000065
48,7,0.028670,0.004193,-0.000076
48,8,0.032884,0.004238,-0.000088
48,9,0.037147,0.004290,-0.000101
48,10,0.041464,0.004348,-0.000113
48,11,0.045844,0.004414,-0.000127
48,12,0.050292,0.004487,-0.000141
48,13,0.054817,0.004568,-0.000156
48,14,0.059427,0.004656,-0.000172
48,15,0.064130,0.004754,-0.000188
48,16,0.068934,0.004860,-0.000206
48,17,0.073850,0.004976,-0.000226
48,18,0.078886,0.005103,-0.000246
48,19,0.084056,0.005240,-0.000269
48,20,0.089367,0.005390,-0.000293
48,21,0.094835,0.005553,-0.000320
48,22,0.100472,0.005729,-0.000349
48,23,0.106294,0.005922,-0.000381
48,24,0.112315,0.006131,-0.000417
48,25,0.118556,0.006359,-0.000456
48,26,0.125033,0.006608,-0.000501
48,27,0.131773,0.006881,-0.000551
48,28,0.138795,0.007179,-0.000607
48,29,0.146131,0.007508,-0.000672
48,30,0.153810,0.007870,-0.000746
48,31,0.161872,0.008271,-0.000831
48,32,0.170353,0.008717,-0.000931
48,33,0.179305,0.009214,-0.001048
48,34,0.188782,0.009773,-0.001188
48,35,0.198852,0.010404,-0.001355
48,36,0.209590,0.011122,-0.001558
48,37,0.221096,0.011944,-0.001808
48,38,0.233478,0.012894,-0.002121
48,39,0.246883,0.014002,-0.002519
48,40,0.261483,0.015310,-0.003037
48,41,0.277503,0.016870,-0.003725
48,42,0.295222,0.018755,-0.004666
48,43,0.315012,0.021059,-0.005996
48,44,0.337340,0.023898,-0.007947
48,45,0.362809,0.027386,-0.010937
48,46,0.392111,0.031512,-0.015742
48,47,0.425832,0.035740,-0.023818
48,48,0.463592,0.037762,-0.037762
48,49,0.501356,0.030487,-0.061001
48,50,0.524566,-0.000027,-0.090109
48,51,0.501303,-0.030541,-0.061001
48,52,0.463485,-0.037815,-0.037762
48,53,0.425672,-0.035794,-0.023818
48,54,0.391897,-0.031566,-0.015742
48,55,0.362541,-0.027440,-0.010937
48,56,0.337018,-0.023953,-0.007947
48,57,0.314636,-0.021113,-0.005995
48,58,0.294791,-0.018810,-0.004666
48,59,0.277016,-0.016925,-0.003724
48,60,0.260940,-0.015366,-0.003036
48,61,0.246284,-0.014059,-0.002518
48,62,0.232821,-0.012952,-0.002120
48,63,0.220381,-0.012002,-0.001807
48,64,0.208817,-0.011181,-0.001557
48,65,0.198018,-0.010465,-0.001353
48,66,0.187887,-0.009835,-0.001186
48,67,0.178349,-0.009277,-0.001047
48,68,0.169334,-0.008780,-0.000929
48,69,0.160789,-0.008336,-0.000829
48,70,0.152662,-0.007936,-0.000744
48,71,0.144916,-0.007575,-0.000669
48,72,0.137511,-0.007248,-0.000605
48,73,0.130420,-0.006951,-0.000548
48,74,0.123609,-0.006680,-0.000498
48,75,0.117059,-0.006433,-0.000453
48,76,0.110744,-0.006207,-0.000414
48,77,0.104646,-0.005999,-0.000378
48,78,0.098745,-0.005809,-0.000346
48,79,0.093028,-0.005634,-0.000316
48,80,0.087477,-0.005474,-0.000289
48,81,0.082081,-0.005326,-0.000265
48,82,0.076824,-0.005191,-0.000242
48,83,0.071698,-0.005067,-0.000221
48,84,0.066690,-0.004954,-0.000202
48,85,0.061791,-0.004850,-0.000184
48,86,0.056989,-0.004756,-0.000167
48,87,0.052279,-0.004670,-0.000150
48,88,0.047649,-0.004593,-0.000135
48,89,0.043094,-0.004523,-0.000121
48,90,0.038603,-0.004461,-0.000107
48,91,0.034171,-0.004406,-0.000094
48,92,0.029790,-0.004359,-0.000081
48,93,0.025454,-0.004318,-0.000069
48,94,0.021154,-0.004283,-0.000057
48,95,0.016887,-0.004255,-0.000045
48,96,0.012643,-0.004234,-0.000034
48,97,0.008419,-0.004219,-0.000022
48,98,0.004206,-0.004209,-0.000011
48,99,0.000000,0.000000,-0.000000
49,0,0.000000,0.000000,-0.000000
49,1,0.004057,0.004060,-0.000005
49,2,0.008119,0.004068,-0.000010
49,3,0.012193,0.004083,-0.000015
49,4,0.016285,0.004103,-0.000020
49,5,0.020400,0.004130,-0.000025
49,6,0.024545,0.004163,-0.000030
49,7,0.028726,0.004202,-0.000035
49,8,0.032949,0.004247,-0.000041
49,9,0.037220,0.004299,-0.000047
49,10,0.041547,0.004358,-0.000053
49,11,0.045936,0.004424,-0.000059
49,12,0.050396,0.004498,-0.000066
49,13,0.054931,0.004579,-0.000073
49,14,0.059553,0.004668,-0.000080
49,15,0.064268,0.004767,-0.000089
49,16,0.069086,0.004874,-0.000097
49,17,0.074016,0.004991,-0.000106
49,18,0.079069,0.005119,-0.000117
49,19,0.084253,0.005258,-0.000127
49,20,0.089584,0.005409,-0.000139
49,21,0.095071,0.005573,-0.000152
49,22,0.100731,0.005752,-0.000167
49,23,0.106576,0.005947,-0.000183
49,24,0.112625,0.006159,-0.000200
49,25,0.118894,0.006391,-0.000220
49,26,0.125407,0.006644,-0.000242
49,27,0.132182,0.006921,-0.000267
49,28,0.139248,0.007225,-0.000295
49,29,0.146632,0.007560,-0.000328
49,30,0.154369,0.007931,-0.000365
49,31,0.162493,0.008341,-0.000408
49,32,0.171052,0.008799,-0.000459
49,33,0.180092,0.009312,-0.000518
49,34,0.189677,0.009890,-0.000589
49,35,0.199873,0.010546,-0.000675
49,36,0.210769,0.011296,-0.000779
49,37,0.222465,0.012162,-0.000909
49,38,0.235092,0.013170,-0.001071
49,39,0.248806,0.014361,-0.001280
49,40,0.263814,0.015786,-0.001553
49,41,0.280378,0.017522,-0.001922
49,42,0.298858,0.019680,-0.002436
49,43,0.319739,0.022431,-0.003181
49,44,0.343721,0.026045,-0.004318
49,45,0.371830,0.030964,-0.006171
49,46,0.405648,0.037901,-0.009455
49,47,0.447631,0.047854,-0.015933
49,48,0.501356,0.061001,-0.030487
49,49,0.569634,0.068281,-0.068281
49,50,0.637917,-0.000027,-0.181661
49,51,0.569581,-0.068334,-0.068281
49,52,0.501249,-0.061055,-0.030487
49,53,0.447471,-0.047907,-0.015933
49,54,0.405434,-0.037955,-0.009455
49,55,0.371562,-0.031018,-0.006171
49,56,0.343399,-0.026100,-0.004318
49,57,0.319362,-0.022486,-0.003181
49,58,0.298427,-0.019736,-0.002436
49,59,0.279891,-0.017578,-0.001922
49,60,0.263271,-0.015843,-0.001553
49,61,0.248206,-0.014418,-0.001279
49,62,0.234435,-0.013228,-0.001071
49,63,0.221749,-0.012220,-0.000908
49,64,0.209995,-0.011356,-0.000779
49,65,0.199038,-0.010607,-0.000674
49,66,0.188781,-0.009952,-0.000589
49,67,0.179135,-0.009375,-0.000518
49,68,0.170032,-0.008863,-0.000458
49,69,0.161409,-0.008406,-0.000407
49,70,0.153219,-0.007997,-0.000364
49,71,0.145415,-0.007628,-0.000327
49,72,0.137963,-0.007294,-0.000294
49,73,0.130827,-0.006991,-0.000266
49,74,0.123981,-0.006716,-0.000241
49,75,0.117395,-0.006465,-0.000219
49,76,0.111051,-0.006235,-0.000199
49,77,0.104925,-0.006025,-0.000181
49,78,0.099002,-0.005832,-0.000165
49,79,0.093262,-0.005655,-0.000151
49,80,0.087692,-0.005493,-0.000138
49,81,0.082276,-0.005344,-0.000126
49,82,0.077004,-0.005207,-0.000115
49,83,0.071861,-0.005082,-0.000105
49,84,0.066839,-0.004968,-0.000095
49,85,0.061925,-0.004863,-0.000086
49,86,0.057113,-0.004768,-0.000078
49,87,0.052389,-0.004682,-0.000071
49,88,0.047749,-0.004604,-0.000063
49,89,0.043182,-0.004534,-0.000056
49,90,0.038682,-0.004471,-0.000050
49,91,0.034240,-0.004416,-0.000044
49,92,0.029850,-0.004368,-0.000038
49,93,0.025504,-0.004327,-0.000032
49,94,0.021196,-0.004292,-0.000026
49,95,0.016920,-0.004264,-0.000021
49,96,0.012668,-0.004242,-0.000016
49,97,0.008435,-0.004227,-0.000010
49,98,0.004214,-0.004218,-0.000005
49,99,0.000000,0.000000,-0.000000
50,0,0.000000,0.000000,-0.000000
50,1,0.004059,0.004062,0.000001
50,2,0.008123,0.004070,0.000002
50,3,0.012199,0.004085,0.000002
50,4,0.016293,0.004106,0.000003
50,5,0.020411,0.004132,0.000004
50,6,0.024558,0.004165,0.000005
50,7,0.028741,0.004204,0.000006
50,8,0.032966,0.004250,0.000007
50,9,0.037240,0.004302,0.000007
50,10,0.041569,0.004361,0.000008
50,11,0.045962,0.004427,0.000009
50,12,0.050423,0.004501,0.000010
50,13,0.054963,0.004582,0.000010
50,14,0.059588,0.004672,0.000011
50,15,0.064307,0.004770,0.000012
50,16,0.069128,0.004878,0.000013
50,17,0.074063,0.004996,0.000013
50,18,0.079119,0.005124,0.000014
50,19,0.084310,0.005263,0.000015
50,20,0.089646,0.005415,0.000015
50,21,0.095140,0.005580,0.000016
50,22,0.100805,0.005760,0.000017
50,23,0.106659,0.005955,0.000017
50,24,0.112716,0.006168,0.000018
50,25,0.118996,0.006401,0.000019
50,26,0.125518,0.006655,0.000019
50,27,0.132307,0.006934,0.000020
50,28,0.139386,0.007240,0.000020
50,29,0.146787,0.007578,0.000021
50,30,0.154541,0.007951,0.000021
50,31,0.162688,0.008365,0.000022
50,32,0.171270,0.008827,0.000022
50,33,0.180342,0.009345,0.000023
50,34,0.189960,0.009930,0.000023
50,35,0.200202,0.010594,0.000024
50,36,0.211149,0.011355,0.000024
50,37,0.222913,0.012236,0.000024
50,38,0.235620,0.013265,0.000025
50,39,0.249443,0.014485,0.000025
50,40,0.264589,0.015952,0.000025
50,41,0.281347,0.017752,0.000026
50,42,0.300094,0.020013,0.000026
50,43,0.321374,0.022941,0.000026
50,44,0.345976,0.026888,0.000026
50,45,0.375151,0.032522,0.000026
50,46,0.411021,0.041274,0.000026
50,47,0.457699,0.056773,0.000027
50,48,0.524566,0.090109,0.000027
50,49,0.637917,0.181661,0.000027
50,50,0.887888,-0.000027,0.000027
50,51,0.637864,-0.181714,0.000027
50,52,0.524459,-0.090162,0.000027
50,53,0.457539,-0.056826,0.000027
50,54,0.410807,-0.041328,0.000026
50,55,0.374883,-0.032576,0.000026
50,56,0.345654,-0.026943,0.000026
50,57,0.320997,-0.022996,0.000026
50,58,0.299662,-0.020069,0.000026
50,59,0.280860,-0.017808,0.000025
50,60,0.264046,-0.016009,0.000025
50,61,0.248843,-0.014542,0.000025
50,62,0.234963,-0.013323,0.000025
50,63,0.222197,-0.012294,0.000024
50,64,0.210374,-0.011415,0.000024
50,65,0.199367,-0.010655,0.000023
50,66,0.189065,-0.009991,0.000023
50,67,0.179385,-0.009408,0.000023
50,68,0.170250,-0.008891,0.000022
50,69,0.161604,-0.008430,0.000022
50,70,0.153390,-0.008017,0.000021
50,71,0.145570,-0.007645,0.000021
50,72,0.138100,-0.007309,0.000020
50,73,0.130952,-0.007005,0.000019
50,74,0.124091,-0.006727,0.000019
50,75,0.117497,-0.006475,0.000018
50,76,0.111142,-0.006244,0.000018
50,77,0.105009,-0.006033,0.000017
50,78,0.099076,-0.005839,0.000016
50,79,0.093330,-0.005662,0.000016
50,80,0.087753,-0.005499,0.000015
50,81,0.082333,-0.005349,0.000014
50,82,0.077054,-0.005212,0.000014
50,83,0.071908,-0.005087,0.000013
50,84,0.066880,-0.004972,0.000012
50,85,0.061964,-0.004867,0.000011
50,86,0.057146,-0.004772,0.000011
50,87,0.052420,-0.004685,0.000010
50,88,0.047776,-0.004607,0.000009
50,89,0.043207,-0.004537,0.000008
50,90,0.038703,-0.004474,0.000007
50,91,0.034259,-0.004419,0.000007
50,92,0.029865,-0.004371,0.000006
50,93,0.025518,-0.004329,0.000005
50,94,0.021207,-0.004294,0.000004
50,95,0.016929,-0.004266,0.000003
50,96,0.012675,-0.004245,0.000002
50,97,0.008440,-0.004229,0.000002
50,98,0.004217,-0.004220,0.000001
50,99,0.000000,0.000000,-0.000000
51,0,0.000000,0.000000,-0.000000
51,1,0.004055,0.004058,0.000006
51,2,0.008116,0.004067,0.000013
51,3,0.012188,0.004081,0.000020
51,4,0.016279,0.004102,0.000026
51,5,0.020392,0.004128,0.000033
51,6,0.024536,0.004161,0.000040
51,7,0.028714,0.004200,0.000047
51,8,0.032936,0.004246,0.000054
51,9,0.037205,0.004298,0.000061
51,10,0.041531,0.004356,0.000069
51,11,0.045918,0.004423,0.000077
51,12,0.050376,0.004496,0.000085
51,13,0.054911,0.004577,0.000094
51,14,0.059531,0.004667,0.000103
51,15,0.064244,0.004765,0.000112
51,16,0.069061,0.004872,0.000123
51,17,0.073989,0.004990,0.000133
51,18,0.079040,0.005117,0.000145
51,19,0.084224,0.005256,0.000157
51,20,0.089553,0.005408,0.000170
51,21,0.095039,0.005572,0.000185
51,22,0.100697,0.005751,0.000200
51,23,0.106541,0.005946,0.000218
51,24,0.112589,0.006158,0.000237
51,25,0.118857,0.006390,0.000257
51,26,0.125368,0.006643,0.000281
51,27,0.132142,0.006920,0.000307
51,28,0.139208,0.007224,0.000336
51,29,0.146590,0.007559,0.000370
51,30,0.154326,0.007930,0.000408
51,31,0.162449,0.008340,0.000452
51,32,0.171007,0.008798,0.000504
51,33,0.180046,0.009311,0.000564
51,34,0.189630,0.009890,0.000636
51,35,0.199825,0.010546,0.000722
51,36,0.210721,0.011296,0.000828
51,37,0.222416,0.012161,0.000957
51,38,0.235043,0.013170,0.001121
51,39,0.248756,0.014360,0.001330
51,40,0.263763,0.015786,0.001604
51,41,0.280327,0.017522,0.001973
51,42,0.298807,0.019680,0.002488
51,43,0.319687,0.022431,0.003233
51,44,0.343669,0.026045,0.004371
51,45,0.371777,0.030963,0.006224
51,46,0.405595,0.037901,0.009508
51,47,0.447578,0.047854,0.015987
51,48,0.501303,0.061001,0.030541
51,49,0.569581,0.068281,0.068334
51,50,0.637864,-0.000027,0.181714
51,51,0.569527,-0.068334,0.068334
51,52,0.501196,-0.061055,0.030540
51,53,0.447418,-0.047907,0.015986
51,54,0.405382,-0.037954,0.009508
51,55,0.371510,-0.031017,0.006223
51,56,0.343347,-0.026100,0.004370
51,57,0.319310,-0.022486,0.003233
51,58,0.298375,-0.019735,0.002487
51,59,0.279840,-0.017577,0.001973
51,60,0.263220,-0.015842,0.001603
51,61,0.248156,-0.014417,0.001329
51,62,0.234386,-0.013227,0.001120
51,63,0.221701,-0.012219,0.000956
51,64,0.209947,-0.011355,0.000826
51,65,0.198991,-0.010606,0.000721
51,66,0.188735,-0.009951,0.000635
51,67,0.179089,-0.009374,0.000563
51,68,0.169987,-0.008862,0.000502
51,69,0.161365,-0.008405,0.000451
51,70,0.153177,-0.007996,0.000406
51,71,0.145374,-0.007627,0.000368
51,72,0.137923,-0.007293,0.000334
51,73,0.130788,-0.006990,0.000305
51,74,0.123943,-0.006715,0.000279
51,75,0.117359,-0.006463,0.000255
51,76,0.111016,-0.006234,0.000234
51,77,0.104892,-0.006023,0.000215
51,78,0.098970,-0.005831,0.000198
51,79,0.093230,-0.005654,0.000182
51,80,0.087662,-0.005491,0.000168
51,81,0.082247,-0.005343,0.000154
51,82,0.076977,-0.005206,0.000142
51,83,0.071835,-0.005081,0.000130
51,84,0.066815,-0.004966,0.000119
51,85,0.061903,-0.004862,0.000109
51,86,0.057091,-0.004767,0.000099
51,87,0.052370,-0.004680,0.000090
51,88,0.047731,-0.004602,0.000081
51,89,0.043166,-0.004532,0.000073
51,90,0.038667,-0.004470,0.000065
51,91,0.034226,-0.004414,0.000057
51,92,0.029838,-0.004366,0.000049
51,93,0.025494,-0.004325,0.000042
51,94,0.021188,-0.004290,0.000035
51,95,0.016913,-0.004262,0.000028
51,96,0.012663,-0.004241,0.000021
51,97,0.008432,-0.004225,0.000014
51,98,0.004213,-0.004216,0.000007
51,99,0.000000,0.000000,-0.000000
52,0,0.000000,0.000000,-0.000000
52,1,0.004046,0.004049,0.000012
52,2,0.008097,0.004057,0.000024
52,3,0.012160,0.004072,0.000037
52,4,0.016241,0.004092,0.000049
52,5,0.020345,0.004119,0.000062
52,6,0.024478,0.004151,0.000075
52,7,0.028647,0.004190,0.000088
52,8,0.032858,0.004235,0.000101
52,9,0.037117,0.004287,0.000115
52,10,0.041431,0.004345,0.000130
52,11,0.045808,0.004411,0.000145
52,12,0.050253,0.004484,0.000160
52,13,0.054776,0.004564,0.000177
52,14,0.059382,0.004653,0.000194
52,15,0.064082,0.004751,0.000212
52,16,0.068883,0.004857,0.000232
52,17,0.073797,0.004973,0.000252
52,18,0.078830,0.005100,0.000275
52,19,0.083996,0.005238,0.000298
52,20,0.089305,0.005387,0.000324
52,21,0.094771,0.005550,0.000352
52,22,0.100405,0.005727,0.000383
52,23,0.106224,0.005919,0.000416
52,24,0.112243,0.006128,0.000453
52,25,0.118481,0.006357,0.000494
52,26,0.124956,0.006606,0.000539
52,27,0.131693,0.006878,0.000590
52,28,0.138713,0.007177,0.000648
52,29,0.146048,0.007506,0.000714
52,30,0.153724,0.007868,0.000789
52,31,0.161784,0.008269,0.000875
52,32,0.170263,0.008715,0.000976
52,33,0.179214,0.009213,0.001094
52,34,0.188688,0.009772,0.001234
52,35,0.198757,0.010403,0.001402
52,36,0.209494,0.011120,0.001606
52,37,0.220998,0.011943,0.001857
52,38,0.233379,0.012893,0.002171
52,39,0.246783,0.014001,0.002570
52,40,0.261381,0.015309,0.003088
52,41,0.277400,0.016869,0.003776
52,42,0.295119,0.018754,0.004718
52,43,0.314908,0.021058,0.006048
52,44,0.337235,0.023898,0.008000
52,45,0.362703,0.027385,0.010990
52,46,0.392005,0.031511,0.015795
52,47,0.425726,0.035740,0.023871
52,48,0.463485,0.037762,0.037815
52,49,0.501249,0.030487,0.061055
52,50,0.524459,-0.000027,0.090162
52,51,0.501196,-0.030540,0.061055
52,52,0.463379,-0.037815,0.037815
52,53,0.425566,-0.035794,0.023871
52,54,0.391792,-0.031565,0.015795
52,55,0.362436,-0.027439,0.010990
52,56,0.336914,-0.023952,0.007999
52,57,0.314532,-0.021113,0.006047
52,58,0.294688,-0.018809,0.004717
52,59,0.276914,-0.016924,0.003775
52,60,0.260839,-0.015365,0.003086
52,61,0.246185,-0.014058,0.002568
52,62,0.232723,-0.012950,0.002169
52,63,0.220284,-0.012001,0.001855
52,64,0.208721,-0.011180,0.001604
52,65,0.197925,-0.010463,0.001400
52,66,0.187795,-0.009833,0.001232
52,67,0.178259,-0.009275,0.001092
52,68,0.169245,-0.008778,0.000973
52,69,0.160702,-0.008334,0.000873
52,70,0.152578,-0.007934,0.000786
52,71,0.144834,-0.007573,0.000711
52,72,0.137431,-0.007246,0.000645
52,73,0.130342,-0.006949,0.000587
52,74,0.123534,-0.006678,0.000536
52,75,0.116986,-0.006430,0.000490
52,76,0.110673,-0.006204,0.000449
52,77,0.104578,-0.005996,0.000412
52,78,0.098680,-0.005806,0.000378
52,79,0.092966,-0.005631,0.000347
52,80,0.087417,-0.005471,0.000319
52,81,0.082024,-0.005324,0.000293
52,82,0.076770,-0.005188,0.000269
52,83,0.071647,-0.005064,0.000247
52,84,0.066642,-0.004951,0.000226
52,85,0.061746,-0.004847,0.000206
52,86,0.056947,-0.004753,0.000188
52,87,0.052240,-0.004667,0.000170
52,88,0.047613,-0.004590,0.000153
52,89,0.043061,-0.004520,0.000137
52,90,0.038573,-0.004458,0.000122
52,91,0.034145,-0.004403,0.000107
52,92,0.029767,-0.004356,0.000093
52,93,0.025434,-0.004314,0.000079
52,94,0.021138,-0.004280,0.000065
52,95,0.016873,-0.004252,0.000052
52,96,0.012633,-0.004231,0.000039
52,97,0.008412,-0.004215,0.000026
52,98,0.004203,-0.004206,0.000013
52,99,0.000000,0.000000,-0.000000
53,0,0.000000,0.000000,-0.000000
53,1,0.004031,0.004034,0.000018
53,2,0.008067,0.004042,0.000036
53,3,0.012115,0.004057,0.000054
53,4,0.016180,0.004077,0.000072
53,5,0.020269,0.004103,0.000090
53,6,0.024386,0.004135,0.000109
53,7,0.028539,0.004173,0.000128
53,8,0.032733,0.004218,0.000148
53,9,0.036975,0.004269,0.000169
53,10,0.041272,0.004327,0.000190
53,11,0.045629,0.004392,0.000212
53,12,0.050056,0.004464,0.000235
53,13,0.054557,0.004544,0.000259
53,14,0.059143,0.004631,0.000284
53,15,0.063820,0.004727,0.000311
53,16,0.068598,0.004832,0.000340
53,17,0.073484,0.004947,0.000370
53,18,0.078491,0.005071,0.000403
53,19,0.083627,0.005207,0.000438
53,20,0.088905,0.005354,0.000476
53,21,0.094335,0.005514,0.000517
53,22,0.099932,0.005687,0.000562
53,23,0.105709,0.005875,0.000611
53,24,0.111683,0.006080,0.000665
53,25,0.117869,0.006303,0.000725
53,26,0.124289,0.006546,0.000792
53,27,0.130961,0.006811,0.000867
53,28,0.137911,0.007101,0.000952
53,29,0.145163,0.007419,0.001048
53,30,0.152749,0.007768,0.001158
53,31,0.160699,0.008153,0.001284
53,32,0.169055,0.008580,0.001431
53,33,0.177858,0.009053,0.001602
53,34,0.187161,0.009581,0.001805
53,35,0.197021,0.010174,0.002046
53,36,0.207509,0.010841,0.002338
53,37,0.218702,0.011596,0.002694
53,38,0.230701,0.012457,0.003135
53,39,0.243616,0.013443,0.003690
53,40,0.257588,0.014579,0.004400
53,41,0.272774,0.015891,0.005326
53,42,0.289370,0.017408,0.006560
53,43,0.307590,0.019149,0.008242
53,44,0.327669,0.021103,0.010590
53,45,0.349796,0.023168,0.013943
53,46,0.374005,0.025020,0.018811
53,47,0.399836,0.025834,0.025888
53,48,0.425672,0.023818,0.035794
53,49,0.447471,0.015933,0.047907
53,50,0.457539,-0.000027,0.056826
53,51,0.447418,-0.015986,0.047907
53,52,0.425566,-0.023871,0.035794
53,53,0.399677,-0.025887,0.025887
53,54,0.373792,-0.025073,0.018811
53,55,0.349530,-0.023222,0.013942
53,56,0.327349,-0.021157,0.010589
53,57,0.307216,-0.019204,0.008241
53,58,0.288941,-0.017463,0.006559
53,59,0.272290,-0.015947,0.005325
53,60,0.257048,-0.014635,0.004398
53,61,0.243020,-0.013500,0.003688
53,62,0.230048,-0.012515,0.003133
53,63,0.217990,-0.011655,0.002692
53,64,0.206738,-0.010900,0.002335
53,65,0.196191,-0.010234,0.002043
53,66,0.186271,-0.009642,0.001802
53,67,0.176906,-0.009115,0.001599
53,68,0.168041,-0.008643,0.001427
53,69,0.159620,-0.008218,0.001280
53,70,0.151605,-0.007834,0.001154
53,71,0.143953,-0.007486,0.001044
53,72,0.136634,-0.007169,0.000948
53,73,0.129614,-0.006881,0.000863
53,74,0.122871,-0.006618,0.000787
53,75,0.116379,-0.006377,0.000720
53,76,0.110118,-0.006155,0.000660
53,77,0.104068,-0.005953,0.000605
53,78,0.098213,-0.005766,0.000555
53,79,0.092535,-0.005595,0.000510
53,80,0.087023,-0.005437,0.000469
53,81,0.081661,-0.005293,0.000430
53,82,0.076438,-0.005160,0.000395
53,83,0.071342,-0.005038,0.000362
53,84,0.066363,-0.004926,0.000331
53,85,0.061490,-0.004824,0.000302
53,86,0.056716,-0.004730,0.000275
53,87,0.052030,-0.004646,0.000249
53,88,0.047425,-0.004569,0.000225
53,89,0.042891,-0.004501,0.000201
53,90,0.038423,-0.004439,0.000178
53,91,0.034012,-0.004385,0.000157
53,92,0.029653,-0.004338,0.000136
53,93,0.025336,-0.004298,0.000115
53,94,0.021058,-0.004263,0.000095
53,95,0.016809,-0.004236,0.000076
53,96,0.012586,-0.004214,0.000057
53,97,0.008380,-0.004199,0.000038
53,98,0.004187,-0.004190,0.000019
53,99,0.000000,0.000000,-0.000000
54,0,0.000000,0.000000,-0.000000
54,1,0.004010,0.004013,0.000023
54,2,0.008026,0.004022,0.000047
54,3,0.012053,0.004036,0.000070
54,4,0.016097,0.004056,0.000094
54,5,0.020165,0.004081,0.000118
54,6,0.024260,0.004113,0.000143
54,7,0.028391,0.004151,0.000168
54,8,0.032562,0.004195,0.000194
54,9,0.036780,0.004245,0.000221
54,10,0.041052,0.004302,0.000249
54,11,0.045385,0.004366,0.000278
54,12,0.049783,0.004437,0.000308
54,13,0.054258,0.004515,0.000340
54,14,0.058813,0.004601,0.000373
54,15,0.063460,0.004695,0.000408
54,16,0.068204,0.004798,0.000446
54,17,0.073056,0.004910,0.000486
54,18,0.078024,0.005032,0.000528
54,19,0.083121,0.005165,0.000574
54,20,0.088353,0.005308,0.000624
54,21,0.093737,0.005464,0.000678
54,22,0.099281,0.005633,0.000737
54,23,0.105002,0.005816,0.000801
54,24,0.110912,0.006014,0.000872
54,25,0.117030,0.006230,0.000950
54,26,0.123371,0.006464,0.001037
54,27,0.129958,0.006719,0.001135
54,28,0.136809,0.006997,0.001245
54,29,0.143951,0.007300,0.001369
54,30,0.151409,0.007632,0.001510
54,31,0.159215,0.007996,0.001673
54,32,0.167401,0.008397,0.001861
54,33,0.176009,0.008839,0.002079
54,34,0.185079,0.009327,0.002336
54,35,0.194664,0.009870,0.002640
54,36,0.204818,0.010473,0.003005
54,37,0.215609,0.011145,0.003446
54,38,0.227108,0.011897,0.003986
54,39,0.239403,0.012736,0.004656
54,40,0.252581,0.013672,0.005497
54,41,0.266747,0.014709,0.006569
54,42,0.281998,0.015838,0.007954
54,43,0.298424,0.017029,0.009770
54,44,0.316055,0.018197,0.012175
54,45,0.334818,0.019163,0.015379
54,46,0.354382,0.019566,0.019621
54,47,0.373951,0.018758,0.025074
54,48,0.391897,0.015742,0.031566
54,49,0.405434,0.009455,0.037955
54,50,0.410807,-0.000026,0.041328
54,51,0.405382,-0.009508,0.037954
54,52,0.391792,-0.015795,0.031565
54,53,0.373792,-0.018811,0.025073
54,54,0.354170,-0.019620,0.019620
54,55,0.334553,-0.019217,0.015377
54,56,0.315737,-0.018251,0.012173
54,57,0.298051,-0.017083,0.009768
54,58,0.281571,-0.015893,0.007952
54,59,0.266265,-0.014764,0.006567
54,60,0.252043,-0.013728,0.005495
54,61,0.238808,-0.012793,0.004653
54,62,0.226457,-0.011954,0.003983
54,63,0.214901,-0.011203,0.003443
54,64,0.204051,-0.010531,0.003001
54,65,0.193838,-0.009929,0.002637
54,66,0.184192,-0.009388,0.002332
54,67,0.175061,-0.008901,0.002075
54,68,0.166391,-0.008460,0.001856
54,69,0.158141,-0.008061,0.001668
54,70,0.150270,-0.007698,0.001505
54,71,0.142746,-0.007367,0.001363
54,72,0.135536,-0.007065,0.001239
54,73,0.128617,-0.006789,0.001129
54,74,0.121959,-0.006535,0.001031
54,75,0.115546,-0.006303,0.000943
54,76,0.109354,-0.006089,0.000864
54,77,0.103368,-0.005892,0.000793
54,78,0.097569,-0.005711,0.000728
54,79,0.091945,-0.005545,0.000669
54,80,0.086480,-0.005391,0.000615
54,81,0.081163,-0.005250,0.000565
54,82,0.075980,-0.005120,0.000518
54,83,0.070923,-0.005001,0.000475
54,84,0.065979,-0.004891,0.000435
54,85,0.061141,-0.004791,0.000397
54,86,0.056397,-0.004700,0.000361
54,87,0.051742,-0.004617,0.000327
54,88,0.047164,-0.004541,0.000295
54,89,0.042659,-0.004474,0.000264
54,90,0.038216,-0.004414,0.000234
54,91,0.033831,-0.004360,0.000206
54,92,0.029495,-0.004314,0.000178
54,93,0.025203,-0.004274,0.000151
54,94,0.020947,-0.004241,0.000125
54,95,0.016722,-0.004213,0.000099
54,96,0.012520,-0.004192,0.000074
54,97,0.008337,-0.004177,0.000049
54,98,0.004165,-0.004168,0.000025
54,99,0.000000,0.000000,-0.000000
55,0,0.000000,0.000000,-0.000000
55,1,0.003984,0.003987,0.000029
55,2,0.007974,0.003995,0.000058
55,3,0.011975,0.004009,0.000087
55,4,0.015992,0.004029,0.000116
55,5,0.020032,0.004054,0.000146
55,6,0.024100,0.004085,0.000176
55,7,0.028202,0.004122,0.000208
55,8,0.032345,0.004165,0.000240
55,9,0.036533,0.004215,0.000273
55,10,0.040774,0.004270,0.000307
55,11,0.045074,0.004333,0.000343
55,12,0.049440,0.004402,0.000380
55,13,0.053878,0.004479,0.000419
55,14,0.058397,0.004563,0.000460
55,15,0.063003,0.004655,0.000503
55,16,0.067706,0.004755,0.000549
55,17,0.072513,0.004864,0.000598
55,18,0.077435,0.004983,0.000651
55,19,0.082478,0.005111,0.000707
55,20,0.087657,0.005250,0.000768
55,21,0.092979,0.005401,0.000834
55,22,0.098459,0.005564,0.000906
55,23,0.104107,0.005740,0.000985
55,24,0.109940,0.005931,0.001071
55,25,0.115969,0.006138,0.001166
55,26,0.122215,0.006361,0.001272
55,27,0.128691,0.006604,0.001390
55,28,0.135422,0.006867,0.001523
55,29,0.142425,0.007153,0.001672
55,30,0.149728,0.007464,0.001842
55,31,0.157353,0.007803,0.002036
55,32,0.165334,0.008173,0.002259
55,33,0.173699,0.008578,0.002518
55,34,0.182489,0.009020,0.002820
55,35,0.191740,0.009505,0.003174
55,36,0.201499,0.010035,0.003595
55,37,0.211810,0.010615,0.004099
55,38,0.222729,0.011248,0.004708
55,39,0.234305,0.011933,0.005450
55,40,0.246594,0.012666,0.006363
55,41,0.259636,0.013434,0.007498
55,42,0.273462,0.014207,0.008919
55,43,0.288051,0.014929,0.010707
55,44,0.303320,0.015494,0.012961
55,45,0.319039,0.015722,0.015777
55,46,0.334764,0.015324,0.019218
55,47,0.349688,0.013889,0.023222
55,48,0.362541,0.010937,0.027440
55,49,0.371562,0.006171,0.031018
55,50,0.374883,-0.000026,0.032576
55,51,0.371510,-0.006223,0.031017
55,52,0.362436,-0.010990,0.027439
55,53,0.349530,-0.013942,0.023222
55,54,0.334553,-0.015377,0.019217
55,55,0.318776,-0.015775,0.015775
55,56,0.303003,-0.015548,0.012959
55,57,0.287680,-0.014983,0.010705
55,58,0.273036,-0.014262,0.008916
55,59,0.259156,-0.013489,0.007495
55,60,0.246059,-0.012721,0.006360
55,61,0.233714,-0.011989,0.005446
55,62,0.222081,-0.011304,0.004704
55,63,0.211105,-0.010673,0.004095
55,64,0.200735,-0.010094,0.003591
55,65,0.190917,-0.009564,0.003170
55,66,0.181607,-0.009081,0.002815
55,67,0.172756,-0.008639,0.002513
55,68,0.164329,-0.008236,0.002254
55,69,0.156285,-0.007867,0.002030
55,70,0.148595,-0.007529,0.001836
55,71,0.141226,-0.007219,0.001665
55,72,0.134156,-0.006935,0.001515
55,73,0.127357,-0.006673,0.001382
55,74,0.120810,-0.006432,0.001264
55,75,0.114492,-0.006210,0.001158
55,76,0.108389,-0.006005,0.001062
55,77,0.102481,-0.005817,0.000975
55,78,0.096756,-0.005642,0.000896
55,79,0.091197,-0.005481,0.000823
55,80,0.085793,-0.005333,0.000757
55,81,0.080531,-0.005196,0.000696
55,82,0.075401,-0.005070,0.000639
55,83,0.070391,-0.004954,0.000585
55,84,0.065494,-0.004847,0.000536
55,85,0.060697,-0.004750,0.000489
55,86,0.055994,-0.004661,0.000445
55,87,0.051376,-0.004580,0.000403
55,88,0.046835,-0.004506,0.000363
55,89,0.042363,-0.004440,0.000325
55,90,0.037955,-0.004381,0.000289
55,91,0.033601,-0.004329,0.000254
55,92,0.029297,-0.004284,0.000220
55,93,0.025034,-0.004245,0.000187
55,94,0.020808,-0.004212,0.000154
55,95,0.016610,-0.004185,0.000123
55,96,0.012437,-0.004164,0.000092
55,97,0.008282,-0.004150,0.000061
55,98,0.004138,-0.004141,0.000030
55,99,0.000000,0.000000,-0.000000
56,0,0.000000,0.000000,-0.000000
56,1,0.003953,0.003955,0.000034
56,2,0.007911,0.003964,0.000068
56,3,0.011880,0.003977,0.000103
56,4,0.015865,0.003996,0.000138
56,5,0.019873,0.004021,0.000173
56,6,0.023907,0.004051,0.000209
56,7,0.027976,0.004088,0.000246
56,8,0.032082,0.004130,0.000284
56,9,0.036235,0.004178,0.000323
56,10,0.040438,0.004232,0.000364
56,11,0.044699,0.004293,0.000406
56,12,0.049024,0.004360,0.000450
56,13,0.053420,0.004435,0.000496
56,14,0.057894,0.004517,0.000544
56,15,0.062453,0.004606,0.000596
56,16,0.067105,0.004703,0.000650
56,17,0.071860,0.004809,0.000708
56,18,0.076723,0.004923,0.000769
56,19,0.081706,0.005047,0.000836
56,20,0.086817,0.005181,0.000907
56,21,0.092069,0.005326,0.000984
56,22,0.097469,0.005482,0.001069
56,23,0.103033,0.005651,0.001160
56,24,0.108770,0.005832,0.001261
56,25,0.114698,0.006028,0.001372
56,26,0.120827,0.006240,0.001495
56,27,0.127177,0.006468,0.001631
56,28,0.133763,0.006714,0.001784
56,29,0.140606,0.006981,0.001956
56,30,0.147724,0.007268,0.002150
56,31,0.155143,0.007579,0.002371
56,32,0.162882,0.007915,0.002623
56,33,0.170973,0.008279,0.002914
56,34,0.179440,0.008671,0.003250
56,35,0.188315,0.009094,0.003642
56,36,0.197627,0.009548,0.004103
56,37,0.207411,0.010033,0.004648
56,38,0.217693,0.010546,0.005296
56,39,0.228503,0.011081,0.006072
56,40,0.239854,0.011624,0.007008
56,41,0.251751,0.012153,0.008141
56,42,0.264161,0.012629,0.009515
56,43,0.277009,0.012987,0.011181
56,44,0.290134,0.013128,0.013183
56,45,0.303265,0.012906,0.015549
56,46,0.315946,0.012120,0.018253
56,47,0.327506,0.010536,0.021158
56,48,0.337018,0.007947,0.023953
56,49,0.343399,0.004318,0.026100
56,50,0.345654,-0.000026,0.026943
56,51,0.343347,-0.004370,0.026100
56,52,0.336914,-0.007999,0.023952
56,53,0.327349,-0.010589,0.021157
56,54,0.315737,-0.012173,0.018251
56,55,0.303003,-0.012959,0.015548
56,56,0.289819,-0.013181,0.013181
56,57,0.276640,-0.013040,0.011178
56,58,0.263738,-0.012683,0.009513
56,59,0.251274,-0.012208,0.008138
56,60,0.239322,-0.011679,0.007004
56,61,0.227916,-0.011137,0.006068
56,62,0.217049,-0.010603,0.005291
56,63,0.206710,-0.010090,0.004643
56,64,0.196869,-0.009606,0.004098
56,65,0.187498,-0.009153,0.003637
56,66,0.178563,-0.008731,0.003244
56,67,0.170036,-0.008340,0.002907
56,68,0.161884,-0.007978,0.002616
56,69,0.154081,-0.007643,0.002363
56,70,0.146599,-0.007333,0.002142
56,71,0.139415,-0.007047,0.001947
56,72,0.132505,-0.006782,0.001775
56,73,0.125852,-0.006537,0.001622
56,74,0.119431,-0.006310,0.001485
56,75,0.113231,-0.006101,0.001362
56,76,0.107230,-0.005906,0.001250
56,77,0.101418,-0.005726,0.001149
56,78,0.095778,-0.005560,0.001057
56,79,0.090298,-0.005406,0.000972
56,80,0.084966,-0.005263,0.000894
56,81,0.079772,-0.005131,0.000822
56,82,0.074703,-0.005010,0.000755
56,83,0.069752,-0.004898,0.000692
56,84,0.064908,-0.004795,0.000634
56,85,0.060163,-0.004700,0.000579
56,86,0.055507,-0.004614,0.000527
56,87,0.050935,-0.004535,0.000477
56,88,0.046437,-0.004464,0.000430
56,89,0.042008,-0.004399,0.000385
56,90,0.037639,-0.004342,0.000342
56,91,0.033324,-0.004291,0.000301
56,92,0.029056,-0.004247,0.000260
56,93,0.024830,-0.004209,0.000221
56,94,0.020639,-0.004177,0.000183
56,95,0.016476,-0.004151,0.000145
56,96,0.012337,-0.004131,0.000109
56,97,0.008215,-0.004116,0.000072
56,98,0.004105,-0.004108,0.000036
56,99,0.000000,0.000000,-0.000000
57,0,0.000000,0.000000,-0.000000
57,1,0.003916,0.003919,0.000039
57,2,0.007837,0.003927,0.000079
57,3,0.011769,0.003940,0.000118
57,4,0.015717,0.003958,0.000159
57,5,0.019686,0.003983,0.000199
57,6,0.023682,0.004012,0.000241
57,7,0.027710,0.004047,0.000284
57,8,0.031777,0.004088,0.000327
57,9,0.035887,0.004135,0.000372
57,10,0.040047,0.004188,0.000419
57,11,0.044262,0.004247,0.000467
57,12,0.048540,0.004312,0.000518
57,13,0.052886,0.004384,0.000571
57,14,0.057308,0.004463,0.000626
57,15,0.061812,0.004549,0.000685
57,16,0.066406,0.004643,0.000747
57,17,0.071098,0.004745,0.000813
57,18,0.075896,0.004855,0.000883
57,19,0.080807,0.004973,0.000959
57,20,0.085843,0.005102,0.001040
57,21,0.091010,0.005240,0.001128
57,22,0.096322,0.005388,0.001223
57,23,0.101786,0.005548,0.001327
57,24,0.107418,0.005719,0.001441
57,25,0.113225,0.005904,0.001565
57,26,0.119225,0.006102,0.001703
57,27,0.125429,0.006314,0.001856
57,28,0.131854,0.006542,0.002026
57,29,0.138513,0.006787,0.002217
57,30,0.145428,0.007049,0.002431
57,31,0.152612,0.007330,0.002673
57,32,0.160088,0.007630,0.002949
57,33,0.167872,0.007951,0.003263
57,34,0.175989,0.008291,0.003625
57,35,0.184455,0.008652,0.004042
57,36,0.193292,0.009030,0.004527
57,37,0.202515,0.009423,0.005092
57,38,0.212137,0.009823,0.005755
57,39,0.222160,0.010220,0.006535
57,40,0.232578,0.010597,0.007456
57,41,0.243355,0.010926,0.008542
57,42,0.254431,0.011167,0.009821
57,43,0.265689,0.011261,0.011317
57,44,0.276953,0.011126,0.013043
57,45,0.287940,0.010653,0.014985
57,46,0.298259,0.009716,0.017084
57,47,0.307372,0.008189,0.019205
57,48,0.314636,0.005995,0.021113
57,49,0.319362,0.003181,0.022486
57,50,0.320997,-0.000026,0.022996
57,51,0.319310,-0.003233,0.022486
57,52,0.314532,-0.006047,0.021113
57,53,0.307216,-0.008241,0.019204
57,54,0.298051,-0.009768,0.017083
57,55,0.287680,-0.010705,0.014983
57,56,0.276640,-0.011178,0.013040
57,57,0.265323,-0.011315,0.011315
57,58,0.254011,-0.011221,0.009818
57,59,0.242881,-0.010981,0.008538
57,60,0.232050,-0.010652,0.007452
57,61,0.221577,-0.010276,0.006531
57,62,0.211498,-0.009879,0.005750
57,63,0.201819,-0.009479,0.005087
57,64,0.192540,-0.009088,0.004521
57,65,0.183644,-0.008710,0.004036
57,66,0.175119,-0.008351,0.003618
57,67,0.166942,-0.008011,0.003256
57,68,0.159096,-0.007692,0.002941
57,69,0.151558,-0.007393,0.002665
57,70,0.144311,-0.007113,0.002422
57,71,0.137331,-0.006852,0.002207
57,72,0.130606,-0.006609,0.002016
57,73,0.124113,-0.006383,0.001845
57,74,0.117840,-0.006172,0.001692
57,75,0.111769,-0.005975,0.001554
57,76,0.105889,-0.005793,0.001428
57,77,0.100184,-0.005623,0.001314
57,78,0.094643,-0.005465,0.001210
57,79,0.089253,-0.005319,0.001114
57,80,0.084006,-0.005183,0.001025
57,81,0.078888,-0.005057,0.000943
57,82,0.073892,-0.004940,0.000867
57,83,0.069007,-0.004833,0.000795
57,84,0.064226,-0.004734,0.000728
57,85,0.059539,-0.004643,0.000665
57,86,0.054941,-0.004559,0.000606
57,87,0.050421,-0.004483,0.000549
57,88,0.045975,-0.004414,0.000495
57,89,0.041593,-0.004352,0.000444
57,90,0.037270,-0.004296,0.000394
57,91,0.033000,-0.004247,0.000346
57,92,0.028776,-0.004204,0.000300
57,93,0.024592,-0.004167,0.000255
57,94,0.020442,-0.004136,0.000211
57,95,0.016320,-0.004111,0.000168
57,96,0.012220,-0.004091,0.000125
57,97,0.008138,-0.004077,0.000083
57,98,0.004066,-0.004069,0.000041
57,99,0.000000,0.000000,-0.000000
58,0,0.000000,0.000000,-0.000000
58,1,0.003874,0.003877,0.000044
58,2,0.007753,0.003884,0.000089
58,3,0.011643,0.003897,0.000134
58,4,0.015548,0.003915,0.000179
58,5,0.019474,0.003939,0.000225
58,6,0.023425,0.003967,0.000272
58,7,0.027409,0.004001,0.000320
58,8,0.031428,0.004041,0.000369
58,9,0.035490,0.004086,0.000420
58,10,0.039600,0.004137,0.000472
58,11,0.043765,0.004194,0.000527
58,12,0.047988,0.004257,0.000583
58,13,0.052279,0.004326,0.000643
58,14,0.056641,0.004402,0.000705
58,15,0.061084,0.004485,0.000771
58,16,0.065611,0.004575,0.000840
58,17,0.070234,0.004672,0.000914
58,18,0.074956,0.004777,0.000993
58,19,0.079788,0.004890,0.001077
58,20,0.084737,0.005012,0.001167
58,21,0.089813,0.005143,0.001264
58,22,0.095022,0.005283,0.001370
58,23,0.100379,0.005433,0.001484
58,24,0.105889,0.005594,0.001609
58,25,0.111567,0.005766,0.001746
58,26,0.117421,0.005949,0.001897
58,27,0.123466,0.006145,0.002063
58,28,0.129711,0.006354,0.002248
58,29,0.136173,0.006576,0.002454
58,30,0.142862,0.006812,0.002684
58,31,0.149796,0.007061,0.002943
58,32,0.156985,0.007325,0.003235
58,33,0.164447,0.007602,0.003566
58,34,0.172190,0.007892,0.003944
58,35,0.180231,0.008192,0.004375
58,36,0.188573,0.008498,0.004870
58,37,0.197226,0.008804,0.005440
58,38,0.206182,0.009103,0.006098
58,39,0.215432,0.009380,0.006858
58,40,0.224943,0.009618,0.007737
58,41,0.234667,0.009788,0.008750
58,42,0.244518,0.009853,0.009910
58,43,0.254374,0.009765,0.011224
58,44,0.264049,0.009460,0.012686
58,45,0.273294,0.008864,0.014264
58,46,0.281777,0.007901,0.015895
58,47,0.289096,0.006507,0.017464
58,48,0.294791,0.004666,0.018810
58,49,0.298427,0.002436,0.019736
58,50,0.299662,-0.000026,0.020069
58,51,0.298375,-0.002487,0.019735
58,52,0.294688,-0.004717,0.018809
58,53,0.288941,-0.006559,0.017463
58,54,0.281571,-0.007952,0.015893
58,55,0.273036,-0.008916,0.014262
58,56,0.263738,-0.009513,0.012683
58,57,0.254011,-0.009818,0.011221
58,58,0.244102,-0.009907,0.009907
58,59,0.234198,-0.009841,0.008746
58,60,0.224419,-0.009672,0.007733
58,61,0.214854,-0.009435,0.006853
58,62,0.205548,-0.009159,0.006092
58,63,0.196536,-0.008861,0.005434
58,64,0.187827,-0.008555,0.004863
58,65,0.179427,-0.008250,0.004368
58,66,0.171327,-0.007951,0.003936
58,67,0.163524,-0.007663,0.003558
58,68,0.156002,-0.007386,0.003226
58,69,0.148752,-0.007124,0.002933
58,70,0.141755,-0.006875,0.002674
58,71,0.135001,-0.006641,0.002443
58,72,0.128473,-0.006420,0.002237
58,73,0.122161,-0.006213,0.002051
58,74,0.116047,-0.006019,0.001884
58,75,0.110124,-0.005837,0.001733
58,76,0.104374,-0.005667,0.001595
58,77,0.098790,-0.005508,0.001469
58,78,0.093358,-0.005359,0.001354
58,79,0.088071,-0.005221,0.001248
58,80,0.082916,-0.005093,0.001150
58,81,0.077886,-0.004973,0.001058
58,82,0.072970,-0.004862,0.000973
58,83,0.068162,-0.004760,0.000894
58,84,0.063451,-0.004665,0.000819
58,85,0.058832,-0.004578,0.000749
58,86,0.054296,-0.004498,0.000682
58,87,0.049837,-0.004424,0.000618
58,88,0.045447,-0.004358,0.000558
58,89,0.041121,-0.004298,0.000500
58,90,0.036851,-0.004245,0.000444
58,91,0.032632,-0.004197,0.000390
58,92,0.028456,-0.004155,0.000338
58,93,0.024321,-0.004120,0.000287
58,94,0.020217,-0.004090,0.000238
58,95,0.016141,-0.004065,0.000189
58,96,0.012087,-0.004046,0.000141
58,97,0.008049,-0.004033,0.000094
58,98,0.004022,-0.004025,0.000047
58,99,0.000000,0.000000,-0.000000
59,0,0.000000,0.000000,-0.000000
59,1,0.003827,0.003830,0.000049
59,2,0.007660,0.003837,0.000099
59,3,0.011502,0.003850,0.000148
59,4,0.015359,0.003867,0.000199
59,5,0.019236,0.003890,0.000250
59,6,0.023139,0.003917,0.000302
59,7,0.027071,0.003950,0.000355
59,8,0.031039,0.003988,0.000409
59,9,0.035047,0.004032,0.000466
59,10,0.039102,0.004081,0.000524
59,11,0.043208,0.004135,0.000584
59,12,0.047373,0.004196,0.000646
59,13,0.051600,0.004262,0.000712
59,14,0.055898,0.004335,0.000781
59,15,0.060270,0.004414,0.000853
59,16,0.064726,0.004500,0.000929
59,17,0.069270,0.004592,0.001010
59,18,0.073911,0.004692,0.001096
59,19,0.078654,0.004799,0.001188
59,20,0.083509,0.004914,0.001287
59,21,0.088481,0.005037,0.001393
59,22,0.093582,0.005168,0.001507
59,23,0.098818,0.005308,0.001631
59,24,0.104199,0.005458,0.001766
59,25,0.109733,0.005616,0.001913
59,26,0.115432,0.005785,0.002075
59,27,0.121302,0.005963,0.002253
59,28,0.127358,0.006152,0.002449
59,29,0.133606,0.006351,0.002666
59,30,0.140060,0.006560,0.002909
59,31,0.146726,0.006779,0.003179
59,32,0.153618,0.007007,0.003482
59,33,0.160740,0.007242,0.003823
59,34,0.168102,0.007483,0.004208
59,35,0.175705,0.007725,0.004644
59,36,0.183553,0.007965,0.005138
59,37,0.191635,0.008195,0.005699
59,38,0.199942,0.008404,0.006338
59,39,0.208443,0.008581,0.007063
59,40,0.217103,0.008705,0.007885
59,41,0.225854,0.008753,0.008811
59,42,0.234610,0.008693,0.009846
59,43,0.243241,0.008486,0.010984
59,44,0.251582,0.008086,0.012211
59,45,0.259412,0.007444,0.013491
59,46,0.266469,0.006515,0.014766
59,47,0.272443,0.005274,0.015948
59,48,0.277016,0.003724,0.016925
59,49,0.279891,0.001922,0.017578
59,50,0.280860,-0.000025,0.017808
59,51,0.279840,-0.001973,0.017577
59,52,0.276914,-0.003775,0.016924
59,53,0.272290,-0.005325,0.015947
59,54,0.266265,-0.006567,0.014764
59,55,0.259156,-0.007495,0.013489
59,56,0.251274,-0.008138,0.012208
59,57,0.242881,-0.008538,0.010981
59,58,0.234198,-0.008746,0.009841
59,59,0.225389,-0.008807,0.008807
59,60,0.216585,-0.008759,0.007880
59,61,0.207871,-0.008635,0.007057
59,62,0.199314,-0.008460,0.006331
59,63,0.190952,-0.008250,0.005692
59,64,0.182813,-0.008022,0.005130
59,65,0.174909,-0.007783,0.004636
59,66,0.167248,-0.007541,0.004199
59,67,0.159826,-0.007302,0.003814
59,68,0.152644,-0.007067,0.003472
59,69,0.145692,-0.006841,0.003168
59,70,0.138963,-0.006623,0.002897
59,71,0.132445,-0.006415,0.002654
59,72,0.126133,-0.006218,0.002436
59,73,0.120010,-0.006030,0.002239
59,74,0.114072,-0.005853,0.002061
59,75,0.108304,-0.005686,0.001898
59,76,0.102699,-0.005529,0.001750
59,77,0.097245,-0.005382,0.001614
59,78,0.091935,-0.005244,0.001489
59,79,0.086758,-0.005114,0.001374
59,80,0.081706,-0.004993,0.001267
59,81,0.076771,-0.004881,0.001168
59,82,0.071945,-0.004776,0.001075
59,83,0.067219,-0.004679,0.000988
59,84,0.062588,-0.004588,0.000906
59,85,0.058042,-0.004505,0.000828
59,86,0.053577,-0.004429,0.000755
59,87,0.049184,-0.004359,0.000685
59,88,0.044859,-0.004296,0.000618
59,89,0.040593,-0.004238,0.000554
59,90,0.036382,-0.004187,0.000492
59,91,0.032219,-0.004141,0.000433
59,92,0.028100,-0.004101,0.000375
59,93,0.024017,-0.004067,0.000319
59,94,0.019966,-0.004038,0.000264
59,95,0.015942,-0.004014,0.000210
59,96,0.011938,-0.003996,0.000157
59,97,0.007950,-0.003983,0.000104
59,98,0.003972,-0.003975,0.000052
59,99,0.000000,0.000000,-0.000000
60,0,0.000000,0.000000,-0.000000
60,1,0.003776,0.003778,0.000054
60,2,0.007556,0.003785,0.000108
60,3,0.011346,0.003797,0.000163
60,4,0.015151,0.003814,0.000218
60,5,0.018974,0.003836,0.000274
60,6,0.022822,0.003862,0.000330
60,7,0.026699,0.003894,0.000389
60,8,0.030609,0.003930,0.000448
60,9,0.034559,0.003972,0.000509
60,10,0.038553,0.004019,0.000573
60,11,0.042597,0.004071,0.000638
60,12,0.046695,0.004129,0.000707
60,13,0.050855,0.004192,0.000778
60,14,0.055080,0.004261,0.000852
60,15,0.059378,0.004337,0.000931
60,16,0.063753,0.004418,0.001013
60,17,0.068214,0.004505,0.001101
60,18,0.072764,0.004599,0.001194
60,19,0.077412,0.004700,0.001293
60,20,0.082164,0.004808,0.001399
60,21,0.087028,0.004922,0.001512
60,22,0.092008,0.005045,0.001635
60,23,0.097117,0.005174,0.001767
60,24,0.102357,0.005312,0.001910
60,25,0.107740,0.005457,0.002066
60,26,0.113271,0.005610,0.002237
60,27,0.118960,0.005771,0.002423
60,28,0.124813,0.005940,0.002628
60,29,0.130840,0.006116,0.002855
60,30,0.137045,0.006299,0.003105
60,31,0.143438,0.006488,0.003383
60,32,0.150021,0.006681,0.003692
60,33,0.156800,0.006876,0.004036
60,34,0.163774,0.007071,0.004422
60,35,0.170943,0.007262,0.004854
60,36,0.178297,0.007442,0.005339
60,37,0.185827,0.007604,0.005882
60,38,0.193506,0.007739,0.006491
60,39,0.201306,0.007833,0.007172
60,40,0.209173,0.007870,0.007929
60,41,0.217045,0.007827,0.008764
60,42,0.224827,0.007680,0.009677
60,43,0.232406,0.007400,0.010656
60,44,0.239626,0.006953,0.011683
60,45,0.246312,0.006309,0.012724
60,46,0.252245,0.005444,0.013731
60,47,0.257199,0.004348,0.014637
60,48,0.260940,0.003036,0.015366
60,49,0.263271,0.001553,0.015843
60,50,0.264046,-0.000025,0.016009
60,51,0.263220,-0.001603,0.015842
60,52,0.260839,-0.003086,0.015365
60,53,0.257048,-0.004398,0.014635
60,54,0.252043,-0.005495,0.013728
60,55,0.246059,-0.006360,0.012721
60,56,0.239322,-0.007004,0.011679
60,57,0.232050,-0.007452,0.010652
60,58,0.224419,-0.007733,0.009672
60,59,0.216585,-0.007880,0.008759
60,60,0.208660,-0.007923,0.007923
60,61,0.200739,-0.007887,0.007165
60,62,0.192885,-0.007794,0.006484
60,63,0.185152,-0.007660,0.005874
60,64,0.177566,-0.007498,0.005330
60,65,0.170155,-0.007319,0.004845
60,66,0.162929,-0.007129,0.004413
60,67,0.155897,-0.006935,0.004026
60,68,0.149058,-0.006741,0.003681
60,69,0.142415,-0.006549,0.003371
60,70,0.135960,-0.006361,0.003092
60,71,0.129692,-0.006180,0.002841
60,72,0.123601,-0.006005,0.002614
60,73,0.117683,-0.005837,0.002408
60,74,0.111926,-0.005678,0.002221
60,75,0.106327,-0.005526,0.002050
60,76,0.100874,-0.005383,0.001893
60,77,0.095562,-0.005247,0.001749
60,78,0.090380,-0.005119,0.001615
60,79,0.085323,-0.004999,0.001492
60,80,0.080382,-0.004886,0.001377
60,81,0.075551,-0.004781,0.001270
60,82,0.070820,-0.004682,0.001170
60,83,0.066186,-0.004590,0.001076
60,84,0.061640,-0.004505,0.000988
60,85,0.057176,-0.004427,0.000904
60,86,0.052786,-0.004354,0.000824
60,87,0.048467,-0.004288,0.000748
60,88,0.044211,-0.004227,0.000675
60,89,0.040013,-0.004172,0.000606
60,90,0.035866,-0.004123,0.000538
60,91,0.031766,-0.004080,0.000473
60,92,0.027707,-0.004041,0.000410
60,93,0.023683,-0.004008,0.000349
60,94,0.019690,-0.003981,0.000289
60,95,0.015722,-0.003958,0.000230
60,96,0.011774,-0.003940,0.000171
60,97,0.007841,-0.003928,0.000114
60,98,0.003918,-0.003920,0.000057
60,99,0.000000,0.000000,-0.000000
61,0,0.000000,0.000000,-0.000000
61,1,0.003720,0.003722,0.000058
61,2,0.007444,0.003729,0.000117
61,3,0.011177,0.003740,0.000176
61,4,0.014924,0.003756,0.000236
61,5,0.018689,0.003777,0.000296
61,6,0.022478,0.003802,0.000358
61,7,0.026294,0.003832,0.000421
61,8,0.030143,0.003867,0.000485
61,9,0.034028,0.003907,0.000551
61,10,0.037957,0.003952,0.000620
61,11,0.041932,0.004002,0.000690
61,12,0.045960,0.004056,0.000764
61,13,0.050045,0.004117,0.000840
61,14,0.054193,0.004182,0.000921
61,15,0.058409,0.004253,0.001005
61,16,0.062699,0.004330,0.001093
61,17,0.067068,0.004412,0.001186
61,18,0.071523,0.004500,0.001285
61,19,0.076068,0.004594,0.001391
61,20,0.080711,0.004694,0.001503
61,21,0.085457,0.004801,0.001623
61,22,0.090313,0.004914,0.001753
61,23,0.095284,0.005033,0.001892
61,24,0.100379,0.005158,0.002042
61,25,0.105600,0.005290,0.002205
61,26,0.110958,0.005428,0.002382
61,27,0.116456,0.005571,0.002575
61,28,0.122101,0.005721,0.002787
61,29,0.127897,0.005874,0.003019
61,30,0.133850,0.006032,0.003274
61,31,0.139961,0.006192,0.003555
61,32,0.146235,0.006353,0.003865
61,33,0.152667,0.006512,0.004209
61,34,0.159258,0.006665,0.004590
61,35,0.165997,0.006809,0.005012
61,36,0.172875,0.006937,0.005481
61,37,0.179871,0.007042,0.005999
61,38,0.186960,0.007115,0.006573
61,39,0.194100,0.007143,0.007203
61,40,0.201246,0.007113,0.007893
61,41,0.208325,0.007005,0.008641
61,42,0.215257,0.006802,0.009440
61,43,0.221929,0.006480,0.010280
61,44,0.228216,0.006017,0.011140
61,45,0.233964,0.005396,0.011992
61,46,0.239008,0.004603,0.012795
61,47,0.243169,0.003638,0.013502
61,48,0.246284,0.002518,0.014059
61,49,0.248206,0.001279,0.014418
61,50,0.248843,-0.000025,0.014542
61,51,0.248156,-0.001329,0.014417
61,52,0.246185,-0.002568,0.014058
61,53,0.243020,-0.003688,0.013500
61,54,0.238808,-0.004653,0.012793
61,55,0.233714,-0.005446,0.011989
61,56,0.227916,-0.006068,0.011137
61,57,0.221577,-0.006531,0.010276
61,58,0.214854,-0.006853,0.009435
61,59,0.207871,-0.007057,0.008635
61,60,0.200739,-0.007165,0.007887
61,61,0.193540,-0.007196,0.007196
61,62,0.186346,-0.007169,0.006565
61,63,0.179203,-0.007097,0.005991
61,64,0.172153,-0.006992,0.005471
61,65,0.165218,-0.006865,0.005002
61,66,0.158423,-0.006722,0.004579
61,67,0.151774,-0.006570,0.004198
61,68,0.145283,-0.006412,0.003853
61,69,0.138950,-0.006252,0.003542
61,70,0.132778,-0.006094,0.003260
61,71,0.126763,-0.005937,0.003004
61,72,0.120904,-0.005785,0.002771
61,73,0.115194,-0.005637,0.002559
61,74,0.109630,-0.005495,0.002365
61,75,0.104204,-0.005358,0.002187
61,76,0.098913,-0.005228,0.002023
61,77,0.093748,-0.005105,0.001872
61,78,0.088704,-0.004987,0.001732
61,79,0.083773,-0.004876,0.001601
61,80,0.078952,-0.004772,0.001480
61,81,0.074230,-0.004674,0.001366
61,82,0.069604,-0.004582,0.001260
61,83,0.065066,-0.004496,0.001160
61,84,0.060613,-0.004416,0.001065
61,85,0.056235,-0.004342,0.000975
61,86,0.051929,-0.004273,0.000890
61,87,0.047688,-0.004211,0.000808
61,88,0.043508,-0.004153,0.000730
61,89,0.039382,-0.004101,0.000655
61,90,0.035305,-0.004055,0.000582
61,91,0.031273,-0.004013,0.000512
61,92,0.027279,-0.003977,0.000444
61,93,0.023320,-0.003945,0.000378
61,94,0.019389,-0.003919,0.000313
61,95,0.015482,-0.003897,0.000249
61,96,0.011595,-0.003880,0.000186
61,97,0.007722,-0.003868,0.000123
61,98,0.003859,-0.003861,0.000062
61,99,0.000000,0.000000,-0.000000
62,0,0.000000,0.000000,-0.000000
62,1,0.003659,0.003661,0.000063
62,2,0.007322,0.003668,0.000126
62,3,0.010994,0.003679,0.000189
62,4,0.014679,0.003694,0.000253
62,5,0.018382,0.003714,0.000318
62,6,0.022106,0.003738,0.000384
62,7,0.025857,0.003766,0.000451
62,8,0.029639,0.003800,0.000520
62,9,0.033457,0.003837,0.000591
62,10,0.037314,0.003880,0.000664
62,11,0.041216,0.003927,0.000740
62,12,0.045168,0.003979,0.000818
62,13,0.049174,0.004036,0.000900
62,14,0.053239,0.004097,0.000985
62,15,0.057369,0.004164,0.001074
62,16,0.061567,0.004236,0.001168
62,17,0.065841,0.004313,0.001266
62,18,0.070193,0.004395,0.001371
62,19,0.074631,0.004482,0.001482
62,20,0.079157,0.004575,0.001600
62,21,0.083781,0.004673,0.001726
62,22,0.088503,0.004776,0.001860
62,23,0.093334,0.004885,0.002005
62,24,0.098273,0.004998,0.002161
62,25,0.103330,0.005117,0.002329
62,26,0.108507,0.005240,0.002512
62,27,0.113810,0.005366,0.002709
62,28,0.119240,0.005497,0.002925
62,29,0.124803,0.005629,0.003160
62,30,0.130498,0.005763,0.003416
62,31,0.136329,0.005896,0.003698
62,32,0.142290,0.006027,0.004006
62,33,0.148382,0.006152,0.004344
62,34,0.154594,0.006268,0.004716
62,35,0.160919,0.006371,0.005124
62,36,0.167336,0.006455,0.005572
62,37,0.173829,0.006512,0.006062
62,38,0.180361,0.006535,0.006597
62,39,0.186899,0.006512,0.007176
62,40,0.193386,0.006432,0.007801
62,41,0.199763,0.006280,0.008466
62,42,0.205946,0.006041,0.009164
62,43,0.211845,0.005700,0.009884
62,44,0.217346,0.005241,0.010607
62,45,0.222328,0.004654,0.011308
62,46,0.226654,0.003934,0.011956
62,47,0.230195,0.003084,0.012517
62,48,0.232821,0.002120,0.012952
62,49,0.234435,0.001071,0.013228
62,50,0.234963,-0.000025,0.013323
62,51,0.234386,-0.001120,0.013227
62,52,0.232723,-0.002169,0.012950
62,53,0.230048,-0.003133,0.012515
62,54,0.226457,-0.003983,0.011954
62,55,0.222081,-0.004704,0.011304
62,56,0.217049,-0.005291,0.010603
62,57,0.211498,-0.005750,0.009879
62,58,0.205548,-0.006092,0.009159
62,59,0.199314,-0.006331,0.008460
62,60,0.192885,-0.006484,0.007794
62,61,0.186346,-0.006565,0.007169
62,62,0.179756,-0.006588,0.006588
62,63,0.173170,-0.006566,0.006053
62,64,0.166623,-0.006510,0.005562
62,65,0.160151,-0.006427,0.005114
62,66,0.153770,-0.006325,0.004705
62,67,0.147501,-0.006209,0.004332
62,68,0.141351,-0.006085,0.003993
62,69,0.135331,-0.005956,0.003684
62,70,0.129440,-0.005824,0.003402
62,71,0.123684,-0.005691,0.003144
62,72,0.118058,-0.005560,0.002908
62,73,0.112564,-0.005431,0.002692
62,74,0.107196,-0.005306,0.002493
62,75,0.101953,-0.005184,0.002310
62,76,0.096828,-0.005067,0.002141
62,77,0.091818,-0.004956,0.001984
62,78,0.086917,-0.004849,0.001838
62,79,0.082120,-0.004747,0.001702
62,80,0.077422,-0.004651,0.001575
62,81,0.072818,-0.004561,0.001455
62,82,0.068300,-0.004475,0.001343
62,83,0.063867,-0.004395,0.001237
62,84,0.059510,-0.004321,0.001137
62,85,0.055226,-0.004251,0.001042
62,86,0.051007,-0.004187,0.000951
62,87,0.046851,-0.004128,0.000865
62,88,0.042751,-0.004074,0.000781
62,89,0.038703,-0.004025,0.000701
62,90,0.034701,-0.003981,0.000624
62,91,0.030742,-0.003941,0.000549
62,92,0.026819,-0.003907,0.000476
62,93,0.022928,-0.003877,0.000405
62,94,0.019065,-0.003852,0.000335
62,95,0.015225,-0.003831,0.000267
62,96,0.011402,-0.003815,0.000199
62,97,0.007594,-0.003804,0.000132
62,98,0.003795,-0.003797,0.000066
62,99,0.000000,0.000000,-0.000000
63,0,0.000000,0.000000,-0.000000
63,1,0.003594,0.003596,0.000067
63,2,0.007192,0.003602,0.000134
63,3,0.010799,0.003613,0.000201
63,4,0.014418,0.003627,0.000270
63,5,0.018053,0.003646,0.000339
63,6,0.021710,0.003669,0.000409
63,7,0.025391,0.003696,0.000481
63,8,0.029102,0.003727,0.000554
63,9,0.032846,0.003763,0.000629
63,10,0.036628,0.003803,0.000706
63,11,0.040452,0.003848,0.000786
63,12,0.044324,0.003897,0.000869
63,13,0.048245,0.003950,0.000955
63,14,0.052224,0.004008,0.001045
63,15,0.056261,0.004070,0.001139
63,16,0.060364,0.004137,0.001237
63,17,0.064535,0.004209,0.001341
63,18,0.068781,0.004285,0.001450
63,19,0.073104,0.004365,0.001566
63,20,0.077512,0.004451,0.001688
63,21,0.082005,0.004540,0.001819
63,22,0.086592,0.004634,0.001958
63,23,0.091274,0.004732,0.002108
63,24,0.096056,0.004834,0.002268
63,25,0.100942,0.004939,0.002440
63,26,0.105935,0.005048,0.002626
63,27,0.111037,0.005158,0.002826
63,28,0.116252,0.005270,0.003043
63,29,0.121577,0.005383,0.003279
63,30,0.127017,0.005494,0.003535
63,31,0.132566,0.005603,0.003813
63,32,0.138223,0.005706,0.004116
63,33,0.143978,0.005801,0.004446
63,34,0.149826,0.005885,0.004806
63,35,0.155748,0.005953,0.005197
63,36,0.161731,0.005999,0.005621
63,37,0.167746,0.006018,0.006080
63,38,0.173766,0.006001,0.006575
63,39,0.179748,0.005939,0.007105
63,40,0.185645,0.005823,0.007667
63,41,0.191394,0.005642,0.008257
63,42,0.196928,0.005383,0.008867
63,43,0.202161,0.005037,0.009485
63,44,0.207003,0.004593,0.010095
63,45,0.211348,0.004046,0.010676
63,46,0.215095,0.003394,0.011206
63,47,0.218136,0.002643,0.011657
63,48,0.220381,0.001807,0.012002
63,49,0.221749,0.000908,0.012220
63,50,0.222197,-0.000024,0.012294
63,51,0.221701,-0.000956,0.012219
63,52,0.220284,-0.001855,0.012001
63,53,0.217990,-0.002692,0.011655
63,54,0.214901,-0.003443,0.011203
63,55,0.211105,-0.004095,0.010673
63,56,0.206710,-0.004643,0.010090
63,57,0.201819,-0.005087,0.009479
63,58,0.196536,-0.005434,0.008861
63,59,0.190952,-0.005692,0.008250
63,60,0.185152,-0.005874,0.007660
63,61,0.179203,-0.005991,0.007097
63,62,0.173170,-0.006053,0.006566
63,63,0.167097,-0.006071,0.006071
63,64,0.161028,-0.006053,0.005611
63,65,0.154991,-0.006007,0.005185
63,66,0.149013,-0.005941,0.004794
63,67,0.143110,-0.005858,0.004433
63,68,0.137298,-0.005764,0.004102
63,69,0.131583,-0.005661,0.003798
63,70,0.125975,-0.005554,0.003519
63,71,0.120475,-0.005444,0.003262
63,72,0.115087,-0.005333,0.003026
63,73,0.109810,-0.005222,0.002807
63,74,0.104644,-0.005113,0.002606
63,75,0.099585,-0.005006,0.002419
63,76,0.094632,-0.004902,0.002246
63,77,0.089781,-0.004802,0.002084
63,78,0.085029,-0.004705,0.001934
63,79,0.080370,-0.004613,0.001793
63,80,0.075802,-0.004526,0.001661
63,81,0.071319,-0.004442,0.001537
63,82,0.066918,-0.004364,0.001420
63,83,0.062592,-0.004290,0.001310
63,84,0.058338,-0.004220,0.001205
63,85,0.054151,-0.004156,0.001105
63,86,0.050026,-0.004096,0.001009
63,87,0.045959,-0.004041,0.000918
63,88,0.041945,-0.003990,0.000830
63,89,0.037979,-0.003944,0.000745
63,90,0.034057,-0.003902,0.000663
63,91,0.030175,-0.003865,0.000584
63,92,0.026327,-0.003832,0.000506
63,93,0.022510,-0.003804,0.000431
63,94,0.018719,-0.003780,0.000357
63,95,0.014949,-0.003761,0.000284
63,96,0.011197,-0.003746,0.000212
63,97,0.007457,-0.003735,0.000141
63,98,0.003727,-0.003729,0.000070
63,99,0.000000,0.000000,-0.000000
64,0,0.000000,0.000000,-0.000000
64,1,0.003525,0.003527,0.000071
64,2,0.007054,0.003533,0.000142
64,3,0.010591,0.003543,0.000213
64,4,0.014140,0.003557,0.000285
64,5,0.017704,0.003574,0.000358
64,6,0.021288,0.003596,0.000432
64,7,0.024896,0.003622,0.000508
64,8,0.028531,0.003651,0.000585
64,9,0.032199,0.003685,0.000664
64,10,0.035901,0.003723,0.000746
64,11,0.039644,0.003764,0.000830
64,12,0.043430,0.003810,0.000917
64,13,0.047264,0.003860,0.001007
64,14,0.051149,0.003914,0.001101
64,15,0.055091,0.003972,0.001199
64,16,0.059093,0.004034,0.001302
64,17,0.063159,0.004100,0.001409
64,18,0.067293,0.004170,0.001523
64,19,0.071499,0.004244,0.001642
64,20,0.075781,0.004322,0.001769
64,21,0.080143,0.004403,0.001904
64,22,0.084587,0.004488,0.002047
64,23,0.089118,0.004576,0.002199
64,24,0.093738,0.004666,0.002362
64,25,0.098451,0.004759,0.002537
64,26,0.103256,0.004853,0.002725
64,27,0.108157,0.004949,0.002926
64,28,0.113153,0.005044,0.003144
64,29,0.118245,0.005138,0.003378
64,30,0.123428,0.005229,0.003631
64,31,0.128702,0.005315,0.003904
64,32,0.134057,0.005394,0.004200
64,33,0.139489,0.005462,0.004519
64,34,0.144982,0.005518,0.004864
64,35,0.150525,0.005556,0.005236
64,36,0.156094,0.005571,0.005636
64,37,0.161668,0.005558,0.006063
64,38,0.167211,0.005511,0.006519
64,39,0.172689,0.005420,0.007001
64,40,0.178052,0.005280,0.007506
64,41,0.183249,0.005081,0.008029
64,42,0.188213,0.004814,0.008561
64,43,0.192876,0.004472,0.009093
64,44,0.197157,0.004049,0.009611
64,45,0.200975,0.003543,0.010097
64,46,0.204242,0.002953,0.010535
64,47,0.206882,0.002287,0.010902
64,48,0.208817,0.001557,0.011181
64,49,0.209995,0.000779,0.011356
64,50,0.210374,-0.000024,0.011415
64,51,0.209947,-0.000826,0.011355
64,52,0.208721,-0.001604,0.011180
64,53,0.206738,-0.002335,0.010900
64,54,0.204051,-0.003001,0.010531
64,55,0.200735,-0.003591,0.010094
64,56,0.196869,-0.004098,0.009606
64,57,0.192540,-0.004521,0.009088
64,58,0.187827,-0.004863,0.008555
64,59,0.182813,-0.005130,0.008022
64,60,0.177566,-0.005330,0.007498
64,61,0.172153,-0.005471,0.006992
64,62,0.166623,-0.005562,0.006510
64,63,0.161028,-0.005611,0.006053
64,64,0.155402,-0.005624,0.005624
64,65,0.149780,-0.005610,0.005224
64,66,0.144183,-0.005573,0.004851
64,67,0.138635,-0.005518,0.004505
64,68,0.133147,-0.005450,0.004185
64,69,0.127734,-0.005372,0.003888
64,70,0.122402,-0.005287,0.003614
64,71,0.117160,-0.005198,0.003360
64,72,0.112007,-0.005105,0.003125
64,73,0.106950,-0.005011,0.002906
64,74,0.101985,-0.004917,0.002703
64,75,0.097115,-0.004824,0.002515
64,76,0.092336,-0.004733,0.002339
64,77,0.087649,-0.004644,0.002175
64,78,0.083048,-0.004558,0.002021
64,79,0.078534,-0.004475,0.001876
64,80,0.074099,-0.004395,0.001741
64,81,0.069743,-0.004320,0.001612
64,82,0.065460,-0.004248,0.001491
64,83,0.061248,-0.004180,0.001376
64,84,0.057101,-0.004116,0.001267
64,85,0.053016,-0.004056,0.001163
64,86,0.048989,-0.004000,0.001063
64,87,0.045016,-0.003949,0.000967
64,88,0.041091,-0.003901,0.000875
64,89,0.037213,-0.003858,0.000786
64,90,0.033375,-0.003819,0.000700
64,91,0.029574,-0.003784,0.000616
64,92,0.025806,-0.003754,0.000535
64,93,0.022067,-0.003727,0.000455
64,94,0.018351,-0.003705,0.000377
64,95,0.014657,-0.003687,0.000300
64,96,0.010978,-0.003672,0.000224
64,97,0.007312,-0.003662,0.000149
64,98,0.003654,-0.003656,0.000074
64,99,0.000000,0.000000,-0.000000
65,0,0.000000,0.000000,-0.000000
65,1,0.003453,0.003454,0.000074
65,2,0.006909,0.003460,0.000149
65,3,0.010372,0.003469,0.000224
65,4,0.013847,0.003482,0.000300
65,5,0.017337,0.003499,0.000377
65,6,0.020845,0.003519,0.000454
65,7,0.024375,0.003543,0.000534
65,8,0.027931,0.003571,0.000615
65,9,0.031517,0.003603,0.000698
65,10,0.035136,0.003638,0.000783
65,11,0.038792,0.003677,0.000871
65,12,0.042490,0.003719,0.000961
65,13,0.046231,0.003766,0.001055
65,14,0.050022,0.003816,0.001153
65,15,0.053863,0.003870,0.001255
65,16,0.057761,0.003927,0.001361
65,17,0.061716,0.003987,0.001472
65,18,0.065736,0.004052,0.001589
65,19,0.069820,0.004119,0.001712
65,20,0.073974,0.004189,0.001842
65,21,0.078198,0.004263,0.001980
65,22,0.082499,0.004338,0.002126
65,23,0.086875,0.004416,0.002280
65,24,0.091332,0.004496,0.002445
65,25,0.095867,0.004577,0.002621
65,26,0.100486,0.004658,0.002810
65,27,0.105184,0.004739,0.003011
65,28,0.109965,0.004819,0.003227
65,29,0.114822,0.004895,0.003458
65,30,0.119756,0.004968,0.003707
65,31,0.124757,0.005034,0.003973
65,32,0.129823,0.005091,0.004260
65,33,0.134939,0.005137,0.004567
65,34,0.140097,0.005168,0.004896
65,35,0.145276,0.005182,0.005247
65,36,0.150460,0.005172,0.005622
65,37,0.155620,0.005134,0.006019
65,38,0.160728,0.005063,0.006437
65,39,0.165746,0.004952,0.006874
65,40,0.170633,0.004796,0.007327
65,41,0.175337,0.004587,0.007790
65,42,0.179806,0.004319,0.008256
65,43,0.183975,0.003988,0.008716
65,44,0.187781,0.003589,0.009158
65,45,0.191153,0.003122,0.009568
65,46,0.194026,0.002589,0.009933
65,47,0.196332,0.001996,0.010236
65,48,0.198018,0.001353,0.010465
65,49,0.199038,0.000674,0.010607
65,50,0.199367,-0.000023,0.010655
65,51,0.198991,-0.000721,0.010606
65,52,0.197925,-0.001400,0.010463
65,53,0.196191,-0.002043,0.010234
65,54,0.193838,-0.002637,0.009929
65,55,0.190917,-0.003170,0.009564
65,56,0.187498,-0.003637,0.009153
65,57,0.183644,-0.004036,0.008710
65,58,0.179427,-0.004368,0.008250
65,59,0.174909,-0.004636,0.007783
65,60,0.170155,-0.004845,0.007319
65,61,0.165218,-0.005002,0.006865
65,62,0.160151,-0.005114,0.006427
65,63,0.154991,-0.005185,0.006007
65,64,0.149780,-0.005224,0.005610
65,65,0.144543,-0.005234,0.005234
65,66,0.139311,-0.005222,0.004882
65,67,0.134099,-0.005192,0.004552
65,68,0.128928,-0.005147,0.004244
65,69,0.123806,-0.005090,0.003956
65,70,0.118747,-0.005025,0.003689
65,71,0.113755,-0.004954,0.003439
65,72,0.108838,-0.004879,0.003207
65,73,0.103997,-0.004801,0.002990
65,74,0.099237,-0.004721,0.002787
65,75,0.094555,-0.004641,0.002598
65,76,0.089955,-0.004562,0.002421
65,77,0.085432,-0.004484,0.002254
65,78,0.080987,-0.004407,0.002098
65,79,0.076617,-0.004333,0.001951
65,80,0.072321,-0.004262,0.001812
65,81,0.068094,-0.004193,0.001680
65,82,0.063935,-0.004128,0.001556
65,83,0.059839,-0.004066,0.001437
65,84,0.055804,-0.004007,0.001324
65,85,0.051825,-0.003952,0.001216
65,86,0.047901,-0.003900,0.001113
65,87,0.044024,-0.003853,0.001013
65,88,0.040195,-0.003809,0.000917
65,89,0.036407,-0.003769,0.000824
65,90,0.032657,-0.003732,0.000734
65,91,0.028942,-0.003700,0.000647
65,92,0.025258,-0.003671,0.000562
65,93,0.021599,-0.003646,0.000478
65,94,0.017965,-0.003625,0.000396
65,95,0.014349,-0.003608,0.000315
65,96,0.010748,-0.003595,0.000236
65,97,0.007159,-0.003585,0.000157
65,98,0.003578,-0.003580,0.000078
65,99,0.000000,0.000000,-0.000000
66,0,0.000000,0.000000,-0.000000
66,1,0.003376,0.003378,0.000078
66,2,0.006756,0.003383,0.000156
66,3,0.010143,0.003392,0.000234
66,4,0.013540,0.003404,0.000314
66,5,0.016951,0.003420,0.000394
66,6,0.020379,0.003439,0.000475
66,7,0.023829,0.003461,0.000558
66,8,0.027302,0.003487,0.000642
66,9,0.030803,0.003517,0.000729
66,10,0.034335,0.003550,0.000817
66,11,0.037903,0.003586,0.000909
66,12,0.041507,0.003625,0.001003
66,13,0.045153,0.003668,0.001100
66,14,0.048843,0.003714,0.001201
66,15,0.052582,0.003764,0.001306
66,16,0.056371,0.003816,0.001415
66,17,0.060215,0.003872,0.001530
66,18,0.064114,0.003930,0.001650
66,19,0.068075,0.003991,0.001775
66,20,0.072096,0.004054,0.001908
66,21,0.076183,0.004120,0.002048
66,22,0.080335,0.004187,0.002195
66,23,0.084557,0.004256,0.002352
66,24,0.088847,0.004325,0.002518
66,25,0.093208,0.004395,0.002694
66,26,0.097636,0.004464,0.002881
66,27,0.102136,0.004532,0.003081
66,28,0.106700,0.004597,0.003294
66,29,0.111329,0.004658,0.003521
66,30,0.116015,0.004713,0.003764
66,31,0.120755,0.004761,0.004023
66,32,0.125538,0.004800,0.004299
66,33,0.130356,0.004826,0.004593
66,34,0.135191,0.004838,0.004905
66,35,0.140031,0.004830,0.005236
66,36,0.144851,0.004800,0.005585
66,37,0.149631,0.004743,0.005952
66,38,0.154337,0.004655,0.006335
66,39,0.158940,0.004530,0.006732
66,40,0.163397,0.004364,0.007138
66,41,0.167668,0.004151,0.007549
66,42,0.171700,0.003888,0.007958
66,43,0.175444,0.003571,0.008357
66,44,0.178841,0.003197,0.008736
66,45,0.181839,0.002768,0.009085
66,46,0.184377,0.002285,0.009392
66,47,0.186409,0.001755,0.009645
66,48,0.187887,0.001186,0.009835
66,49,0.188781,0.000589,0.009952
66,50,0.189065,-0.000023,0.009991
66,51,0.188735,-0.000635,0.009951
66,52,0.187795,-0.001232,0.009833
66,53,0.186271,-0.001802,0.009642
66,54,0.184192,-0.002332,0.009388
66,55,0.181607,-0.002815,0.009081
66,56,0.178563,-0.003244,0.008731
66,57,0.175119,-0.003618,0.008351
66,58,0.171327,-0.003936,0.007951
66,59,0.167248,-0.004199,0.007541
66,60,0.162929,-0.004413,0.007129
66,61,0.158423,-0.004579,0.006722
66,62,0.153770,-0.004705,0.006325
66,63,0.149013,-0.004794,0.005941
66,64,0.144183,-0.004851,0.005573
66,65,0.139311,-0.004882,0.005222
66,66,0.134419,-0.004890,0.004890
66,67,0.129531,-0.004880,0.004577
66,68,0.124659,-0.004855,0.004282
66,69,0.119821,-0.004817,0.004005
66,70,0.115025,-0.004770,0.003745
66,71,0.110282,-0.004715,0.003501
66,72,0.105594,-0.004656,0.003273
66,73,0.100970,-0.004592,0.003059
66,74,0.096411,-0.004525,0.002858
66,75,0.091920,-0.004458,0.002669
66,76,0.087495,-0.004389,0.002491
66,77,0.083141,-0.004321,0.002324
66,78,0.078852,-0.004254,0.002166
66,79,0.074632,-0.004189,0.002017
66,80,0.070475,-0.004125,0.001876
66,81,0.066382,-0.004063,0.001742
66,82,0.062348,-0.004004,0.001614
66,83,0.058373,-0.003948,0.001493
66,84,0.054452,-0.003895,0.001377
66,85,0.050584,-0.003844,0.001265
66,86,0.046764,-0.003797,0.001158
66,87,0.042990,-0.003753,0.001055
66,88,0.039257,-0.003713,0.000956
66,89,0.035564,-0.003676,0.000860
66,90,0.031906,-0.003642,0.000766
66,91,0.028281,-0.003612,0.000675
66,92,0.024683,-0.003585,0.000586
66,93,0.021111,-0.003562,0.000499
66,94,0.017559,-0.003542,0.000414
66,95,0.014026,-0.003526,0.000330
66,96,0.010507,-0.003514,0.000246
66,97,0.006999,-0.003505,0.000164
66,98,0.003498,-0.003499,0.000082
66,99,0.000000,0.000000,-0.000000
67,0,0.000000,0.000000,-0.000000
67,1,0.003297,0.003298,0.000081
67,2,0.006597,0.003303,0.000162
67,3,0.009903,0.003311,0.000244
67,4,0.013220,0.003323,0.000327
67,5,0.016549,0.003337,0.000410
67,6,0.019894,0.003355,0.000494
67,7,0.023259,0.003376,0.000580
67,8,0.026647,0.003400,0.000668
67,9,0.030059,0.003428,0.000757
67,10,0.033502,0.003458,0.000849
67,11,0.036975,0.003492,0.000944
67,12,0.040485,0.003528,0.001041
67,13,0.044031,0.003568,0.001141
67,14,0.047620,0.003610,0.001245
67,15,0.051251,0.003655,0.001353
67,16,0.054930,0.003703,0.001465
67,17,0.058657,0.003753,0.001582
67,18,0.062437,0.003806,0.001704
67,19,0.066269,0.003861,0.001832
67,20,0.070158,0.003917,0.001966
67,21,0.074103,0.003975,0.002108
67,22,0.078108,0.004034,0.002256
67,23,0.082172,0.004094,0.002413
67,24,0.086297,0.004154,0.002579
67,25,0.090480,0.004213,0.002755
67,26,0.094723,0.004271,0.002941
67,27,0.099022,0.004327,0.003138
67,28,0.103376,0.004378,0.003347
67,29,0.107779,0.004426,0.003570
67,30,0.112228,0.004466,0.003805
67,31,0.116712,0.004499,0.004055
67,32,0.121225,0.004521,0.004320
67,33,0.125754,0.004531,0.004600
67,34,0.130287,0.004525,0.004895
67,35,0.134805,0.004501,0.005206
67,36,0.139290,0.004455,0.005531
67,37,0.143715,0.004384,0.005870
67,38,0.148058,0.004283,0.006221
67,39,0.152282,0.004149,0.006580
67,40,0.156356,0.003978,0.006945
67,41,0.160239,0.003767,0.007310
67,42,0.163890,0.003511,0.007670
67,43,0.167261,0.003210,0.008018
67,44,0.170309,0.002861,0.008345
67,45,0.172983,0.002467,0.008644
67,46,0.175242,0.002029,0.008904
67,47,0.177041,0.001553,0.009118
67,48,0.178349,0.001047,0.009277
67,49,0.179135,0.000518,0.009375
67,50,0.179385,-0.000023,0.009408
67,51,0.179089,-0.000563,0.009374
67,52,0.178259,-0.001092,0.009275
67,53,0.176906,-0.001599,0.009115
67,54,0.175061,-0.002075,0.008901
67,55,0.172756,-0.002513,0.008639
67,56,0.170036,-0.002907,0.008340
67,57,0.166942,-0.003256,0.008011
67,58,0.163524,-0.003558,0.007663
67,59,0.159826,-0.003814,0.007302
67,60,0.155897,-0.004026,0.006935
67,61,0.151774,-0.004198,0.006570
67,62,0.147501,-0.004332,0.006209
67,63,0.143110,-0.004433,0.005858
67,64,0.138635,-0.004505,0.005518
67,65,0.134099,-0.004552,0.005192
67,66,0.129531,-0.004577,0.004880
67,67,0.124945,-0.004583,0.004583
67,68,0.120364,-0.004575,0.004302
67,69,0.115796,-0.004553,0.004036
67,70,0.111257,-0.004522,0.003785
67,71,0.106752,-0.004482,0.003548
67,72,0.102293,-0.004436,0.003325
67,73,0.097880,-0.004385,0.003115
67,74,0.093522,-0.004331,0.002916
67,75,0.089217,-0.004275,0.002729
67,76,0.084972,-0.004217,0.002552
67,77,0.080784,-0.004159,0.002384
67,78,0.076655,-0.004100,0.002226
67,79,0.072583,-0.004043,0.002075
67,80,0.068570,-0.003986,0.001933
67,81,0.064611,-0.003931,0.001797
67,82,0.060707,-0.003879,0.001667
67,83,0.056854,-0.003828,0.001543
67,84,0.053051,-0.003779,0.001424
67,85,0.049295,-0.003734,0.001310
67,86,0.045584,-0.003691,0.001200
67,87,0.041913,-0.003650,0.001094
67,88,0.038283,-0.003613,0.000992
67,89,0.034687,-0.003579,0.000893
67,90,0.031125,-0.003548,0.000796
67,91,0.027591,-0.003520,0.000702
67,92,0.024085,-0.003495,0.000609
67,93,0.020601,-0.003474,0.000519
67,94,0.017137,-0.003456,0.000430
67,95,0.013690,-0.003441,0.000343
67,96,0.010256,-0.003429,0.000256
67,97,0.006831,-0.003421,0.000170
67,98,0.003414,-0.003416,0.000085
67,99,0.000000,0.000000,-0.000000
68,0,0.000000,0.000000,-0.000000
68,1,0.003214,0.003216,0.000084
68,2,0.006431,0.003220,0.000168
68,3,0.009655,0.003228,0.000253
68,4,0.012887,0.003238,0.000339
68,5,0.016131,0.003252,0.000425
68,6,0.019390,0.003268,0.000512
68,7,0.022668,0.003288,0.000601
68,8,0.025966,0.003310,0.000692
68,9,0.029288,0.003335,0.000784
68,10,0.032637,0.003364,0.000879
68,11,0.036015,0.003394,0.000976
68,12,0.039426,0.003428,0.001076
68,13,0.042871,0.003464,0.001178
68,14,0.046354,0.003503,0.001285
68,15,0.049877,0.003544,0.001395
68,16,0.053441,0.003587,0.001509
68,17,0.057051,0.003633,0.001628
68,18,0.060706,0.003680,0.001753
68,19,0.064411,0.003729,0.001882
68,20,0.068164,0.003779,0.002018
68,21,0.071968,0.003830,0.002160
68,22,0.075823,0.003881,0.002309
68,23,0.079731,0.003933,0.002466
68,24,0.083688,0.003984,0.002631
68,25,0.087698,0.004033,0.002806
68,26,0.091755,0.004081,0.002989
68,27,0.095859,0.004125,0.003183
68,28,0.100005,0.004165,0.003388
68,29,0.104190,0.004200,0.003604
68,30,0.108405,0.004228,0.003832
68,31,0.112645,0.004247,0.004073
68,32,0.116898,0.004255,0.004326
68,33,0.121156,0.004251,0.004592
68,34,0.125400,0.004231,0.004871
68,35,0.129618,0.004194,0.005162
68,36,0.133788,0.004136,0.005464
68,37,0.137890,0.004054,0.005776
68,38,0.141896,0.003945,0.006097
68,39,0.145780,0.003806,0.006423
68,40,0.149508,0.003634,0.006751
68,41,0.153048,0.003426,0.007076
68,42,0.156360,0.003180,0.007394
68,43,0.159409,0.002895,0.007699
68,44,0.162151,0.002571,0.007983
68,45,0.164551,0.002209,0.008241
68,46,0.166568,0.001811,0.008464
68,47,0.168173,0.001383,0.008646
68,48,0.169334,0.000929,0.008780
68,49,0.170032,0.000458,0.008863
68,50,0.170250,-0.000022,0.008891
68,51,0.169987,-0.000502,0.008862
68,52,0.169245,-0.000973,0.008778
68,53,0.168041,-0.001427,0.008643
68,54,0.166391,-0.001856,0.008460
68,55,0.164329,-0.002254,0.008236
68,56,0.161884,-0.002616,0.007978
68,57,0.159096,-0.002941,0.007692
68,58,0.156002,-0.003226,0.007386
68,59,0.152644,-0.003472,0.007067
68,60,0.149058,-0.003681,0.006741
68,61,0.145283,-0.003853,0.006412
68,62,0.141351,-0.003993,0.006085
68,63,0.137298,-0.004102,0.005764
68,64,0.133147,-0.004185,0.005450
68,65,0.128928,-0.004244,0.005147
68,66,0.124659,-0.004282,0.004855
68,67,0.120364,-0.004302,0.004575
68,68,0.116054,-0.004308,0.004308
68,69,0.111749,-0.004300,0.004053
68,70,0.107454,-0.004282,0.003811
68,71,0.103185,-0.004255,0.003582
68,72,0.098944,-0.004222,0.003365
68,73,0.094741,-0.004183,0.003159
68,74,0.090579,-0.004139,0.002963
68,75,0.086462,-0.004093,0.002778
68,76,0.082392,-0.004045,0.002602
68,77,0.078372,-0.003996,0.002436
68,78,0.074401,-0.003946,0.002277
68,79,0.070481,-0.003896,0.002126
68,80,0.066610,-0.003846,0.001983
68,81,0.062789,-0.003798,0.001845
68,82,0.059014,-0.003751,0.001714
68,83,0.055287,-0.003705,0.001588
68,84,0.051604,-0.003662,0.001467
68,85,0.047964,-0.003620,0.001351
68,86,0.044363,-0.003581,0.001238
68,87,0.040801,-0.003545,0.001130
68,88,0.037273,-0.003511,0.001025
68,89,0.033779,-0.003479,0.000922
68,90,0.030314,-0.003451,0.000823
68,91,0.026877,-0.003425,0.000726
68,92,0.023464,-0.003403,0.000631
68,93,0.020072,-0.003383,0.000537
68,94,0.016699,-0.003366,0.000446
68,95,0.013341,-0.003352,0.000355
68,96,0.009995,-0.003341,0.000265
68,97,0.006658,-0.003334,0.000177
68,98,0.003327,-0.003329,0.000088
68,99,0.000000,0.000000,-0.000000
69,0,0.000000,0.000000,-0.000000
69,1,0.003129,0.003130,0.000087
69,2,0.006260,0.003134,0.000174
69,3,0.009397,0.003141,0.000261
69,4,0.012543,0.003151,0.000350
69,5,0.015699,0.003164,0.000439
69,6,0.018870,0.003179,0.000529
69,7,0.022057,0.003197,0.000620
69,8,0.025263,0.003217,0.000714
69,9,0.028491,0.003241,0.000809
69,10,0.031744,0.003266,0.000906
69,11,0.035024,0.003295,0.001005
69,12,0.038334,0.003325,0.001107
69,13,0.041675,0.003358,0.001213
69,14,0.045050,0.003393,0.001321
69,15,0.048461,0.003431,0.001433
69,16,0.051911,0.003469,0.001550
69,17,0.055400,0.003510,0.001670
69,18,0.058931,0.003552,0.001796
69,19,0.062504,0.003595,0.001926
69,20,0.066122,0.003639,0.002063
69,21,0.069783,0.003684,0.002205
69,22,0.073490,0.003728,0.002355
69,23,0.077239,0.003772,0.002511
69,24,0.081034,0.003815,0.002675
69,25,0.084868,0.003855,0.002847
69,26,0.088744,0.003893,0.003028
69,27,0.092655,0.003928,0.003218
69,28,0.096600,0.003958,0.003417
69,29,0.100570,0.003981,0.003627
69,30,0.104563,0.003998,0.003847
69,31,0.108566,0.004005,0.004078
69,32,0.112573,0.004002,0.004319
69,33,0.116570,0.003986,0.004572
69,34,0.120546,0.003956,0.004834
69,35,0.124481,0.003908,0.005106
69,36,0.128361,0.003840,0.005387
69,37,0.132162,0.003751,0.005675
69,38,0.135864,0.003637,0.005968
69,39,0.139436,0.003496,0.006264
69,40,0.142855,0.003325,0.006559
69,41,0.146086,0.003123,0.006850
69,42,0.149102,0.002888,0.007132
69,43,0.151863,0.002620,0.007400
69,44,0.154342,0.002319,0.007649
69,45,0.156502,0.001986,0.007872
69,46,0.158315,0.001624,0.008065
69,47,0.159750,0.001237,0.008221
69,48,0.160789,0.000829,0.008336
69,49,0.161409,0.000407,0.008406
69,50,0.161604,-0.000022,0.008430
69,51,0.161365,-0.000451,0.008405
69,52,0.160702,-0.000873,0.008334
69,53,0.159620,-0.001280,0.008218
69,54,0.158141,-0.001668,0.008061
69,55,0.156285,-0.002030,0.007867
69,56,0.154081,-0.002363,0.007643
69,57,0.151558,-0.002665,0.007393
69,58,0.148752,-0.002933,0.007124
69,59,0.145692,-0.003168,0.006841
69,60,0.142415,-0.003371,0.006549
69,61,0.138950,-0.003542,0.006252
69,62,0.135331,-0.003684,0.005956
69,63,0.131583,-0.003798,0.005661
69,64,0.127734,-0.003888,0.005372
69,65,0.123806,-0.003956,0.005090
69,66,0.119821,-0.004005,0.004817
69,67,0.115796,-0.004036,0.004553
69,68,0.111749,-0.004053,0.004300
69,69,0.107690,-0.004057,0.004057
69,70,0.103634,-0.004051,0.003825
69,71,0.099588,-0.004035,0.003604
69,72,0.095563,-0.004013,0.003393
69,73,0.091563,-0.003984,0.003192
69,74,0.087595,-0.003951,0.003000
69,75,0.083661,-0.003914,0.002818
69,76,0.079767,-0.003875,0.002645
69,77,0.075912,-0.003833,0.002479
69,78,0.072101,-0.003791,0.002321
69,79,0.068330,-0.003748,0.002170
69,80,0.064605,-0.003705,0.002026
69,81,0.060920,-0.003663,0.001888
69,82,0.057279,-0.003621,0.001755
69,83,0.053678,-0.003581,0.001628
69,84,0.050117,-0.003542,0.001505
69,85,0.046593,-0.003505,0.001387
69,86,0.043107,-0.003470,0.001273
69,87,0.039654,-0.003437,0.001162
69,88,0.036233,-0.003406,0.001054
69,89,0.032842,-0.003377,0.000950
69,90,0.029479,-0.003351,0.000848
69,91,0.026140,-0.003328,0.000748
69,92,0.022823,-0.003307,0.000650
69,93,0.019526,-0.003289,0.000554
69,94,0.016246,-0.003273,0.000460
69,95,0.012979,-0.003261,0.000366
69,96,0.009725,-0.003251,0.000274
69,97,0.006478,-0.003243,0.000182
69,98,0.003238,-0.003239,0.000091
69,99,0.000000,0.000000,-0.000000
70,0,0.000000,0.000000,-0.000000
70,1,0.003040,0.003042,0.000089
70,2,0.006083,0.003046,0.000179
70,3,0.009132,0.003052,0.000269
70,4,0.012188,0.003061,0.000360
70,5,0.015254,0.003073,0.000451
70,6,0.018333,0.003087,0.000544
70,7,0.021427,0.003103,0.000638
70,8,0.024539,0.003122,0.000734
70,9,0.027671,0.003143,0.000831
70,10,0.030826,0.003167,0.000930
70,11,0.034005,0.003193,0.001032
70,12,0.037211,0.003220,0.001136
70,13,0.040446,0.003250,0.001243
70,14,0.043711,0.003282,0.001354
70,15,0.047010,0.003315,0.001468
70,16,0.050342,0.003350,0.001585
70,17,0.053711,0.003386,0.001707
70,18,0.057115,0.003424,0.001834
70,19,0.060558,0.003461,0.001965
70,20,0.064038,0.003500,0.002102
70,21,0.067557,0.003538,0.002244
70,22,0.071114,0.003576,0.002393
70,23,0.074709,0.003612,0.002548
70,24,0.078339,0.003648,0.002710
70,25,0.082004,0.003680,0.002880
70,26,0.085699,0.003710,0.003057
70,27,0.089424,0.003735,0.003242
70,28,0.093170,0.003756,0.003437
70,29,0.096936,0.003770,0.003639
70,30,0.100710,0.003777,0.003851
70,31,0.104489,0.003775,0.004072
70,32,0.108259,0.003762,0.004302
70,33,0.112012,0.003736,0.004541
70,34,0.115732,0.003697,0.004788
70,35,0.119406,0.003641,0.005042
70,36,0.123014,0.003567,0.005303
70,37,0.126541,0.003473,0.005568
70,38,0.129960,0.003356,0.005836
70,39,0.133253,0.003215,0.006105
70,40,0.136390,0.003048,0.006372
70,41,0.139348,0.002853,0.006633
70,42,0.142096,0.002630,0.006884
70,43,0.144609,0.002379,0.007121
70,44,0.146853,0.002099,0.007339
70,45,0.148807,0.001793,0.007534
70,46,0.150439,0.001463,0.007702
70,47,0.151732,0.001111,0.007837
70,48,0.152662,0.000744,0.007936
70,49,0.153219,0.000364,0.007997
70,50,0.153390,-0.000021,0.008017
70,51,0.153177,-0.000406,0.007996
70,52,0.152578,-0.000786,0.007934
70,53,0.151605,-0.001154,0.007834
70,54,0.150270,-0.001505,0.007698
70,55,0.148595,-0.001836,0.007529
70,56,0.146599,-0.002142,0.007333
70,57,0.144311,-0.002422,0.007113
70,58,0.141755,-0.002674,0.006875
70,59,0.138963,-0.002897,0.006623
70,60,0.135960,-0.003092,0.006361
70,61,0.132778,-0.003260,0.006094
70,62,0.129440,-0.003402,0.005824
70,63,0.125975,-0.003519,0.005554
70,64,0.122402,-0.003614,0.005287
70,65,0.118747,-0.003689,0.005025
70,66,0.115025,-0.003745,0.004770
70,67,0.111257,-0.003785,0.004522
70,68,0.107454,-0.003811,0.004282
70,69,0.103634,-0.003825,0.004051
70,70,0.099804,-0.003828,0.003828
70,71,0.095977,-0.003823,0.003615
70,72,0.092158,-0.003810,0.003411
70,73,0.088358,-0.003790,0.003215
70,74,0.084578,-0.003766,0.003028
70,75,0.080826,-0.003737,0.002850
70,76,0.077103,-0.003706,0.002679
70,77,0.073414,-0.003672,0.002515
70,78,0.069759,-0.003637,0.002358
70,79,0.066141,-0.003601,0.002208
70,80,0.062558,-0.003564,0.002064
70,81,0.059013,-0.003527,0.001925
70,82,0.055504,-0.003491,0.001792
70,83,0.052031,-0.003455,0.001663
70,84,0.048593,-0.003421,0.001539
70,85,0.045190,-0.003388,0.001420
70,86,0.041817,-0.003356,0.001304
70,87,0.038477,-0.003326,0.001191
70,88,0.035165,-0.003299,0.001081
70,89,0.031880,-0.003273,0.000975
70,90,0.028619,-0.003249,0.000870
70,91,0.025381,-0.003228,0.000768
70,92,0.022163,-0.003209,0.000668
70,93,0.018964,-0.003192,0.000570
70,94,0.015779,-0.003178,0.000473
70,95,0.012608,-0.003166,0.000377
70,96,0.009447,-0.003157,0.000282
70,97,0.006294,-0.003151,0.000187
70,98,0.003145,-0.003147,0.000094
70,99,0.000000,0.000000,-0.000000
71,0,0.000000,0.000000,-0.000000
71,1,0.002950,0.002951,0.000092
71,2,0.005902,0.002955,0.000184
71,3,0.008859,0.002960,0.000276
71,4,0.011823,0.002969,0.000369
71,5,0.014796,0.002979,0.000463
71,6,0.017782,0.002992,0.000558
71,7,0.020781,0.003007,0.000654
71,8,0.023796,0.003024,0.000752
71,9,0.026830,0.003044,0.000851
71,10,0.029884,0.003065,0.000953
71,11,0.032960,0.003089,0.001056
71,12,0.036061,0.003114,0.001162
71,13,0.039188,0.003141,0.001271
71,14,0.042343,0.003169,0.001383
71,15,0.045526,0.003199,0.001498
71,16,0.048741,0.003230,0.001617
71,17,0.051986,0.003262,0.001740
71,18,0.055264,0.003294,0.001867
71,19,0.058574,0.003327,0.001998
71,20,0.061919,0.003360,0.002135
71,21,0.065295,0.003393,0.002277
71,22,0.068704,0.003424,0.002424
71,23,0.072144,0.003455,0.002578
71,24,0.075614,0.003483,0.002738
71,25,0.079109,0.003508,0.002904
71,26,0.082631,0.003530,0.003078
71,27,0.086170,0.003548,0.003259
71,28,0.089727,0.003561,0.003447
71,29,0.093292,0.003567,0.003643
71,30,0.096860,0.003565,0.003846
71,31,0.100422,0.003554,0.004058
71,32,0.103969,0.003534,0.004276
71,33,0.107489,0.003501,0.004502
71,34,0.110971,0.003454,0.004734
71,35,0.114397,0.003393,0.004971
71,36,0.117756,0.003314,0.005213
71,37,0.121026,0.003217,0.005458
71,38,0.124191,0.003100,0.005704
71,39,0.127225,0.002960,0.005949
71,40,0.130111,0.002798,0.006191
71,41,0.132821,0.002611,0.006425
71,42,0.135334,0.002400,0.006650
71,43,0.137622,0.002165,0.006860
71,44,0.139664,0.001906,0.007053
71,45,0.141433,0.001624,0.007225
71,46,0.142911,0.001322,0.007371
71,47,0.144076,0.001002,0.007489
71,48,0.144916,0.000669,0.007575
71,49,0.145415,0.000327,0.007628
71,50,0.145570,-0.000021,0.007645
71,51,0.145374,-0.000368,0.007627
71,52,0.144834,-0.000711,0.007573
71,53,0.143953,-0.001044,0.007486
71,54,0.142746,-0.001363,0.007367
71,55,0.141226,-0.001665,0.007219
71,56,0.139415,-0.001947,0.007047
71,57,0.137331,-0.002207,0.006852
71,58,0.135001,-0.002443,0.006641
71,59,0.132445,-0.002654,0.006415
71,60,0.129692,-0.002841,0.006180
71,61,0.126763,-0.003004,0.005937
71,62,0.123684,-0.003144,0.005691
71,63,0.120475,-0.003262,0.005444
71,64,0.117160,-0.003360,0.005198
71,65,0.113755,-0.003439,0.004954
71,66,0.110282,-0.003501,0.004715
71,67,0.106752,-0.003548,0.004482
71,68,0.103185,-0.003582,0.004255
71,69,0.099588,-0.003604,0.004035
71,70,0.095977,-0.003615,0.003823
71,71,0.092358,-0.003618,0.003618
71,72,0.088741,-0.003613,0.003421
71,73,0.085132,-0.003602,0.003231
71,74,0.081538,-0.003585,0.003048
71,75,0.077962,-0.003564,0.002873
71,76,0.074410,-0.003540,0.002705
71,77,0.070883,-0.003513,0.002544
71,78,0.067385,-0.003484,0.002388
71,79,0.063915,-0.003454,0.002239
71,80,0.060478,-0.003422,0.002095
71,81,0.057070,-0.003391,0.001957
71,82,0.053695,-0.003360,0.001823
71,83,0.050351,-0.003329,0.001694
71,84,0.047038,-0.003298,0.001569
71,85,0.043754,-0.003269,0.001448
71,86,0.040500,-0.003241,0.001331
71,87,0.037272,-0.003215,0.001217
71,88,0.034071,-0.003190,0.001106
71,89,0.030893,-0.003166,0.000997
71,90,0.027738,-0.003145,0.000891
71,91,0.024603,-0.003126,0.000787
71,92,0.021487,-0.003108,0.000684
71,93,0.018387,-0.003093,0.000584
71,94,0.015301,-0.003080,0.000484
71,95,0.012226,-0.003070,0.000386
71,96,0.009161,-0.003061,0.000289
71,97,0.006104,-0.003055,0.000192
71,98,0.003051,-0.003052,0.000096
71,99,0.000000,0.000000,-0.000000
72,0,0.000000,0.000000,-0.000000
72,1,0.002857,0.002858,0.000094
72,2,0.005716,0.002861,0.000188
72,3,0.008579,0.002867,0.000283
72,4,0.011449,0.002874,0.000378
72,5,0.014328,0.002884,0.000474
72,6,0.017217,0.002896,0.000571
72,7,0.020119,0.002909,0.000669
72,8,0.023036,0.002925,0.000768
72,9,0.025969,0.002943,0.000870
72,10,0.028921,0.002962,0.000973
72,11,0.031893,0.002983,0.001078
72,12,0.034886,0.003006,0.001186
72,13,0.037904,0.003030,0.001296
72,14,0.040946,0.003055,0.001409
72,15,0.044014,0.003081,0.001525
72,16,0.047108,0.003109,0.001645
72,17,0.050231,0.003137,0.001768
72,18,0.053382,0.003165,0.001895
72,19,0.056561,0.003193,0.002027
72,20,0.059768,0.003221,0.002163
72,21,0.063004,0.003249,0.002304
72,22,0.066265,0.003275,0.002450
72,23,0.069553,0.003299,0.002602
72,24,0.072863,0.003321,0.002759
72,25,0.076195,0.003340,0.002922
72,26,0.079543,0.003356,0.003092
72,27,0.082906,0.003366,0.003268
72,28,0.086276,0.003372,0.003450
72,29,0.089650,0.003371,0.003639
72,30,0.093017,0.003362,0.003834
72,31,0.096374,0.003345,0.004036
72,32,0.099707,0.003317,0.004243
72,33,0.103009,0.003279,0.004456
72,34,0.106264,0.003227,0.004675
72,35,0.109463,0.003162,0.004897
72,36,0.112588,0.003080,0.005121
72,37,0.115624,0.002982,0.005348
72,38,0.118551,0.002865,0.005574
72,39,0.121354,0.002729,0.005797
72,40,0.124009,0.002572,0.006016
72,41,0.126498,0.002394,0.006228
72,42,0.128797,0.002195,0.006429
72,43,0.130888,0.001975,0.006617
72,44,0.132747,0.001734,0.006789
72,45,0.134357,0.001475,0.006940
72,46,0.135697,0.001198,0.007069
72,47,0.136754,0.000907,0.007173
72,48,0.137511,0.000605,0.007248
72,49,0.137963,0.000294,0.007294
72,50,0.138100,-0.000020,0.007309
72,51,0.137923,-0.000334,0.007293
72,52,0.137431,-0.000645,0.007246
72,53,0.136634,-0.000948,0.007169
72,54,0.135536,-0.001239,0.007065
72,55,0.134156,-0.001515,0.006935
72,56,0.132505,-0.001775,0.006782
72,57,0.130606,-0.002016,0.006609
72,58,0.128473,-0.002237,0.006420
72,59,0.126133,-0.002436,0.006218
72,60,0.123601,-0.002614,0.006005
72,61,0.120904,-0.002771,0.005785
72,62,0.118058,-0.002908,0.005560
72,63,0.115087,-0.003026,0.005333
72,64,0.112007,-0.003125,0.005105
72,65,0.108838,-0.003207,0.004879
72,66,0.105594,-0.003273,0.004656
72,67,0.102293,-0.003325,0.004436
72,68,0.098944,-0.003365,0.004222
72,69,0.095563,-0.003393,0.004013
72,70,0.092158,-0.003411,0.003810
72,71,0.088741,-0.003421,0.003613
72,72,0.085317,-0.003423,0.003423
72,73,0.081896,-0.003418,0.003239
72,74,0.078481,-0.003408,0.003061
72,75,0.075079,-0.003394,0.002890
72,76,0.071693,-0.003376,0.002725
72,77,0.068327,-0.003355,0.002566
72,78,0.064982,-0.003332,0.002413
72,79,0.061662,-0.003307,0.002265
72,80,0.058367,-0.003282,0.002122
72,81,0.055099,-0.003255,0.001984
72,82,0.051857,-0.003228,0.001850
72,83,0.048643,-0.003201,0.001721
72,84,0.045454,-0.003175,0.001596
72,85,0.042293,-0.003149,0.001474
72,86,0.039156,-0.003125,0.001355
72,87,0.036043,-0.003101,0.001240
72,88,0.032953,-0.003079,0.001127
72,89,0.029886,-0.003058,0.001017
72,90,0.026838,-0.003039,0.000909
72,91,0.023808,-0.003021,0.000803
72,92,0.020795,-0.003006,0.000699
72,93,0.017797,-0.002992,0.000596
72,94,0.014811,-0.002980,0.000495
72,95,0.011836,-0.002971,0.000395
72,96,0.008869,-0.002963,0.000295
72,97,0.005909,-0.002958,0.000196
72,98,0.002953,-0.002955,0.000098
72,99,0.000000,0.000000,-0.000000
73,0,0.000000,0.000000,-0.000000
73,1,0.002762,0.002763,0.000096
73,2,0.005526,0.002766,0.000192
73,3,0.008294,0.002771,0.000288
73,4,0.011068,0.002778,0.000385
73,5,0.013849,0.002786,0.000483
73,6,0.016641,0.002797,0.000582
73,7,0.019443,0.002810,0.000682
73,8,0.022260,0.002824,0.000783
73,9,0.025091,0.002840,0.000886
73,10,0.027939,0.002857,0.000991
73,11,0.030804,0.002876,0.001097
73,12,0.033690,0.002896,0.001206
73,13,0.036596,0.002917,0.001318
73,14,0.039525,0.002940,0.001432
73,15,0.042476,0.002963,0.001549
73,16,0.045451,0.002987,0.001669
73,17,0.048450,0.003011,0.001792
73,18,0.051474,0.003035,0.001920
73,19,0.054521,0.003060,0.002051
73,20,0.057593,0.003083,0.002186
73,21,0.060687,0.003106,0.002326
73,22,0.063804,0.003127,0.002471
73,23,0.066940,0.003146,0.002620
73,24,0.070095,0.003162,0.002774
73,25,0.073265,0.003176,0.002934
73,26,0.076447,0.003185,0.003099
73,27,0.079635,0.003190,0.003270
73,28,0.082827,0.003189,0.003447
73,29,0.086014,0.003182,0.003628
73,30,0.089192,0.003168,0.003816
73,31,0.092350,0.003145,0.004008
73,32,0.095482,0.003113,0.004205
73,33,0.098576,0.003070,0.004406
73,34,0.101621,0.003014,0.004611
73,35,0.104604,0.002946,0.004819
73,36,0.107513,0.002863,0.005028
73,37,0.110331,0.002765,0.005237
73,38,0.113043,0.002650,0.005445
73,39,0.115631,0.002518,0.005650
73,40,0.118079,0.002367,0.005849
73,41,0.120365,0.002198,0.006041
73,42,0.122476,0.002011,0.006222
73,43,0.124387,0.001805,0.006391
73,44,0.126086,0.001582,0.006544
73,45,0.127552,0.001343,0.006679
73,46,0.128773,0.001089,0.006793
73,47,0.129731,0.000824,0.006885
73,48,0.130420,0.000548,0.006951
73,49,0.130827,0.000266,0.006991
73,50,0.130952,-0.000019,0.007005
73,51,0.130788,-0.000305,0.006990
73,52,0.130342,-0.000587,0.006949
73,53,0.129614,-0.000863,0.006881
73,54,0.128617,-0.001129,0.006789
73,55,0.127357,-0.001382,0.006673
73,56,0.125852,-0.001622,0.006537
73,57,0.124113,-0.001845,0.006383
73,58,0.122161,-0.002051,0.006213
73,59,0.120010,-0.002239,0.006030
73,60,0.117683,-0.002408,0.005837
73,61,0.115194,-0.002559,0.005637
73,62,0.112564,-0.002692,0.005431
73,63,0.109810,-0.002807,0.005222
73,64,0.106950,-0.002906,0.005011
73,65,0.103997,-0.002990,0.004801
73,66,0.100970,-0.003059,0.004592
73,67,0.097880,-0.003115,0.004385
73,68,0.094741,-0.003159,0.004183
73,69,0.091563,-0.003192,0.003984
73,70,0.088358,-0.003215,0.003790
73,71,0.085132,-0.003231,0.003602
73,72,0.081896,-0.003239,0.003418
73,73,0.078655,-0.003240,0.003240
73,74,0.075416,-0.003236,0.003068
73,75,0.072182,-0.003228,0.002901
73,76,0.068960,-0.003216,0.002740
73,77,0.065750,-0.003200,0.002583
73,78,0.062559,-0.003182,0.002432
73,79,0.059385,-0.003163,0.002286
73,80,0.056233,-0.003142,0.002144
73,81,0.053102,-0.003119,0.002007
73,82,0.049995,-0.003097,0.001873
73,83,0.046909,-0.003074,0.001744
73,84,0.043847,-0.003051,0.001618
73,85,0.040807,-0.003029,0.001496
73,86,0.037789,-0.003007,0.001376
73,87,0.034792,-0.002986,0.001260
73,88,0.031817,-0.002967,0.001146
73,89,0.028859,-0.002948,0.001035
73,90,0.025920,-0.002931,0.000925
73,91,0.022997,-0.002915,0.000818
73,92,0.020089,-0.002901,0.000712
73,93,0.017194,-0.002889,0.000608
73,94,0.014311,-0.002879,0.000504
73,95,0.011437,-0.002870,0.000402
73,96,0.008571,-0.002863,0.000301
73,97,0.005711,-0.002858,0.000200
73,98,0.002854,-0.002855,0.000100
73,99,0.000000,0.000000,-0.000000
74,0,0.000000,0.000000,-0.000000
74,1,0.002665,0.002666,0.000098
74,2,0.005332,0.002669,0.000195
74,3,0.008003,0.002673,0.000294
74,4,0.010678,0.002679,0.000392
74,5,0.013361,0.002687,0.000492
74,6,0.016053,0.002697,0.000592
74,7,0.018755,0.002708,0.000694
74,8,0.021469,0.002721,0.000797
74,9,0.024197,0.002735,0.000901
74,10,0.026939,0.002751,0.001007
74,11,0.029698,0.002767,0.001115
74,12,0.032474,0.002785,0.001225
74,13,0.035269,0.002804,0.001337
74,14,0.038082,0.002824,0.001452
74,15,0.040917,0.002844,0.001569
74,16,0.043771,0.002865,0.001689
74,17,0.046647,0.002886,0.001813
74,18,0.049542,0.002906,0.001940
74,19,0.052460,0.002927,0.002071
74,20,0.055396,0.002946,0.002205
74,21,0.058352,0.002964,0.002343
74,22,0.061324,0.002981,0.002486
74,23,0.064313,0.002995,0.002633
74,24,0.067314,0.003007,0.002785
74,25,0.070327,0.003015,0.002941
74,26,0.073344,0.003020,0.003102
74,27,0.076366,0.003019,0.003267
74,28,0.079383,0.003014,0.003438
74,29,0.082393,0.003002,0.003613
74,30,0.085386,0.002983,0.003792
74,31,0.088358,0.002955,0.003975
74,32,0.091297,0.002919,0.004163
74,33,0.094196,0.002872,0.004353
74,34,0.097042,0.002815,0.004546
74,35,0.099825,0.002745,0.004740
74,36,0.102531,0.002662,0.004935
74,37,0.105149,0.002565,0.005129
74,38,0.107660,0.002453,0.005320
74,39,0.110054,0.002325,0.005508
74,40,0.112310,0.002181,0.005690
74,41,0.114416,0.002021,0.005864
74,42,0.116353,0.001845,0.006028
74,43,0.118107,0.001653,0.006180
74,44,0.119659,0.001446,0.006318
74,45,0.120999,0.001226,0.006438
74,46,0.122111,0.000993,0.006540
74,47,0.122985,0.000749,0.006621
74,48,0.123609,0.000498,0.006680
74,49,0.123981,0.000241,0.006716
74,50,0.124091,-0.000019,0.006727
74,51,0.123943,-0.000279,0.006715
74,52,0.123534,-0.000536,0.006678
74,53,0.122871,-0.000787,0.006618
74,54,0.121959,-0.001031,0.006535
74,55,0.120810,-0.001264,0.006432
74,56,0.119431,-0.001485,0.006310
74,57,0.117840,-0.001692,0.006172
74,58,0.116047,-0.001884,0.006019
74,59,0.114072,-0.002061,0.005853
74,60,0.111926,-0.002221,0.005678
74,61,0.109630,-0.002365,0.005495
74,62,0.107196,-0.002493,0.005306
74,63,0.104644,-0.002606,0.005113
74,64,0.101985,-0.002703,0.004917
74,65,0.099237,-0.002787,0.004721
74,66,0.096411,-0.002858,0.004525
74,67,0.093522,-0.002916,0.004331
74,68,0.090579,-0.002963,0.004139
74,69,0.087595,-0.003000,0.003951
74,70,0.084578,-0.003028,0.003766
74,71,0.081538,-0.003048,0.003585
74,72,0.078481,-0.003061,0.003408
74,73,0.075416,-0.003068,0.003236
74,74,0.072345,-0.003069,0.003069
74,75,0.069277,-0.003066,0.002907
74,76,0.066214,-0.003058,0.002749
74,77,0.063160,-0.003048,0.002595
74,78,0.060118,-0.003035,0.002447
74,79,0.057091,-0.003019,0.002302
74,80,0.054079,-0.003002,0.002162
74,81,0.051086,-0.002984,0.002025
74,82,0.048110,-0.002966,0.001893
74,83,0.045155,-0.002946,0.001763
74,84,0.042218,-0.002927,0.001638
74,85,0.039301,-0.002908,0.001515
74,86,0.036403,-0.002889,0.001395
74,87,0.033523,-0.002871,0.001278
74,88,0.030661,-0.002853,0.001163
74,89,0.027817,-0.002837,0.001050
74,90,0.024987,-0.002822,0.000940
74,91,0.022173,-0.002808,0.000831
74,92,0.019371,-0.002796,0.000724
74,93,0.016581,-0.002785,0.000618
74,94,0.013802,-0.002775,0.000513
74,95,0.011031,-0.002767,0.000409
74,96,0.008267,-0.002761,0.000306
74,97,0.005508,-0.002757,0.000204
74,98,0.002753,-0.002754,0.000102
74,99,0.000000,0.000000,-0.000000
75,0,0.000000,0.000000,-0.000000
75,1,0.002567,0.002567,0.000099
75,2,0.005135,0.002570,0.000199
75,3,0.007706,0.002574,0.000298
75,4,0.010283,0.002579,0.000399
75,5,0.012865,0.002587,0.000500
75,6,0.015456,0.002595,0.000601
75,7,0.018056,0.002605,0.000704
75,8,0.020667,0.002617,0.000808
75,9,0.023289,0.002629,0.000914
75,10,0.025925,0.002643,0.001021
75,11,0.028575,0.002658,0.001130
75,12,0.031241,0.002674,0.001241
75,13,0.033923,0.002690,0.001353
75,14,0.036622,0.002708,0.001469
75,15,0.039338,0.002725,0.001587
75,16,0.042072,0.002743,0.001707
75,17,0.044824,0.002761,0.001830
75,18,0.047593,0.002778,0.001957
75,19,0.050379,0.002795,0.002087
75,20,0.053183,0.002810,0.002220
75,21,0.056000,0.002825,0.002357
75,22,0.058832,0.002837,0.002497
75,23,0.061674,0.002847,0.002642
75,24,0.064526,0.002855,0.002790
75,25,0.067383,0.002859,0.002943
75,26,0.070244,0.002859,0.003099
75,27,0.073101,0.002854,0.003260
75,28,0.075952,0.002844,0.003424
75,29,0.078789,0.002828,0.003592
75,30,0.081608,0.002805,0.003764
75,31,0.084399,0.002775,0.003939
75,32,0.087157,0.002735,0.004117
75,33,0.089870,0.002686,0.004297
75,34,0.092530,0.002627,0.004478
75,35,0.095124,0.002557,0.004661
75,36,0.097644,0.002474,0.004842
75,37,0.100073,0.002379,0.005022
75,38,0.102402,0.002271,0.005200
75,39,0.104614,0.002148,0.005372
75,40,0.106698,0.002011,0.005539
75,41,0.108637,0.001860,0.005698
75,42,0.110419,0.001695,0.005847
75,43,0.112027,0.001516,0.005984
75,44,0.113451,0.001324,0.006108
75,45,0.114676,0.001121,0.006216
75,46,0.115692,0.000906,0.006308
75,47,0.116488,0.000683,0.006380
75,48,0.117059,0.000453,0.006433
75,49,0.117395,0.000219,0.006465
75,50,0.117497,-0.000018,0.006475
75,51,0.117359,-0.000255,0.006463
75,52,0.116986,-0.000490,0.006430
75,53,0.116379,-0.000720,0.006377
75,54,0.115546,-0.000943,0.006303
75,55,0.114492,-0.001158,0.006210
75,56,0.113231,-0.001362,0.006101
75,57,0.111769,-0.001554,0.005975
75,58,0.110124,-0.001733,0.005837
75,59,0.108304,-0.001898,0.005686
75,60,0.106327,-0.002050,0.005526
75,61,0.104204,-0.002187,0.005358
75,62,0.101953,-0.002310,0.005184
75,63,0.099585,-0.002419,0.005006
75,64,0.097115,-0.002515,0.004824
75,65,0.094555,-0.002598,0.004641
75,66,0.091920,-0.002669,0.004458
75,67,0.089217,-0.002729,0.004275
75,68,0.086462,-0.002778,0.004093
75,69,0.083661,-0.002818,0.003914
75,70,0.080826,-0.002850,0.003737
75,71,0.077962,-0.002873,0.003564
75,72,0.075079,-0.002890,0.003394
75,73,0.072182,-0.002901,0.003228
75,74,0.069277,-0.002907,0.003066
75,75,0.066368,-0.002908,0.002908
75,76,0.063462,-0.002905,0.002753
75,77,0.060559,-0.002898,0.002603
75,78,0.057666,-0.002889,0.002457
75,79,0.054781,-0.002878,0.002314
75,80,0.051910,-0.002865,0.002175
75,81,0.049052,-0.002850,0.002040
75,82,0.046210,-0.002835,0.001908
75,83,0.043382,-0.002819,0.001779
75,84,0.040572,-0.002803,0.001654
75,85,0.037777,-0.002786,0.001531
75,86,0.034999,-0.002770,0.001411
75,87,0.032237,-0.002754,0.001293
75,88,0.029491,-0.002739,0.001177
75,89,0.026759,-0.002725,0.001064
75,90,0.024041,-0.002712,0.000952
75,91,0.021335,-0.002699,0.000842
75,92,0.018642,-0.002688,0.000734
75,93,0.015959,-0.002679,0.000627
75,94,0.013285,-0.002670,0.000521
75,95,0.010618,-0.002663,0.000415
75,96,0.007958,-0.002658,0.000311
75,97,0.005303,-0.002654,0.000207
75,98,0.002651,-0.002651,0.000103
75,99,0.000000,0.000000,-0.000000
76,0,0.000000,0.000000,-0.000000
76,1,0.002467,0.002467,0.000101
76,2,0.004935,0.002470,0.000201
76,3,0.007406,0.002473,0.000303
76,4,0.009881,0.002478,0.000404
76,5,0.012362,0.002485,0.000507
76,6,0.014850,0.002492,0.000610
76,7,0.017347,0.002501,0.000714
76,8,0.019852,0.002511,0.000819
76,9,0.022369,0.002522,0.000925
76,10,0.024897,0.002535,0.001033
76,11,0.027439,0.002548,0.001143
76,12,0.029993,0.002562,0.001254
76,13,0.032562,0.002576,0.001368
76,14,0.035145,0.002591,0.001483
76,15,0.037744,0.002606,0.001601
76,16,0.040357,0.002621,0.001722
76,17,0.042986,0.002636,0.001845
76,18,0.045628,0.002650,0.001971
76,19,0.048286,0.002664,0.002099
76,20,0.050956,0.002676,0.002231
76,21,0.053638,0.002687,0.002366
76,22,0.056329,0.002696,0.002505
76,23,0.059029,0.002702,0.002647
76,24,0.061734,0.002706,0.002792
76,25,0.064441,0.002706,0.002941
76,26,0.067146,0.002703,0.003093
76,27,0.069846,0.002694,0.003248
76,28,0.072535,0.002681,0.003407
76,29,0.075208,0.002662,0.003569
76,30,0.077858,0.002636,0.003734
76,31,0.080480,0.002602,0.003901
76,32,0.083063,0.002561,0.004069
76,33,0.085602,0.002511,0.004240
76,34,0.088085,0.002451,0.004411
76,35,0.090504,0.002381,0.004582
76,36,0.092847,0.002300,0.004751
76,37,0.095104,0.002207,0.004919
76,38,0.097261,0.002103,0.005083
76,39,0.099309,0.001985,0.005243
76,40,0.101232,0.001856,0.005396
76,41,0.103021,0.001713,0.005541
76,42,0.104659,0.001559,0.005677
76,43,0.106138,0.001392,0.005802
76,44,0.107443,0.001214,0.005914
76,45,0.108566,0.001026,0.006012
76,46,0.109495,0.000829,0.006094
76,47,0.110224,0.000624,0.006159
76,48,0.110744,0.000414,0.006207
76,49,0.111051,0.000199,0.006235
76,50,0.111142,-0.000018,0.006244
76,51,0.111016,-0.000234,0.006234
76,52,0.110673,-0.000449,0.006204
76,53,0.110118,-0.000660,0.006155
76,54,0.109354,-0.000864,0.006089
76,55,0.108389,-0.001062,0.006005
76,56,0.107230,-0.001250,0.005906
76,57,0.105889,-0.001428,0.005793
76,58,0.104374,-0.001595,0.005667
76,59,0.102699,-0.001750,0.005529
76,60,0.100874,-0.001893,0.005383
76,61,0.098913,-0.002023,0.005228
76,62,0.096828,-0.002141,0.005067
76,63,0.094632,-0.002246,0.004902
76,64,0.092336,-0.002339,0.004733
76,65,0.089955,-0.002421,0.004562
76,66,0.087495,-0.002491,0.004389
76,67,0.084972,-0.002552,0.004217
76,68,0.082392,-0.002602,0.004045
76,69,0.079767,-0.002645,0.003875
76,70,0.077103,-0.002679,0.003706
76,71,0.074410,-0.002705,0.003540
76,72,0.071693,-0.002725,0.003376
76,73,0.068960,-0.002740,0.003216
76,74,0.066214,-0.002749,0.003058
76,75,0.063462,-0.002753,0.002905
76,76,0.060707,-0.002754,0.002754
76,77,0.057954,-0.002751,0.002607
76,78,0.055204,-0.002746,0.002463
76,79,0.052462,-0.002738,0.002323
76,80,0.049728,-0.002728,0.002186
76,81,0.047006,-0.002717,0.002052
76,82,0.044294,-0.002705,0.001921
76,83,0.041596,-0.002692,0.001793
76,84,0.038910,-0.002678,0.001667
76,85,0.036239,-0.002665,0.001545
76,86,0.033581,-0.002651,0.001424
76,87,0.030937,-0.002637,0.001306
76,88,0.028306,-0.002624,0.001190
76,89,0.025689,-0.002612,0.001076
76,90,0.023082,-0.002600,0.000963
76,91,0.020488,-0.002590,0.000852
76,92,0.017903,-0.002580,0.000743
76,93,0.015328,-0.002571,0.000635
76,94,0.012761,-0.002564,0.000527
76,95,0.010200,-0.002558,0.000421
76,96,0.007645,-0.002553,0.000315
76,97,0.005095,-0.002549,0.000210
76,98,0.002547,-0.002547,0.000105
76,99,0.000000,0.000000,-0.000000
77,0,0.000000,0.000000,-0.000000
77,1,0.002365,0.002366,0.000102
77,2,0.004732,0.002368,0.000204
77,3,0.007101,0.002371,0.000306
77,4,0.009474,0.002376,0.000409
77,5,0.011852,0.002381,0.000513
77,6,0.014237,0.002388,0.000617
77,7,0.016628,0.002396,0.000722
77,8,0.019029,0.002405,0.000828
77,9,0.021438,0.002415,0.000936
77,10,0.023858,0.002425,0.001044
77,11,0.026289,0.002437,0.001155
77,12,0.028732,0.002449,0.001266
77,13,0.031187,0.002461,0.001380
77,14,0.033655,0.002474,0.001496
77,15,0.036135,0.002487,0.001614
77,16,0.038629,0.002499,0.001734
77,17,0.041134,0.002512,0.001856
77,18,0.043652,0.002523,0.001981
77,19,0.046181,0.002534,0.002109
77,20,0.048720,0.002543,0.002240
77,21,0.051267,0.002551,0.002373
77,22,0.053822,0.002557,0.002509
77,23,0.056381,0.002560,0.002648
77,24,0.058943,0.002561,0.002790
77,25,0.061502,0.002558,0.002935
77,26,0.064058,0.002551,0.003083
77,27,0.066604,0.002540,0.003234
77,28,0.069138,0.002524,0.003387
77,29,0.071651,0.002502,0.003543
77,30,0.074141,0.002474,0.003700
77,31,0.076598,0.002439,0.003860
77,32,0.079018,0.002396,0.004021
77,33,0.081390,0.002345,0.004182
77,34,0.083708,0.002285,0.004343
77,35,0.085961,0.002216,0.004504
77,36,0.088141,0.002137,0.004663
77,37,0.090235,0.002047,0.004819
77,38,0.092236,0.001947,0.004972
77,39,0.094129,0.001836,0.005119
77,40,0.095907,0.001713,0.005260
77,41,0.097555,0.001579,0.005394
77,42,0.099065,0.001434,0.005518
77,43,0.100423,0.001279,0.005632
77,44,0.101623,0.001114,0.005734
77,45,0.102652,0.000940,0.005823
77,46,0.103504,0.000759,0.005898
77,47,0.104170,0.000571,0.005957
77,48,0.104646,0.000378,0.005999
77,49,0.104925,0.000181,0.006025
77,50,0.105009,-0.000017,0.006033
77,51,0.104892,-0.000215,0.006023
77,52,0.104578,-0.000412,0.005996
77,53,0.104068,-0.000605,0.005953
77,54,0.103368,-0.000793,0.005892
77,55,0.102481,-0.000975,0.005817
77,56,0.101418,-0.001149,0.005726
77,57,0.100184,-0.001314,0.005623
77,58,0.098790,-0.001469,0.005508
77,59,0.097245,-0.001614,0.005382
77,60,0.095562,-0.001749,0.005247
77,61,0.093748,-0.001872,0.005105
77,62,0.091818,-0.001984,0.004956
77,63,0.089781,-0.002084,0.004802
77,64,0.087649,-0.002175,0.004644
77,65,0.085432,-0.002254,0.004484
77,66,0.083141,-0.002324,0.004321
77,67,0.080784,-0.002384,0.004159
77,68,0.078372,-0.002436,0.003996
77,69,0.075912,-0.002479,0.003833
77,70,0.073414,-0.002515,0.003672
77,71,0.070883,-0.002544,0.003513
77,72,0.068327,-0.002566,0.003355
77,73,0.065750,-0.002583,0.003200
77,74,0.063160,-0.002595,0.003048
77,75,0.060559,-0.002603,0.002898
77,76,0.057954,-0.002607,0.002751
77,77,0.055346,-0.002607,0.002607
77,78,0.052739,-0.002605,0.002466
77,79,0.050136,-0.002600,0.002328
77,80,0.047539,-0.002594,0.002193
77,81,0.044949,-0.002585,0.002060
77,82,0.042368,-0.002576,0.001930
77,83,0.039797,-0.002565,0.001803
77,84,0.037237,-0.002554,0.001678
77,85,0.034688,-0.002543,0.001556
77,86,0.032151,-0.002532,0.001435
77,87,0.029625,-0.002520,0.001317
77,88,0.027111,-0.002509,0.001201
77,89,0.024607,-0.002498,0.001086
77,90,0.022114,-0.002488,0.000973
77,91,0.019630,-0.002479,0.000861
77,92,0.017156,-0.002470,0.000751
77,93,0.014690,-0.002463,0.000642
77,94,0.012230,-0.002456,0.000533
77,95,0.009777,-0.002451,0.000426
77,96,0.007328,-0.002447,0.000319
77,97,0.004883,-0.002444,0.000212
77,98,0.002441,-0.002442,0.000106
77,99,0.000000,0.000000,-0.000000
78,0,0.000000,0.000000,-0.000000
78,1,0.002263,0.002263,0.000103
78,2,0.004527,0.002265,0.000206
78,3,0.006793,0.002268,0.000310
78,4,0.009063,0.002272,0.000414
78,5,0.011337,0.002277,0.000518
78,6,0.013616,0.002283,0.000623
78,7,0.015903,0.002290,0.000729
78,8,0.018196,0.002298,0.000836
78,9,0.020498,0.002306,0.000944
78,10,0.022809,0.002316,0.001054
78,11,0.025130,0.002326,0.001164
78,12,0.027460,0.002336,0.001277
78,13,0.029801,0.002347,0.001391
78,14,0.032153,0.002357,0.001506
78,15,0.034516,0.002368,0.001624
78,16,0.036889,0.002378,0.001744
78,17,0.039273,0.002388,0.001866
78,18,0.041666,0.002397,0.001990
78,19,0.044068,0.002406,0.002116
78,20,0.046477,0.002412,0.002245
78,21,0.048892,0.002417,0.002376
78,22,0.051311,0.002420,0.002510
78,23,0.053733,0.002421,0.002647
78,24,0.056154,0.002419,0.002785
78,25,0.058571,0.002413,0.002927
78,26,0.060980,0.002404,0.003071
78,27,0.063379,0.002390,0.003217
78,28,0.065761,0.002372,0.003365
78,29,0.068123,0.002348,0.003514
78,30,0.070457,0.002318,0.003666
78,31,0.072760,0.002282,0.003818
78,32,0.075022,0.002239,0.003971
78,33,0.077238,0.002188,0.004124
78,34,0.079398,0.002129,0.004277
78,35,0.081496,0.002061,0.004428
78,36,0.083521,0.001985,0.004577
78,37,0.085466,0.001899,0.004723
78,38,0.087318,0.001803,0.004865
78,39,0.089071,0.001697,0.005002
78,40,0.090712,0.001581,0.005133
78,41,0.092233,0.001455,0.005256
78,42,0.093622,0.001320,0.005370
78,43,0.094874,0.001176,0.005475
78,44,0.095975,0.001023,0.005568
78,45,0.096920,0.000863,0.005649
78,46,0.097700,0.000696,0.005717
78,47,0.098311,0.000523,0.005770
78,48,0.098745,0.000346,0.005809
78,49,0.099002,0.000165,0.005832
78,50,0.099076,-0.000016,0.005839
78,51,0.098970,-0.000198,0.005831
78,52,0.098680,-0.000378,0.005806
78,53,0.098213,-0.000555,0.005766
78,54,0.097569,-0.000728,0.005711
78,55,0.096756,-0.000896,0.005642
78,56,0.095778,-0.001057,0.005560
78,57,0.094643,-0.001210,0.005465
78,58,0.093358,-0.001354,0.005359
78,59,0.091935,-0.001489,0.005244
78,60,0.090380,-0.001615,0.005119
78,61,0.088704,-0.001732,0.004987
78,62,0.086917,-0.001838,0.004849
78,63,0.085029,-0.001934,0.004705
78,64,0.083048,-0.002021,0.004558
78,65,0.080987,-0.002098,0.004407
78,66,0.078852,-0.002166,0.004254
78,67,0.076655,-0.002226,0.004100
78,68,0.074401,-0.002277,0.003946
78,69,0.072101,-0.002321,0.003791
78,70,0.069759,-0.002358,0.003637
78,71,0.067385,-0.002388,0.003484
78,72,0.064982,-0.002413,0.003332
78,73,0.062559,-0.002432,0.003182
78,74,0.060118,-0.002447,0.003035
78,75,0.057666,-0.002457,0.002889
78,76,0.055204,-0.002463,0.002746
78,77,0.052739,-0.002466,0.002605
78,78,0.050272,-0.002467,0.002467
78,79,0.047806,-0.002465,0.002331
78,80,0.045343,-0.002461,0.002197
78,81,0.042885,-0.002455,0.002066
78,82,0.040433,-0.002448,0.001938
78,83,0.037990,-0.002440,0.001811
78,84,0.035554,-0.002431,0.001687
78,85,0.033128,-0.002422,0.001565
78,86,0.030710,-0.002412,0.001445
78,87,0.028303,-0.002403,0.001326
78,88,0.025905,-0.002393,0.001210
78,89,0.023517,-0.002384,0.001095
78,90,0.021137,-0.002376,0.000981
78,91,0.018765,-0.002368,0.000869
78,92,0.016402,-0.002360,0.000758
78,93,0.014045,-0.002354,0.000648
78,94,0.011694,-0.002348,0.000538
78,95,0.009349,-0.002343,0.000430
78,96,0.007008,-0.002339,0.000322
78,97,0.004670,-0.002337,0.000214
78,98,0.002335,-0.002335,0.000107
78,99,0.000000,0.000000,-0.000000
79,0,0.000000,0.000000,-0.000000
79,1,0.002159,0.002160,0.000104
79,2,0.004320,0.002161,0.000208
79,3,0.006482,0.002164,0.000313
79,4,0.008647,0.002167,0.000417
79,5,0.010816,0.002172,0.000523
79,6,0.012990,0.002177,0.000629
79,7,0.015170,0.002183,0.000736
79,8,0.017356,0.002190,0.000843
79,9,0.019550,0.002197,0.000952
79,10,0.021751,0.002205,0.001062
79,11,0.023960,0.002214,0.001173
79,12,0.026179,0.002223,0.001285
79,13,0.028406,0.002232,0.001399
79,14,0.030642,0.002241,0.001515
79,15,0.032887,0.002249,0.001632
79,16,0.035141,0.002258,0.001751
79,17,0.037403,0.002266,0.001873
79,18,0.039673,0.002273,0.001996
79,19,0.041948,0.002279,0.002121
79,20,0.044230,0.002283,0.002248
79,21,0.046515,0.002286,0.002377
79,22,0.048802,0.002287,0.002509
79,23,0.051088,0.002285,0.002643
79,24,0.053372,0.002280,0.002778
79,25,0.055648,0.002273,0.002916
79,26,0.057917,0.002261,0.003056
79,27,0.060171,0.002246,0.003197
79,28,0.062408,0.002226,0.003340
79,29,0.064622,0.002201,0.003485
79,30,0.066810,0.002170,0.003630
79,31,0.068962,0.002133,0.003776
79,32,0.071076,0.002090,0.003922
79,33,0.073142,0.002039,0.004067
79,34,0.075155,0.001982,0.004212
79,35,0.077105,0.001916,0.004354
79,36,0.078986,0.001842,0.004495
79,37,0.080788,0.001759,0.004632
79,38,0.082505,0.001668,0.004764
79,39,0.084125,0.001568,0.004892
79,40,0.085641,0.001459,0.005013
79,41,0.087043,0.001342,0.005127
79,42,0.088324,0.001215,0.005232
79,43,0.089474,0.001081,0.005328
79,44,0.090487,0.000940,0.005414
79,45,0.091354,0.000792,0.005488
79,46,0.092071,0.000638,0.005550
79,47,0.092629,0.000479,0.005599
79,48,0.093028,0.000316,0.005634
79,49,0.093262,0.000151,0.005655
79,50,0.093330,-0.000016,0.005662
79,51,0.093230,-0.000182,0.005654
79,52,0.092966,-0.000347,0.005631
79,53,0.092535,-0.000510,0.005595
79,54,0.091945,-0.000669,0.005545
79,55,0.091197,-0.000823,0.005481
79,56,0.090298,-0.000972,0.005406
79,57,0.089253,-0.001114,0.005319
79,58,0.088071,-0.001248,0.005221
79,59,0.086758,-0.001374,0.005114
79,60,0.085323,-0.001492,0.004999
79,61,0.083773,-0.001601,0.004876
79,62,0.082120,-0.001702,0.004747
79,63,0.080370,-0.001793,0.004613
79,64,0.078534,-0.001876,0.004475
79,65,0.076617,-0.001951,0.004333
79,66,0.074632,-0.002017,0.004189
79,67,0.072583,-0.002075,0.004043
79,68,0.070481,-0.002126,0.003896
79,69,0.068330,-0.002170,0.003748
79,70,0.066141,-0.002208,0.003601
79,71,0.063915,-0.002239,0.003454
79,72,0.061662,-0.002265,0.003307
79,73,0.059385,-0.002286,0.003163
79,74,0.057091,-0.002302,0.003019
79,75,0.054781,-0.002314,0.002878
79,76,0.052462,-0.002323,0.002738
79,77,0.050136,-0.002328,0.002600
79,78,0.047806,-0.002331,0.002465
79,79,0.045474,-0.002331,0.002331
79,80,0.043144,-0.002329,0.002199
79,81,0.040816,-0.002326,0.002070
79,82,0.038493,-0.002321,0.001943
79,83,0.036174,-0.002315,0.001817
79,84,0.033863,-0.002308,0.001694
79,85,0.031558,-0.002301,0.001572
79,86,0.029262,-0.002293,0.001452
79,87,0.026972,-0.002285,0.001334
79,88,0.024691,-0.002277,0.001217
79,89,0.022418,-0.002270,0.001102
79,90,0.020152,-0.002262,0.000988
79,91,0.017893,-0.002256,0.000875
79,92,0.015641,-0.002249,0.000763
79,93,0.013395,-0.002244,0.000653
79,94,0.011154,-0.002239,0.000543
79,95,0.008917,-0.002235,0.000433
79,96,0.006685,-0.002231,0.000325
79,97,0.004455,-0.002229,0.000216
79,98,0.002227,-0.002227,0.000108
79,99,0.000000,0.000000,-0.000000
80,0,0.000000,0.000000,-0.000000
80,1,0.002055,0.002055,0.000105
80,2,0.004110,0.002057,0.000210
80,3,0.006168,0.002059,0.000315
80,4,0.008228,0.002062,0.000421
80,5,0.010291,0.002066,0.000527
80,6,0.012359,0.002070,0.000634
80,7,0.014432,0.002075,0.000741
80,8,0.016510,0.002081,0.000849
80,9,0.018595,0.002088,0.000958
80,10,0.020685,0.002095,0.001068
80,11,0.022784,0.002102,0.001180
80,12,0.024889,0.002109,0.001292
80,13,0.027003,0.002117,0.001406
80,14,0.029123,0.002124,0.001522
80,15,0.031252,0.002131,0.001639
80,16,0.033386,0.002138,0.001757
80,17,0.035528,0.002144,0.001878
80,18,0.037674,0.002149,0.002000
80,19,0.039826,0.002153,0.002123
80,20,0.041981,0.002156,0.002249
80,21,0.044138,0.002156,0.002376
80,22,0.046293,0.002155,0.002506
80,23,0.048448,0.002152,0.002637
80,24,0.050597,0.002145,0.002770
80,25,0.052738,0.002136,0.002904
80,26,0.054868,0.002123,0.003040
80,27,0.056984,0.002106,0.003177
80,28,0.059080,0.002085,0.003315
80,29,0.061153,0.002059,0.003454
80,30,0.063197,0.002027,0.003594
80,31,0.065208,0.001991,0.003734
80,32,0.067178,0.001948,0.003873
80,33,0.069103,0.001898,0.004011
80,34,0.070974,0.001842,0.004148
80,35,0.072787,0.001778,0.004283
80,36,0.074531,0.001708,0.004416
80,37,0.076202,0.001629,0.004544
80,38,0.077789,0.001543,0.004669
80,39,0.079287,0.001448,0.004788
80,40,0.080686,0.001346,0.004900
80,41,0.081979,0.001236,0.005006
80,42,0.083158,0.001119,0.005104
80,43,0.084217,0.000994,0.005193
80,44,0.085146,0.000863,0.005272
80,45,0.085944,0.000727,0.005340
80,46,0.086600,0.000585,0.005397
80,47,0.087113,0.000439,0.005442
80,48,0.087477,0.000289,0.005474
80,49,0.087692,0.000138,0.005493
80,50,0.087753,-0.000015,0.005499
80,51,0.087662,-0.000168,0.005491
80,52,0.087417,-0.000319,0.005471
80,53,0.087023,-0.000469,0.005437
80,54,0.086480,-0.000615,0.005391
80,55,0.085793,-0.000757,0.005333
80,56,0.084966,-0.000894,0.005263
80,57,0.084006,-0.001025,0.005183
80,58,0.082916,-0.001150,0.005093
80,59,0.081706,-0.001267,0.004993
80,60,0.080382,-0.001377,0.004886
80,61,0.078952,-0.001480,0.004772
80,62,0.077422,-0.001575,0.004651
80,63,0.075802,-0.001661,0.004526
80,64,0.074099,-0.001741,0.004395
80,65,0.072321,-0.001812,0.004262
80,66,0.070475,-0.001876,0.004125
80,67,0.068570,-0.001933,0.003986
80,68,0.066610,-0.001983,0.003846
80,69,0.064605,-0.002026,0.003705
80,70,0.062558,-0.002064,0.003564
80,71,0.060478,-0.002095,0.003422
80,72,0.058367,-0.002122,0.003282
80,73,0.056233,-0.002144,0.003142
80,74,0.054079,-0.002162,0.003002
80,75,0.051910,-0.002175,0.002865
80,76,0.049728,-0.002186,0.002728
80,77,0.047539,-0.002193,0.002594
80,78,0.045343,-0.002197,0.002461
80,79,0.043144,-0.002199,0.002329
80,80,0.040944,-0.002200,0.002200
80,81,0.038745,-0.002198,0.002072
80,82,0.036548,-0.002195,0.001946
80,83,0.034355,-0.002191,0.001821
80,84,0.032166,-0.002186,0.001699
80,85,0.029983,-0.002180,0.001578
80,86,0.027806,-0.002174,0.001458
80,87,0.025635,-0.002168,0.001340
80,88,0.023470,-0.002161,0.001223
80,89,0.021313,-0.002155,0.001108
80,90,0.019161,-0.002149,0.000994
80,91,0.017015,-0.002143,0.000881
80,92,0.014875,-0.002138,0.000768
80,93,0.012740,-0.002133,0.000657
80,94,0.010609,-0.002129,0.000546
80,95,0.008482,-0.002125,0.000436
80,96,0.006359,-0.002122,0.000327
80,97,0.004238,-0.002120,0.000218
80,98,0.002119,-0.002119,0.000109
80,99,0.000000,0.000000,-0.000000
81,0,0.000000,0.000000,-0.000000
81,1,0.001949,0.001950,0.000106
81,2,0.003900,0.001951,0.000211
81,3,0.005851,0.001953,0.000317
81,4,0.007806,0.001956,0.000424
81,5,0.009762,0.001959,0.000530
81,6,0.011723,0.001963,0.000638
81,7,0.013688,0.001967,0.000746
81,8,0.015658,0.001972,0.000854
81,9,0.017633,0.001978,0.000964
81,10,0.019614,0.001984,0.001074
81,11,0.021601,0.001990,0.001186
81,12,0.023594,0.001996,0.001298
81,13,0.025593,0.002002,0.001412
81,14,0.027599,0.002008,0.001527
81,15,0.029610,0.002014,0.001644
81,16,0.031627,0.002019,0.001762
81,17,0.033648,0.002023,0.001881
81,18,0.035674,0.002027,0.002002
81,19,0.037702,0.002029,0.002124
81,20,0.039732,0.002030,0.002248
81,21,0.041762,0.002029,0.002374
81,22,0.043790,0.002026,0.002501
81,23,0.045814,0.002021,0.002629
81,24,0.047832,0.002013,0.002759
81,25,0.049841,0.002002,0.002890
81,26,0.051837,0.001988,0.003022
81,27,0.053817,0.001970,0.003155
81,28,0.055778,0.001948,0.003289
81,29,0.057714,0.001922,0.003423
81,30,0.059622,0.001891,0.003558
81,31,0.061495,0.001854,0.003692
81,32,0.063330,0.001812,0.003825
81,33,0.065119,0.001764,0.003957
81,34,0.066858,0.001710,0.004087
81,35,0.068538,0.001649,0.004215
81,36,0.070155,0.001581,0.004340
81,37,0.071700,0.001506,0.004461
81,38,0.073168,0.001425,0.004578
81,39,0.074550,0.001336,0.004690
81,40,0.075840,0.001241,0.004795
81,41,0.077031,0.001138,0.004894
81,42,0.078116,0.001029,0.004985
81,43,0.079089,0.000914,0.005067
81,44,0.079944,0.000793,0.005140
81,45,0.080674,0.000667,0.005203
81,46,0.081277,0.000536,0.005256
81,47,0.081746,0.000402,0.005297
81,48,0.082081,0.000265,0.005326
81,49,0.082276,0.000126,0.005344
81,50,0.082333,-0.000014,0.005349
81,51,0.082247,-0.000154,0.005343
81,52,0.082024,-0.000293,0.005324
81,53,0.081661,-0.000430,0.005293
81,54,0.081163,-0.000565,0.005250
81,55,0.080531,-0.000696,0.005196
81,56,0.079772,-0.000822,0.005131
81,57,0.078888,-0.000943,0.005057
81,58,0.077886,-0.001058,0.004973
81,59,0.076771,-0.001168,0.004881
81,60,0.075551,-0.001270,0.004781
81,61,0.074230,-0.001366,0.004674
81,62,0.072818,-0.001455,0.004561
81,63,0.071319,-0.001537,0.004442
81,64,0.069743,-0.001612,0.004320
81,65,0.068094,-0.001680,0.004193
81,66,0.066382,-0.001742,0.004063
81,67,0.064611,-0.001797,0.003931
81,68,0.062789,-0.001845,0.003798
81,69,0.060920,-0.001888,0.003663
81,70,0.059013,-0.001925,0.003527
81,71,0.057070,-0.001957,0.003391
81,72,0.055099,-0.001984,0.003255
81,73,0.053102,-0.002007,0.003119
81,74,0.051086,-0.002025,0.002984
81,75,0.049052,-0.002040,0.002850
81,76,0.047006,-0.002052,0.002717
81,77,0.044949,-0.002060,0.002585
81,78,0.042885,-0.002066,0.002455
81,79,0.040816,-0.002070,0.002326
81,80,0.038745,-0.002072,0.002198
81,81,0.036673,-0.002072,0.002072
81,82,0.034602,-0.002070,0.001947
81,83,0.032532,-0.002068,0.001824
81,84,0.030466,-0.002064,0.001702
81,85,0.028403,-0.002060,0.001582
81,86,0.026346,-0.002055,0.001463
81,87,0.024292,-0.002050,0.001345
81,88,0.022245,-0.002045,0.001228
81,89,0.020202,-0.002040,0.001113
81,90,0.018164,-0.002035,0.000998
81,91,0.016132,-0.002030,0.000885
81,92,0.014104,-0.002026,0.000773
81,93,0.012080,-0.002022,0.000661
81,94,0.010061,-0.002018,0.000550
81,95,0.008045,-0.002015,0.000439
81,96,0.006031,-0.002013,0.000329
81,97,0.004019,-0.002011,0.000219
81,98,0.002009,-0.002010,0.000109
81,99,0.000000,0.000000,-0.000000
82,0,0.000000,0.000000,-0.000000
82,1,0.001843,0.001844,0.000106
82,2,0.003688,0.001845,0.000213
82,3,0.005533,0.001846,0.000319
82,4,0.007380,0.001849,0.000426
82,5,0.009231,0.001852,0.000533
82,6,0.011084,0.001855,0.000641
82,7,0.012941,0.001859,0.000749
82,8,0.014801,0.001863,0.000858
82,9,0.016667,0.001868,0.000968
82,10,0.018537,0.001873,0.001079
82,11,0.020413,0.001878,0.001190
82,12,0.022293,0.001883,0.001303
82,13,0.024179,0.001888,0.001417
82,14,0.026069,0.001893,0.001531
82,15,0.027964,0.001897,0.001647
82,16,0.029863,0.001901,0.001764
82,17,0.031766,0.001904,0.001883
82,18,0.033671,0.001906,0.002003
82,19,0.035578,0.001907,0.002124
82,20,0.037484,0.001906,0.002246
82,21,0.039390,0.001904,0.002370
82,22,0.041292,0.001900,0.002494
82,23,0.043189,0.001893,0.002620
82,24,0.045078,0.001884,0.002747
82,25,0.046958,0.001872,0.002875
82,26,0.048823,0.001857,0.003004
82,27,0.050673,0.001839,0.003133
82,28,0.052501,0.001817,0.003263
82,29,0.054306,0.001790,0.003393
82,30,0.056082,0.001759,0.003522
82,31,0.057825,0.001723,0.003651
82,32,0.059528,0.001682,0.003778
82,33,0.061189,0.001636,0.003905
82,34,0.062800,0.001584,0.004029
82,35,0.064357,0.001526,0.004150
82,36,0.065851,0.001461,0.004269
82,37,0.067279,0.001391,0.004383
82,38,0.068633,0.001314,0.004493
82,39,0.069908,0.001231,0.004598
82,40,0.071095,0.001142,0.004697
82,41,0.072192,0.001047,0.004789
82,42,0.073189,0.000945,0.004874
82,43,0.074083,0.000839,0.004951
82,44,0.074866,0.000727,0.005019
82,45,0.075537,0.000611,0.005077
82,46,0.076089,0.000491,0.005126
82,47,0.076520,0.000368,0.005164
82,48,0.076824,0.000242,0.005191
82,49,0.077004,0.000115,0.005207
82,50,0.077054,-0.000014,0.005212
82,51,0.076977,-0.000142,0.005206
82,52,0.076770,-0.000269,0.005188
82,53,0.076438,-0.000395,0.005160
82,54,0.075980,-0.000518,0.005120
82,55,0.075401,-0.000639,0.005070
82,56,0.074703,-0.000755,0.005010
82,57,0.073892,-0.000867,0.004940
82,58,0.072970,-0.000973,0.004862
82,59,0.071945,-0.001075,0.004776
82,60,0.070820,-0.001170,0.004682
82,61,0.069604,-0.001260,0.004582
82,62,0.068300,-0.001343,0.004475
82,63,0.066918,-0.001420,0.004364
82,64,0.065460,-0.001491,0.004248
82,65,0.063935,-0.001556,0.004128
82,66,0.062348,-0.001614,0.004004
82,67,0.060707,-0.001667,0.003879
82,68,0.059014,-0.001714,0.003751
82,69,0.057279,-0.001755,0.003621
82,70,0.055504,-0.001792,0.003491
82,71,0.053695,-0.001823,0.003360
82,72,0.051857,-0.001850,0.003228
82,73,0.049995,-0.001873,0.003097
82,74,0.048110,-0.001893,0.002966
82,75,0.046210,-0.001908,0.002835
82,76,0.044294,-0.001921,0.002705
82,77,0.042368,-0.001930,0.002576
82,78,0.040433,-0.001938,0.002448
82,79,0.038493,-0.001943,0.002321
82,80,0.036548,-0.001946,0.002195
82,81,0.034602,-0.001947,0.002070
82,82,0.032654,-0.001947,0.001947
82,83,0.030708,-0.001946,0.001825
82,84,0.028762,-0.001944,0.001704
82,85,0.026820,-0.001941,0.001584
82,86,0.024881,-0.001937,0.001466
82,87,0.022946,-0.001933,0.001348
82,88,0.021014,-0.001929,0.001232
82,89,0.019087,-0.001925,0.001117
82,90,0.017164,-0.001921,0.001002
82,91,0.015245,-0.001917,0.000889
82,92,0.013330,-0.001913,0.000776
82,93,0.011418,-0.001910,0.000664
82,94,0.009510,-0.001907,0.000552
82,95,0.007604,-0.001904,0.000441
82,96,0.005701,-0.001902,0.000331
82,97,0.003800,-0.001901,0.000220
82,98,0.001900,-0.001900,0.000110
82,99,0.000000,0.000000,-0.000000
83,0,0.000000,0.000000,-0.000000
83,1,0.001737,0.001737,0.000107
83,2,0.003474,0.001738,0.000214
83,3,0.005213,0.001739,0.000321
83,4,0.006953,0.001741,0.000428
83,5,0.008696,0.001744,0.000536
83,6,0.010441,0.001747,0.000644
83,7,0.012189,0.001750,0.000753
83,8,0.013941,0.001754,0.000862
83,9,0.015697,0.001758,0.000972
83,10,0.017456,0.001762,0.001083
83,11,0.019220,0.001766,0.001194
83,12,0.020988,0.001770,0.001307
83,13,0.022760,0.001774,0.001420
83,14,0.024536,0.001778,0.001534
83,15,0.026315,0.001781,0.001650
83,16,0.028098,0.001783,0.001766
83,17,0.029882,0.001785,0.001884
83,18,0.031668,0.001786,0.002002
83,19,0.033454,0.001786,0.002122
83,20,0.035240,0.001784,0.002243
83,21,0.037022,0.001781,0.002364
83,22,0.038801,0.001775,0.002487
83,23,0.040573,0.001768,0.002611
83,24,0.042337,0.001758,0.002735
83,25,0.044090,0.001746,0.002860
83,26,0.045829,0.001730,0.002985
83,27,0.047550,0.001712,0.003111
83,28,0.049252,0.001689,0.003237
83,29,0.050929,0.001663,0.003362
83,30,0.052578,0.001633,0.003487
83,31,0.054194,0.001598,0.003611
83,32,0.055773,0.001558,0.003733
83,33,0.057310,0.001514,0.003854
83,34,0.058800,0.001464,0.003973
83,35,0.060238,0.001409,0.004089
83,36,0.061618,0.001348,0.004201
83,37,0.062934,0.001282,0.004310
83,38,0.064182,0.001210,0.004414
83,39,0.065354,0.001132,0.004512
83,40,0.066447,0.001049,0.004605
83,41,0.067453,0.000961,0.004692
83,42,0.068369,0.000867,0.004771
83,43,0.069187,0.000769,0.004843
83,44,0.069907,0.000666,0.004907
83,45,0.070520,0.000560,0.004961
83,46,0.071026,0.000449,0.005006
83,47,0.071419,0.000336,0.005042
83,48,0.071698,0.000221,0.005067
83,49,0.071861,0.000105,0.005082
83,50,0.071908,-0.000013,0.005087
83,51,0.071835,-0.000130,0.005081
83,52,0.071647,-0.000247,0.005064
83,53,0.071342,-0.000362,0.005038
83,54,0.070923,-0.000475,0.005001
83,55,0.070391,-0.000585,0.004954
83,56,0.069752,-0.000692,0.004898
83,57,0.069007,-0.000795,0.004833
83,58,0.068162,-0.000894,0.004760
83,59,0.067219,-0.000988,0.004679
83,60,0.066186,-0.001076,0.004590
83,61,0.065066,-0.001160,0.004496
83,62,0.063867,-0.001237,0.004395
83,63,0.062592,-0.001310,0.004290
83,64,0.061248,-0.001376,0.004180
83,65,0.059839,-0.001437,0.004066
83,66,0.058373,-0.001493,0.003948
83,67,0.056854,-0.001543,0.003828
83,68,0.055287,-0.001588,0.003705
83,69,0.053678,-0.001628,0.003581
83,70,0.052031,-0.001663,0.003455
83,71,0.050351,-0.001694,0.003329
83,72,0.048643,-0.001721,0.003201
83,73,0.046909,-0.001744,0.003074
83,74,0.045155,-0.001763,0.002946
83,75,0.043382,-0.001779,0.002819
83,76,0.041596,-0.001793,0.002692
83,77,0.039797,-0.001803,0.002565
83,78,0.037990,-0.001811,0.002440
83,79,0.036174,-0.001817,0.002315
83,80,0.034355,-0.001821,0.002191
83,81,0.032532,-0.001824,0.002068
83,82,0.030708,-0.001825,0.001946
83,83,0.028882,-0.001825,0.001825
83,84,0.027058,-0.001824,0.001705
83,85,0.025235,-0.001822,0.001586
83,86,0.023414,-0.001820,0.001468
83,87,0.021596,-0.001817,0.001351
83,88,0.019781,-0.001814,0.001235
83,89,0.017968,-0.001810,0.001120
83,90,0.016160,-0.001807,0.001005
83,91,0.014354,-0.001804,0.000892
83,92,0.012552,-0.001801,0.000779
83,93,0.010753,-0.001798,0.000666
83,94,0.008956,-0.001795,0.000554
83,95,0.007162,-0.001793,0.000443
83,96,0.005370,-0.001792,0.000332
83,97,0.003579,-0.001790,0.000221
83,98,0.001789,-0.001790,0.000111
83,99,0.000000,0.000000,-0.000000
84,0,0.000000,0.000000,-0.000000
84,1,0.001630,0.001630,0.000107
84,2,0.003260,0.001631,0.000215
84,3,0.004891,0.001632,0.000322
84,4,0.006524,0.001634,0.000430
84,5,0.008159,0.001636,0.000538
84,6,0.009796,0.001638,0.000646
84,7,0.011435,0.001641,0.000755
84,8,0.013078,0.001644,0.000865
84,9,0.014723,0.001647,0.000975
84,10,0.016372,0.001651,0.001086
84,11,0.018024,0.001654,0.001197
84,12,0.019680,0.001657,0.001309
84,13,0.021339,0.001660,0.001422
84,14,0.023000,0.001663,0.001536
84,15,0.024665,0.001665,0.001651
84,16,0.026331,0.001667,0.001767
84,17,0.027999,0.001668,0.001883
84,18,0.029666,0.001668,0.002001
84,19,0.031334,0.001666,0.002119
84,20,0.032999,0.001664,0.002238
84,21,0.034661,0.001659,0.002358
84,22,0.036318,0.001653,0.002479
84,23,0.037968,0.001645,0.002600
84,24,0.039608,0.001635,0.002722
84,25,0.041238,0.001622,0.002844
84,26,0.042853,0.001606,0.002967
84,27,0.044451,0.001588,0.003089
84,28,0.046028,0.001566,0.003211
84,29,0.047582,0.001540,0.003332
84,30,0.049108,0.001510,0.003453
84,31,0.050603,0.001477,0.003572
84,32,0.052061,0.001439,0.003690
84,33,0.053481,0.001397,0.003806
84,34,0.054854,0.001349,0.003920
84,35,0.056180,0.001297,0.004030
84,36,0.057449,0.001240,0.004137
84,37,0.058660,0.001178,0.004241
84,38,0.059806,0.001111,0.004339
84,39,0.060883,0.001039,0.004433
84,40,0.061885,0.000962,0.004521
84,41,0.062808,0.000881,0.004602
84,42,0.063646,0.000794,0.004677
84,43,0.064396,0.000704,0.004744
84,44,0.065053,0.000609,0.004804
84,45,0.065615,0.000511,0.004855
84,46,0.066076,0.000410,0.004897
84,47,0.066436,0.000307,0.004930
84,48,0.066690,0.000202,0.004954
84,49,0.066839,0.000095,0.004968
84,50,0.066880,-0.000012,0.004972
84,51,0.066815,-0.000119,0.004966
84,52,0.066642,-0.000226,0.004951
84,53,0.066363,-0.000331,0.004926
84,54,0.065979,-0.000435,0.004891
84,55,0.065494,-0.000536,0.004847
84,56,0.064908,-0.000634,0.004795
84,57,0.064226,-0.000728,0.004734
84,58,0.063451,-0.000819,0.004665
84,59,0.062588,-0.000906,0.004588
84,60,0.061640,-0.000988,0.004505
84,61,0.060613,-0.001065,0.004416
84,62,0.059510,-0.001137,0.004321
84,63,0.058338,-0.001205,0.004220
84,64,0.057101,-0.001267,0.004116
84,65,0.055804,-0.001324,0.004007
84,66,0.054452,-0.001377,0.003895
84,67,0.053051,-0.001424,0.003779
84,68,0.051604,-0.001467,0.003662
84,69,0.050117,-0.001505,0.003542
84,70,0.048593,-0.001539,0.003421
84,71,0.047038,-0.001569,0.003298
84,72,0.045454,-0.001596,0.003175
84,73,0.043847,-0.001618,0.003051
84,74,0.042218,-0.001638,0.002927
84,75,0.040572,-0.001654,0.002803
84,76,0.038910,-0.001667,0.002678
84,77,0.037237,-0.001678,0.002554
84,78,0.035554,-0.001687,0.002431
84,79,0.033863,-0.001694,0.002308
84,80,0.032166,-0.001699,0.002186
84,81,0.030466,-0.001702,0.002064
84,82,0.028762,-0.001704,0.001944
84,83,0.027058,-0.001705,0.001824
84,84,0.025353,-0.001705,0.001705
84,85,0.023649,-0.001704,0.001587
84,86,0.021945,-0.001702,0.001469
84,87,0.020244,-0.001700,0.001353
84,88,0.018544,-0.001698,0.001237
84,89,0.016848,-0.001696,0.001122
84,90,0.015153,-0.001693,0.001008
84,91,0.013462,-0.001690,0.000894
84,92,0.011772,-0.001688,0.000781
84,93,0.010086,-0.001686,0.000668
84,94,0.008401,-0.001684,0.000556
84,95,0.006718,-0.001682,0.000444
84,96,0.005037,-0.001680,0.000333
84,97,0.003358,-0.001679,0.000222
84,98,0.001679,-0.001679,0.000111
84,99,0.000000,0.000000,-0.000000
85,0,0.000000,0.000000,-0.000000
85,1,0.001522,0.001523,0.000108
85,2,0.003045,0.001523,0.000215
85,3,0.004569,0.001524,0.000323
85,4,0.006094,0.001526,0.000431
85,5,0.007620,0.001527,0.000540
85,6,0.009148,0.001529,0.000648
85,7,0.010679,0.001532,0.000758
85,8,0.012212,0.001534,0.000867
85,9,0.013747,0.001537,0.000977
85,10,0.015285,0.001540,0.001088
85,11,0.016826,0.001542,0.001199
85,12,0.018370,0.001545,0.001311
85,13,0.019915,0.001547,0.001424
85,14,0.021464,0.001549,0.001537
85,15,0.023013,0.001550,0.001652
85,16,0.024564,0.001551,0.001766
85,17,0.026116,0.001551,0.001882
85,18,0.027667,0.001550,0.001998
85,19,0.029216,0.001548,0.002116
85,20,0.030763,0.001545,0.002233
85,21,0.032306,0.001540,0.002352
85,22,0.033843,0.001533,0.002470
85,23,0.035373,0.001525,0.002589
85,24,0.036893,0.001514,0.002709
85,25,0.038401,0.001501,0.002828
85,26,0.039896,0.001486,0.002948
85,27,0.041373,0.001467,0.003067
85,28,0.042830,0.001446,0.003186
85,29,0.044264,0.001421,0.003304
85,30,0.045672,0.001392,0.003420
85,31,0.047049,0.001360,0.003536
85,32,0.048393,0.001324,0.003649
85,33,0.049697,0.001284,0.003761
85,34,0.050961,0.001240,0.003870
85,35,0.052177,0.001191,0.003976
85,36,0.053343,0.001138,0.004078
85,37,0.054453,0.001080,0.004176
85,38,0.055503,0.001018,0.004270
85,39,0.056488,0.000951,0.004359
85,40,0.057405,0.000880,0.004442
85,41,0.058248,0.000805,0.004519
85,42,0.059015,0.000725,0.004590
85,43,0.059699,0.000642,0.004653
85,44,0.060299,0.000556,0.004709
85,45,0.060810,0.000466,0.004757
85,46,0.061232,0.000374,0.004797
85,47,0.061558,0.000280,0.004828
85,48,0.061791,0.000184,0.004850
85,49,0.061925,0.000086,0.004863
85,50,0.061964,-0.000011,0.004867
85,51,0.061903,-0.000109,0.004862
85,52,0.061746,-0.000206,0.004847
85,53,0.061490,-0.000302,0.004824
85,54,0.061141,-0.000397,0.004791
85,55,0.060697,-0.000489,0.004750
85,56,0.060163,-0.000579,0.004700
85,57,0.059539,-0.000665,0.004643
85,58,0.058832,-0.000749,0.004578
85,59,0.058042,-0.000828,0.004505
85,60,0.057176,-0.000904,0.004427
85,61,0.056235,-0.000975,0.004342
85,62,0.055226,-0.001042,0.004251
85,63,0.054151,-0.001105,0.004156
85,64,0.053016,-0.001163,0.004056
85,65,0.051825,-0.001216,0.003952
85,66,0.050584,-0.001265,0.003844
85,67,0.049295,-0.001310,0.003734
85,68,0.047964,-0.001351,0.003620
85,69,0.046593,-0.001387,0.003505
85,70,0.045190,-0.001420,0.003388
85,71,0.043754,-0.001448,0.003269
85,72,0.042293,-0.001474,0.003149
85,73,0.040807,-0.001496,0.003029
85,74,0.039301,-0.001515,0.002908
85,75,0.037777,-0.001531,0.002786
85,76,0.036239,-0.001545,0.002665
85,77,0.034688,-0.001556,0.002543
85,78,0.033128,-0.001565,0.002422
85,79,0.031558,-0.001572,0.002301
85,80,0.029983,-0.001578,0.002180
85,81,0.028403,-0.001582,0.002060
85,82,0.026820,-0.001584,0.001941
85,83,0.025235,-0.001586,0.001822
85,84,0.023649,-0.001587,0.001704
85,85,0.022062,-0.001586,0.001586
85,86,0.020476,-0.001586,0.001470
85,87,0.018890,-0.001584,0.001354
85,88,0.017307,-0.001583,0.001238
85,89,0.015725,-0.001581,0.001123
85,90,0.014145,-0.001579,0.001009
85,91,0.012567,-0.001577,0.000896
85,92,0.010991,-0.001575,0.000782
85,93,0.009416,-0.001573,0.000670
85,94,0.007844,-0.001572,0.000558
85,95,0.006273,-0.001570,0.000446
85,96,0.004704,-0.001569,0.000334
85,97,0.003135,-0.001568,0.000223
85,98,0.001567,-0.001568,0.000111
85,99,0.000000,0.000000,-0.000000
86,0,0.000000,0.000000,-0.000000
86,1,0.001415,0.001415,0.000108
86,2,0.002829,0.001415,0.000216
86,3,0.004245,0.001416,0.000324
86,4,0.005661,0.001417,0.000433
86,5,0.007079,0.001419,0.000541
86,6,0.008499,0.001420,0.000650
86,7,0.009920,0.001422,0.000759
86,8,0.011343,0.001424,0.000869
86,9,0.012769,0.001426,0.000979
86,10,0.014196,0.001429,0.001090
86,11,0.015626,0.001431,0.001201
86,12,0.017057,0.001433,0.001313
86,13,0.018491,0.001434,0.001425
86,14,0.019926,0.001435,0.001538
86,15,0.021362,0.001436,0.001651
86,16,0.022798,0.001436,0.001766
86,17,0.024234,0.001436,0.001880
86,18,0.025669,0.001434,0.001996
86,19,0.027103,0.001432,0.002111
86,20,0.028532,0.001428,0.002228
86,21,0.029958,0.001422,0.002344
86,22,0.031377,0.001415,0.002461
86,23,0.032789,0.001407,0.002578
86,24,0.034191,0.001396,0.002696
86,25,0.035581,0.001383,0.002813
86,26,0.036957,0.001368,0.002930
86,27,0.038317,0.001350,0.003046
86,28,0.039657,0.001329,0.003161
86,29,0.040975,0.001305,0.003276
86,30,0.042267,0.001278,0.003389
86,31,0.043531,0.001248,0.003501
86,32,0.044763,0.001214,0.003611
86,33,0.045959,0.001176,0.003718
86,34,0.047115,0.001135,0.003823
86,35,0.048228,0.001089,0.003924
86,36,0.049294,0.001040,0.004022
86,37,0.050308,0.000986,0.004116
86,38,0.051266,0.000929,0.004206
86,39,0.052165,0.000867,0.004291
86,40,0.053001,0.000802,0.004370
86,41,0.053769,0.000733,0.004443
86,42,0.054466,0.000660,0.004510
86,43,0.055090,0.000584,0.004570
86,44,0.055635,0.000505,0.004623
86,45,0.056100,0.000424,0.004668
86,46,0.056482,0.000340,0.004706
86,47,0.056779,0.000254,0.004735
86,48,0.056989,0.000167,0.004756
86,49,0.057113,0.000078,0.004768
86,50,0.057146,-0.000011,0.004772
86,51,0.057091,-0.000099,0.004767
86,52,0.056947,-0.000188,0.004753
86,53,0.056716,-0.000275,0.004730
86,54,0.056397,-0.000361,0.004700
86,55,0.055994,-0.000445,0.004661
86,56,0.055507,-0.000527,0.004614
86,57,0.054941,-0.000606,0.004559
86,58,0.054296,-0.000682,0.004498
86,59,0.053577,-0.000755,0.004429
86,60,0.052786,-0.000824,0.004354
86,61,0.051929,-0.000890,0.004273
86,62,0.051007,-0.000951,0.004187
86,63,0.050026,-0.001009,0.004096
86,64,0.048989,-0.001063,0.004000
86,65,0.047901,-0.001113,0.003900
86,66,0.046764,-0.001158,0.003797
86,67,0.045584,-0.001200,0.003691
86,68,0.044363,-0.001238,0.003581
86,69,0.043107,-0.001273,0.003470
86,70,0.041817,-0.001304,0.003356
86,71,0.040500,-0.001331,0.003241
86,72,0.039156,-0.001355,0.003125
86,73,0.037789,-0.001376,0.003007
86,74,0.036403,-0.001395,0.002889
86,75,0.034999,-0.001411,0.002770
86,76,0.033581,-0.001424,0.002651
86,77,0.032151,-0.001435,0.002532
86,78,0.030710,-0.001445,0.002412
86,79,0.029262,-0.001452,0.002293
86,80,0.027806,-0.001458,0.002174
86,81,0.026346,-0.001463,0.002055
86,82,0.024881,-0.001466,0.001937
86,83,0.023414,-0.001468,0.001820
86,84,0.021945,-0.001469,0.001702
86,85,0.020476,-0.001470,0.001586
86,86,0.019006,-0.001470,0.001470
86,87,0.017537,-0.001469,0.001354
86,88,0.016068,-0.001468,0.001239
86,89,0.014601,-0.001467,0.001124
86,90,0.013135,-0.001465,0.001010
86,91,0.011670,-0.001464,0.000897
86,92,0.010207,-0.001462,0.000784
86,93,0.008746,-0.001461,0.000671
86,94,0.007286,-0.001459,0.000559
86,95,0.005827,-0.001458,0.000447
86,96,0.004369,-0.001457,0.000335
86,97,0.002912,-0.001457,0.000223
86,98,0.001456,-0.001456,0.000111
86,99,0.000000,0.000000,-0.000000
87,0,0.000000,0.000000,-0.000000
87,1,0.001306,0.001307,0.000108
87,2,0.002613,0.001307,0.000217
87,3,0.003920,0.001308,0.000325
87,4,0.005228,0.001309,0.000433
87,5,0.006538,0.001310,0.000542
87,6,0.007848,0.001311,0.000651
87,7,0.009160,0.001313,0.000761
87,8,0.010474,0.001314,0.000870
87,9,0.011789,0.001316,0.000980
87,10,0.013106,0.001318,0.001091
87,11,0.014424,0.001319,0.001202
87,12,0.015744,0.001321,0.001313
87,13,0.017065,0.001322,0.001425
87,14,0.018388,0.001322,0.001538
87,15,0.019710,0.001323,0.001651
87,16,0.021033,0.001322,0.001764
87,17,0.022355,0.001321,0.001878
87,18,0.023676,0.001319,0.001992
87,19,0.024993,0.001316,0.002107
87,20,0.026308,0.001312,0.002222
87,21,0.027617,0.001306,0.002337
87,22,0.028921,0.001299,0.002452
87,23,0.030216,0.001291,0.002568
87,24,0.031502,0.001280,0.002683
87,25,0.032776,0.001267,0.002798
87,26,0.034037,0.001253,0.002912
87,27,0.035281,0.001235,0.003025
87,28,0.036507,0.001216,0.003138
87,29,0.037712,0.001193,0.003250
87,30,0.038893,0.001167,0.003360
87,31,0.040047,0.001139,0.003468
87,32,0.041171,0.001107,0.003574
87,33,0.042261,0.001072,0.003678
87,34,0.043315,0.001033,0.003779
87,35,0.044328,0.000991,0.003877
87,36,0.045298,0.000946,0.003971
87,37,0.046220,0.000896,0.004061
87,38,0.047091,0.000844,0.004147
87,39,0.047907,0.000787,0.004228
87,40,0.048666,0.000728,0.004304
87,41,0.049362,0.000664,0.004373
87,42,0.049995,0.000598,0.004437
87,43,0.050559,0.000529,0.004494
87,44,0.051053,0.000457,0.004544
87,45,0.051474,0.000383,0.004587
87,46,0.051820,0.000307,0.004623
87,47,0.052088,0.000230,0.004650
87,48,0.052279,0.000150,0.004670
87,49,0.052389,0.000071,0.004682
87,50,0.052420,-0.000010,0.004685
87,51,0.052370,-0.000090,0.004680
87,52,0.052240,-0.000170,0.004667
87,53,0.052030,-0.000249,0.004646
87,54,0.051742,-0.000327,0.004617
87,55,0.051376,-0.000403,0.004580
87,56,0.050935,-0.000477,0.004535
87,57,0.050421,-0.000549,0.004483
87,58,0.049837,-0.000618,0.004424
87,59,0.049184,-0.000685,0.004359
87,60,0.048467,-0.000748,0.004288
87,61,0.047688,-0.000808,0.004211
87,62,0.046851,-0.000865,0.004128
87,63,0.045959,-0.000918,0.004041
87,64,0.045016,-0.000967,0.003949
87,65,0.044024,-0.001013,0.003853
87,66,0.042990,-0.001055,0.003753
87,67,0.041913,-0.001094,0.003650
87,68,0.040801,-0.001130,0.003545
87,69,0.039654,-0.001162,0.003437
87,70,0.038477,-0.001191,0.003326
87,71,0.037272,-0.001217,0.003215
87,72,0.036043,-0.001240,0.003101
87,73,0.034792,-0.001260,0.002986
87,74,0.033523,-0.001278,0.002871
87,75,0.032237,-0.001293,0.002754
87,76,0.030937,-0.001306,0.002637
87,77,0.029625,-0.001317,0.002520
87,78,0.028303,-0.001326,0.002403
87,79,0.026972,-0.001334,0.002285
87,80,0.025635,-0.001340,0.002168
87,81,0.024292,-0.001345,0.002050
87,82,0.022946,-0.001348,0.001933
87,83,0.021596,-0.001351,0.001817
87,84,0.020244,-0.001353,0.001700
87,85,0.018890,-0.001354,0.001584
87,86,0.017537,-0.001354,0.001469
87,87,0.016183,-0.001354,0.001354
87,88,0.014829,-0.001353,0.001239
87,89,0.013476,-0.001353,0.001125
87,90,0.012124,-0.001352,0.001011
87,91,0.010773,-0.001350,0.000898
87,92,0.009423,-0.001349,0.000785
87,93,0.008074,-0.001348,0.000672
87,94,0.006727,-0.001347,0.000559
87,95,0.005380,-0.001346,0.000447
87,96,0.004034,-0.001345,0.000335
87,97,0.002689,-0.001345,0.000223
87,98,0.001344,-0.001345,0.000112
87,99,0.000000,0.000000,-0.000000
88,0,0.000000,0.000000,-0.000000
88,1,0.001198,0.001198,0.000108
88,2,0.002396,0.001199,0.000217
88,3,0.003595,0.001199,0.000326
88,4,0.004794,0.001200,0.000434
88,5,0.005995,0.001201,0.000543
88,6,0.007196,0.001202,0.000652
88,7,0.008399,0.001203,0.000762
88,8,0.009603,0.001205,0.000871
88,9,0.010808,0.001206,0.000981
88,10,0.012014,0.001207,0.001092
88,11,0.013222,0.001208,0.001203
88,12,0.014430,0.001209,0.001314
88,13,0.015640,0.001210,0.001425
88,14,0.016850,0.001210,0.001537
88,15,0.018060,0.001210,0.001650
88,16,0.019270,0.001209,0.001762
88,17,0.020478,0.001208,0.001875
88,18,0.021685,0.001205,0.001989
88,19,0.022889,0.001202,0.002102
88,20,0.024089,0.001198,0.002216
88,21,0.025284,0.001192,0.002330
88,22,0.026473,0.001185,0.002443
88,23,0.027654,0.001176,0.002557
88,24,0.028825,0.001166,0.002670
88,25,0.029986,0.001154,0.002783
88,26,0.031133,0.001140,0.002895
88,27,0.032266,0.001123,0.003006
88,28,0.033380,0.001105,0.003116
88,29,0.034475,0.001084,0.003225
88,30,0.035547,0.001060,0.003332
88,31,0.036595,0.001033,0.003438
88,32,0.037614,0.001004,0.003541
88,33,0.038603,0.000971,0.003641
88,34,0.039557,0.000936,0.003739
88,35,0.040474,0.000897,0.003833
88,36,0.041351,0.000855,0.003924
88,37,0.042185,0.000810,0.004011
88,38,0.042972,0.000762,0.004093
88,39,0.043709,0.000711,0.004171
88,40,0.044393,0.000657,0.004243
88,41,0.045022,0.000599,0.004310
88,42,0.045592,0.000539,0.004371
88,43,0.046101,0.000477,0.004425
88,44,0.046546,0.000412,0.004473
88,45,0.046925,0.000345,0.004514
88,46,0.047236,0.000277,0.004548
88,47,0.047478,0.000206,0.004574
88,48,0.047649,0.000135,0.004593
88,49,0.047749,0.000063,0.004604
88,50,0.047776,-0.000009,0.004607
88,51,0.047731,-0.000081,0.004602
88,52,0.047613,-0.000153,0.004590
88,53,0.047425,-0.000225,0.004569
88,54,0.047164,-0.000295,0.004541
88,55,0.046835,-0.000363,0.004506
88,56,0.046437,-0.000430,0.004464
88,57,0.045975,-0.000495,0.004414
88,58,0.045447,-0.000558,0.004358
88,59,0.044859,-0.000618,0.004296
88,60,0.044211,-0.000675,0.004227
88,61,0.043508,-0.000730,0.004153
88,62,0.042751,-0.000781,0.004074
88,63,0.041945,-0.000830,0.003990
88,64,0.041091,-0.000875,0.003901
88,65,0.040195,-0.000917,0.003809
88,66,0.039257,-0.000956,0.003713
88,67,0.038283,-0.000992,0.003613
88,68,0.037273,-0.001025,0.003511
88,69,0.036233,-0.001054,0.003406
88,70,0.035165,-0.001081,0.003299
88,71,0.034071,-0.001106,0.003190
88,72,0.032953,-0.001127,0.003079
88,73,0.031817,-0.001146,0.002967
88,74,0.030661,-0.001163,0.002853
88,75,0.029491,-0.001177,0.002739
88,76,0.028306,-0.001190,0.002624
88,77,0.027111,-0.001201,0.002509
88,78,0.025905,-0.001210,0.002393
88,79,0.024691,-0.001217,0.002277
88,80,0.023470,-0.001223,0.002161
88,81,0.022245,-0.001228,0.002045
88,82,0.021014,-0.001232,0.001929
88,83,0.019781,-0.001235,0.001814
88,84,0.018544,-0.001237,0.001698
88,85,0.017307,-0.001238,0.001583
88,86,0.016068,-0.001239,0.001468
88,87,0.014829,-0.001239,0.001353
88,88,0.013590,-0.001239,0.001239
88,89,0.012351,-0.001239,0.001125
88,90,0.011113,-0.001238,0.001011
88,91,0.009875,-0.001237,0.000898
88,92,0.008638,-0.001236,0.000785
88,93,0.007402,-0.001236,0.000672
88,94,0.006167,-0.001235,0.000560
88,95,0.004933,-0.001234,0.000448
88,96,0.003699,-0.001234,0.000336
88,97,0.002466,-0.001233,0.000224
88,98,0.001233,-0.001233,0.000112
88,99,0.000000,0.000000,-0.000000
89,0,0.000000,0.000000,-0.000000
89,1,0.001089,0.001090,0.000109
89,2,0.002179,0.001090,0.000217
89,3,0.003269,0.001090,0.000326
89,4,0.004360,0.001091,0.000435
89,5,0.005451,0.001092,0.000544
89,6,0.006543,0.001093,0.000653
89,7,0.007637,0.001094,0.000762
89,8,0.008731,0.001095,0.000872
89,9,0.009826,0.001096,0.000982
89,10,0.010922,0.001097,0.001092
89,11,0.012019,0.001097,0.001203
89,12,0.013117,0.001098,0.001314
89,13,0.014215,0.001098,0.001425
89,14,0.015313,0.001098,0.001536
89,15,0.016411,0.001098,0.001648
89,16,0.017508,0.001097,0.001760
89,17,0.018604,0.001095,0.001873
89,18,0.019698,0.001092,0.001985
89,19,0.020789,0.001089,0.002097
89,20,0.021876,0.001084,0.002210
89,21,0.022958,0.001079,0.002322
89,22,0.024034,0.001072,0.002435
89,23,0.025102,0.001064,0.002547
89,24,0.026162,0.001054,0.002658
89,25,0.027210,0.001043,0.002769
89,26,0.028247,0.001029,0.002879
89,27,0.029269,0.001014,0.002988
89,28,0.030275,0.000997,0.003096
89,29,0.031262,0.000977,0.003202
89,30,0.032229,0.000955,0.003307
89,31,0.033172,0.000931,0.003409
89,32,0.034090,0.000903,0.003510
89,33,0.034979,0.000874,0.003607
89,34,0.035837,0.000841,0.003702
89,35,0.036662,0.000806,0.003794
89,36,0.037450,0.000768,0.003881
89,37,0.038198,0.000727,0.003965
89,38,0.038904,0.000684,0.004044
89,39,0.039565,0.000637,0.004119
89,40,0.040179,0.000588,0.004189
89,41,0.040742,0.000537,0.004253
89,42,0.041253,0.000483,0.004311
89,43,0.041708,0.000427,0.004363
89,44,0.042107,0.000369,0.004409
89,45,0.042446,0.000309,0.004448
89,46,0.042724,0.000247,0.004480
89,47,0.042940,0.000185,0.004505
89,48,0.043094,0.000121,0.004523
89,49,0.043182,0.000056,0.004534
89,50,0.043207,-0.000008,0.004537
89,51,0.043166,-0.000073,0.004532
89,52,0.043061,-0.000137,0.004520
89,53,0.042891,-0.000201,0.004501
89,54,0.042659,-0.000264,0.004474
89,55,0.042363,-0.000325,0.004440
89,56,0.042008,-0.000385,0.004399
89,57,0.041593,-0.000444,0.004352
89,58,0.041121,-0.000500,0.004298
89,59,0.040593,-0.000554,0.004238
89,60,0.040013,-0.000606,0.004172
89,61,0.039382,-0.000655,0.004101
89,62,0.038703,-0.000701,0.004025
89,63,0.037979,-0.000745,0.003944
89,64,0.037213,-0.000786,0.003858
89,65,0.036407,-0.000824,0.003769
89,66,0.035564,-0.000860,0.003676
89,67,0.034687,-0.000893,0.003579
89,68,0.033779,-0.000922,0.003479
89,69,0.032842,-0.000950,0.003377
89,70,0.031880,-0.000975,0.003273
89,71,0.030893,-0.000997,0.003166
89,72,0.029886,-0.001017,0.003058
89,73,0.028859,-0.001035,0.002948
89,74,0.027817,-0.001050,0.002837
89,75,0.026759,-0.001064,0.002725
89,76,0.025689,-0.001076,0.002612
89,77,0.024607,-0.001086,0.002498
89,78,0.023517,-0.001095,0.002384
89,79,0.022418,-0.001102,0.002270
89,80,0.021313,-0.001108,0.002155
89,81,0.020202,-0.001113,0.002040
89,82,0.019087,-0.001117,0.001925
89,83,0.017968,-0.001120,0.001810
89,84,0.016848,-0.001122,0.001696
89,85,0.015725,-0.001123,0.001581
89,86,0.014601,-0.001124,0.001467
89,87,0.013476,-0.001125,0.001353
89,88,0.012351,-0.001125,0.001239
89,89,0.011226,-0.001125,0.001125
89,90,0.010101,-0.001125,0.001012
89,91,0.008977,-0.001124,0.000898
89,92,0.007853,-0.001124,0.000786
89,93,0.006729,-0.001123,0.000673
89,94,0.005607,-0.001122,0.000560
89,95,0.004485,-0.001122,0.000448
89,96,0.003363,-0.001121,0.000336
89,97,0.002242,-0.001121,0.000224
89,98,0.001121,-0.001121,0.000112
89,99,0.000000,0.000000,-0.000000
90,0,0.000000,0.000000,-0.000000
90,1,0.000981,0.000981,0.000109
90,2,0.001962,0.000981,0.000218
90,3,0.002943,0.000982,0.000326
90,4,0.003925,0.000982,0.000435
90,5,0.004907,0.000983,0.000544
90,6,0.005890,0.000983,0.000654
90,7,0.006874,0.000984,0.000763
90,8,0.007858,0.000985,0.000873
90,9,0.008844,0.000986,0.000983
90,10,0.009829,0.000986,0.001093
90,11,0.010816,0.000987,0.001203
90,12,0.011803,0.000987,0.001314
90,13,0.012790,0.000987,0.001424
90,14,0.013777,0.000987,0.001535
90,15,0.014764,0.000986,0.001647
90,16,0.015749,0.000985,0.001758
90,17,0.016733,0.000983,0.001870
90,18,0.017715,0.000980,0.001981
90,19,0.018694,0.000977,0.002093
90,20,0.019669,0.000973,0.002204
90,21,0.020639,0.000967,0.002315
90,22,0.021603,0.000961,0.002426
90,23,0.022561,0.000953,0.002537
90,24,0.023509,0.000944,0.002647
90,25,0.024448,0.000933,0.002756
90,26,0.025375,0.000921,0.002864
90,27,0.026290,0.000907,0.002971
90,28,0.027189,0.000891,0.003077
90,29,0.028071,0.000873,0.003181
90,30,0.028934,0.000853,0.003283
90,31,0.029776,0.000830,0.003384
90,32,0.030595,0.000806,0.003481
90,33,0.031388,0.000779,0.003576
90,34,0.032153,0.000750,0.003669
90,35,0.032887,0.000718,0.003757
90,36,0.033589,0.000684,0.003843
90,37,0.034255,0.000647,0.003924
90,38,0.034883,0.000608,0.004000
90,39,0.035471,0.000567,0.004073
90,40,0.036016,0.000523,0.004140
90,41,0.036517,0.000477,0.004201
90,42,0.036970,0.000429,0.004258
90,43,0.037375,0.000379,0.004308
90,44,0.037728,0.000327,0.004352
90,45,0.038029,0.000274,0.004389
90,46,0.038276,0.000219,0.004420
90,47,0.038468,0.000164,0.004444
90,48,0.038603,0.000107,0.004461
90,49,0.038682,0.000050,0.004471
90,50,0.038703,-0.000007,0.004474
90,51,0.038667,-0.000065,0.004470
90,52,0.038573,-0.000122,0.004458
90,53,0.038423,-0.000178,0.004439
90,54,0.038216,-0.000234,0.004414
90,55,0.037955,-0.000289,0.004381
90,56,0.037639,-0.000342,0.004342
90,57,0.037270,-0.000394,0.004296
90,58,0.036851,-0.000444,0.004245
90,59,0.036382,-0.000492,0.004187
90,60,0.035866,-0.000538,0.004123
90,61,0.035305,-0.000582,0.004055
90,62,0.034701,-0.000624,0.003981
90,63,0.034057,-0.000663,0.003902
90,64,0.033375,-0.000700,0.003819
90,65,0.032657,-0.000734,0.003732
90,66,0.031906,-0.000766,0.003642
90,67,0.031125,-0.000796,0.003548
90,68,0.030314,-0.000823,0.003451
90,69,0.029479,-0.000848,0.003351
90,70,0.028619,-0.000870,0.003249
90,71,0.027738,-0.000891,0.003145
90,72,0.026838,-0.000909,0.003039
90,73,0.025920,-0.000925,0.002931
90,74,0.024987,-0.000940,0.002822
90,75,0.024041,-0.000952,0.002712
90,76,0.023082,-0.000963,0.002600
90,77,0.022114,-0.000973,0.002488
90,78,0.021137,-0.000981,0.002376
90,79,0.020152,-0.000988,0.002262
90,80,0.019161,-0.000994,0.002149
90,81,0.018164,-0.000998,0.002035
90,82,0.017164,-0.001002,0.001921
90,83,0.016160,-0.001005,0.001807
90,84,0.015153,-0.001008,0.001693
90,85,0.014145,-0.001009,0.001579
90,86,0.013135,-0.001010,0.001465
90,87,0.012124,-0.001011,0.001352
90,88,0.011113,-0.001011,0.001238
90,89,0.010101,-0.001012,0.001125
90,90,0.009089,-0.001011,0.001011
90,91,0.008078,-0.001011,0.000898
90,92,0.007067,-0.001011,0.000786
90,93,0.006057,-0.001010,0.000673
90,94,0.005046,-0.001010,0.000561
90,95,0.004036,-0.001010,0.000448
90,96,0.003027,-0.001009,0.000336
90,97,0.002018,-0.001009,0.000224
90,98,0.001009,-0.001009,0.000112
90,99,0.000000,0.000000,-0.000000
91,0,0.000000,0.000000,-0.000000
91,1,0.000872,0.000872,0.000109
91,2,0.001744,0.000872,0.000218
91,3,0.002617,0.000873,0.000327
91,4,0.003489,0.000873,0.000436
91,5,0.004362,0.000873,0.000545
91,6,0.005236,0.000874,0.000654
91,7,0.006110,0.000875,0.000763
91,8,0.006985,0.000875,0.000873
91,9,0.007861,0.000876,0.000983
91,10,0.008737,0.000876,0.001093
91,11,0.009613,0.000876,0.001203
91,12,0.010490,0.000876,0.001313
91,13,0.011366,0.000876,0.001424
91,14,0.012242,0.000876,0.001534
91,15,0.013118,0.000875,0.001645
91,16,0.013992,0.000874,0.001756
91,17,0.014865,0.000872,0.001867
91,18,0.015736,0.000869,0.001978
91,19,0.016603,0.000866,0.002088
91,20,0.017468,0.000862,0.002199
91,21,0.018327,0.000857,0.002309
91,22,0.019181,0.000851,0.002419
91,23,0.020028,0.000843,0.002528
91,24,0.020868,0.000835,0.002636
91,25,0.021698,0.000825,0.002744
91,26,0.022518,0.000814,0.002851
91,27,0.023326,0.000801,0.002956
91,28,0.024121,0.000787,0.003060
91,29,0.024900,0.000771,0.003162
91,30,0.025662,0.000752,0.003262
91,31,0.026405,0.000733,0.003360
91,32,0.027127,0.000711,0.003456
91,33,0.027826,0.000687,0.003549
91,34,0.028500,0.000660,0.003639
91,35,0.029147,0.000632,0.003725
91,36,0.029765,0.000602,0.003808
91,37,0.030351,0.000569,0.003887
91,38,0.030904,0.000535,0.003961
91,39,0.031420,0.000498,0.004031
91,40,0.031900,0.000460,0.004096
91,41,0.032339,0.000419,0.004156
91,42,0.032738,0.000377,0.004210
91,43,0.033093,0.000333,0.004259
91,44,0.033403,0.000287,0.004301
91,45,0.033667,0.000240,0.004337
91,46,0.033884,0.000192,0.004367
91,47,0.034052,0.000143,0.004390
91,48,0.034171,0.000094,0.004406
91,49,0.034240,0.000044,0.004416
91,50,0.034259,-0.000007,0.004419
91,51,0.034226,-0.000057,0.004414
91,52,0.034145,-0.000107,0.004403
91,53,0.034012,-0.000157,0.004385
91,54,0.033831,-0.000206,0.004360
91,55,0.033601,-0.000254,0.004329
91,56,0.033324,-0.000301,0.004291
91,57,0.033000,-0.000346,0.004247
91,58,0.032632,-0.000390,0.004197
91,59,0.032219,-0.000433,0.004141
91,60,0.031766,-0.000473,0.004080
91,61,0.031273,-0.000512,0.004013
91,62,0.030742,-0.000549,0.003941
91,63,0.030175,-0.000584,0.003865
91,64,0.029574,-0.000616,0.003784
91,65,0.028942,-0.000647,0.003700
91,66,0.028281,-0.000675,0.003612
91,67,0.027591,-0.000702,0.003520
91,68,0.026877,-0.000726,0.003425
91,69,0.026140,-0.000748,0.003328
91,70,0.025381,-0.000768,0.003228
91,71,0.024603,-0.000787,0.003126
91,72,0.023808,-0.000803,0.003021
91,73,0.022997,-0.000818,0.002915
91,74,0.022173,-0.000831,0.002808
91,75,0.021335,-0.000842,0.002699
91,76,0.020488,-0.000852,0.002590
91,77,0.019630,-0.000861,0.002479
91,78,0.018765,-0.000869,0.002368
91,79,0.017893,-0.000875,0.002256
91,80,0.017015,-0.000881,0.002143
91,81,0.016132,-0.000885,0.002030
91,82,0.015245,-0.000889,0.001917
91,83,0.014354,-0.000892,0.001804
91,84,0.013462,-0.000894,0.001690
91,85,0.012567,-0.000896,0.001577
91,86,0.011670,-0.000897,0.001464
91,87,0.010773,-0.000898,0.001350
91,88,0.009875,-0.000898,0.001237
91,89,0.008977,-0.000898,0.001124
91,90,0.008078,-0.000898,0.001011
91,91,0.007180,-0.000898,0.000898
91,92,0.006281,-0.000898,0.000786
91,93,0.005383,-0.000898,0.000673
91,94,0.004486,-0.000898,0.000561
91,95,0.003588,-0.000897,0.000448
91,96,0.002691,-0.000897,0.000336
91,97,0.001794,-0.000897,0.000224
91,98,0.000897,-0.000897,0.000112
91,99,0.000000,0.000000,-0.000000
92,0,0.000000,0.000000,-0.000000
92,1,0.000763,0.000763,0.000109
92,2,0.001526,0.000763,0.000218
92,3,0.002290,0.000764,0.000327
92,4,0.003054,0.000764,0.000436
92,5,0.003818,0.000764,0.000545
92,6,0.004582,0.000765,0.000654
92,7,0.005347,0.000765,0.000764
92,8,0.006112,0.000766,0.000873
92,9,0.006878,0.000766,0.000983
92,10,0.007644,0.000766,0.001093
92,11,0.008410,0.000766,0.001203
92,12,0.009176,0.000766,0.001313
92,13,0.009943,0.000766,0.001423
92,14,0.010708,0.000765,0.001533
92,15,0.011474,0.000764,0.001643
92,16,0.012237,0.000763,0.001754
92,17,0.013000,0.000761,0.001864
92,18,0.013760,0.000759,0.001974
92,19,0.014517,0.000756,0.002084
92,20,0.015271,0.000752,0.002194
92,21,0.016021,0.000747,0.002303
92,22,0.016766,0.000742,0.002412
92,23,0.017505,0.000735,0.002520
92,24,0.018236,0.000728,0.002627
92,25,0.018960,0.000719,0.002733
92,26,0.019674,0.000709,0.002838
92,27,0.020378,0.000697,0.002942
92,28,0.021069,0.000685,0.003044
92,29,0.021747,0.000670,0.003145
92,30,0.022409,0.000654,0.003243
92,31,0.023056,0.000637,0.003340
92,32,0.023683,0.000617,0.003433
92,33,0.024290,0.000596,0.003524
92,34,0.024875,0.000573,0.003612
92,35,0.025437,0.000549,0.003697
92,36,0.025973,0.000522,0.003777
92,37,0.026482,0.000494,0.003854
92,38,0.026961,0.000464,0.003927
92,39,0.027409,0.000432,0.003995
92,40,0.027824,0.000398,0.004058
92,41,0.028205,0.000363,0.004116
92,42,0.028550,0.000326,0.004169
92,43,0.028858,0.000288,0.004216
92,44,0.029126,0.000249,0.004257
92,45,0.029355,0.000208,0.004292
92,46,0.029542,0.000166,0.004321
92,47,0.029687,0.000124,0.004343
92,48,0.029790,0.000081,0.004359
92,49,0.029850,0.000038,0.004368
92,50,0.029865,-0.000006,0.004371
92,51,0.029838,-0.000049,0.004366
92,52,0.029767,-0.000093,0.004356
92,53,0.029653,-0.000136,0.004338
92,54,0.029495,-0.000178,0.004314
92,55,0.029297,-0.000220,0.004284
92,56,0.029056,-0.000260,0.004247
92,57,0.028776,-0.000300,0.004204
92,58,0.028456,-0.000338,0.004155
92,59,0.028100,-0.000375,0.004101
92,60,0.027707,-0.000410,0.004041
92,61,0.027279,-0.000444,0.003977
92,62,0.026819,-0.000476,0.003907
92,63,0.026327,-0.000506,0.003832
92,64,0.025806,-0.000535,0.003754
92,65,0.025258,-0.000562,0.003671
92,66,0.024683,-0.000586,0.003585
92,67,0.024085,-0.000609,0.003495
92,68,0.023464,-0.000631,0.003403
92,69,0.022823,-0.000650,0.003307
92,70,0.022163,-0.000668,0.003209
92,71,0.021487,-0.000684,0.003108
92,72,0.020795,-0.000699,0.003006
92,73,0.020089,-0.000712,0.002901
92,74,0.019371,-0.000724,0.002796
92,75,0.018642,-0.000734,0.002688
92,76,0.017903,-0.000743,0.002580
92,77,0.017156,-0.000751,0.002470
92,78,0.016402,-0.000758,0.002360
92,79,0.015641,-0.000763,0.002249
92,80,0.014875,-0.000768,0.002138
92,81,0.014104,-0.000773,0.002026
92,82,0.013330,-0.000776,0.001913
92,83,0.012552,-0.000779,0.001801
92,84,0.011772,-0.000781,0.001688
92,85,0.010991,-0.000782,0.001575
92,86,0.010207,-0.000784,0.001462
92,87,0.009423,-0.000785,0.001349
92,88,0.008638,-0.000785,0.001236
92,89,0.007853,-0.000786,0.001124
92,90,0.007067,-0.000786,0.001011
92,91,0.006281,-0.000786,0.000898
92,92,0.005496,-0.000786,0.000786
92,93,0.004710,-0.000785,0.000673
92,94,0.003925,-0.000785,0.000561
92,95,0.003139,-0.000785,0.000449
92,96,0.002354,-0.000785,0.000336
92,97,0.001570,-0.000785,0.000224
92,98,0.000785,-0.000785,0.000112
92,99,0.000000,0.000000,-0.000000
93,0,0.000000,0.000000,-0.000000
93,1,0.000654,0.000654,0.000109
93,2,0.001309,0.000654,0.000218
93,3,0.001963,0.000655,0.000327
93,4,0.002618,0.000655,0.000436
93,5,0.003272,0.000655,0.000545
93,6,0.003928,0.000655,0.000654
93,7,0.004583,0.000656,0.000764
93,8,0.005239,0.000656,0.000873
93,9,0.005895,0.000656,0.000983
93,10,0.006551,0.000656,0.001092
93,11,0.007208,0.000656,0.001202
93,12,0.007864,0.000656,0.001312
93,13,0.008520,0.000656,0.001422
93,14,0.009176,0.000655,0.001532
93,15,0.009831,0.000654,0.001642
93,16,0.010485,0.000653,0.001752
93,17,0.011137,0.000651,0.001861
93,18,0.011787,0.000649,0.001971
93,19,0.012435,0.000646,0.002080
93,20,0.013080,0.000643,0.002189
93,21,0.013721,0.000639,0.002298
93,22,0.014358,0.000634,0.002405
93,23,0.014989,0.000628,0.002512
93,24,0.015614,0.000621,0.002619
93,25,0.016232,0.000614,0.002724
93,26,0.016842,0.000605,0.002828
93,27,0.017442,0.000595,0.002930
93,28,0.018032,0.000584,0.003031
93,29,0.018610,0.000572,0.003130
93,30,0.019175,0.000558,0.003227
93,31,0.019725,0.000543,0.003322
93,32,0.020260,0.000526,0.003414
93,33,0.020777,0.000508,0.003503
93,34,0.021276,0.000488,0.003589
93,35,0.021754,0.000467,0.003672
93,36,0.022210,0.000444,0.003751
93,37,0.022642,0.000420,0.003826
93,38,0.023050,0.000394,0.003897
93,39,0.023431,0.000367,0.003963
93,40,0.023784,0.000338,0.004025
93,41,0.024108,0.000308,0.004082
93,42,0.024401,0.000277,0.004133
93,43,0.024662,0.000245,0.004179
93,44,0.024890,0.000211,0.004219
93,45,0.025084,0.000177,0.004253
93,46,0.025243,0.000141,0.004281
93,47,0.025366,0.000105,0.004302
93,48,0.025454,0.000069,0.004318
93,49,0.025504,0.000032,0.004327
93,50,0.025518,-0.000005,0.004329
93,51,0.025494,-0.000042,0.004325
93,52,0.025434,-0.000079,0.004314
93,53,0.025336,-0.000115,0.004298
93,54,0.025203,-0.000151,0.004274
93,55,0.025034,-0.000187,0.004245
93,56,0.024830,-0.000221,0.004209
93,57,0.024592,-0.000255,0.004167
93,58,0.024321,-0.000287,0.004120
93,59,0.024017,-0.000319,0.004067
93,60,0.023683,-0.000349,0.004008
93,61,0.023320,-0.000378,0.003945
93,62,0.022928,-0.000405,0.003877
93,63,0.022510,-0.000431,0.003804
93,64,0.022067,-0.000455,0.003727
93,65,0.021599,-0.000478,0.003646
93,66,0.021111,-0.000499,0.003562
93,67,0.020601,-0.000519,0.003474
93,68,0.020072,-0.000537,0.003383
93,69,0.019526,-0.000554,0.003289
93,70,0.018964,-0.000570,0.003192
93,71,0.018387,-0.000584,0.003093
93,72,0.017797,-0.000596,0.002992
93,73,0.017194,-0.000608,0.002889
93,74,0.016581,-0.000618,0.002785
93,75,0.015959,-0.000627,0.002679
93,76,0.015328,-0.000635,0.002571
93,77,0.014690,-0.000642,0.002463
93,78,0.014045,-0.000648,0.002354
93,79,0.013395,-0.000653,0.002244
93,80,0.012740,-0.000657,0.002133
93,81,0.012080,-0.000661,0.002022
93,82,0.011418,-0.000664,0.001910
93,83,0.010753,-0.000666,0.001798
93,84,0.010086,-0.000668,0.001686
93,85,0.009416,-0.000670,0.001573
93,86,0.008746,-0.000671,0.001461
93,87,0.008074,-0.000672,0.001348
93,88,0.007402,-0.000672,0.001236
93,89,0.006729,-0.000673,0.001123
93,90,0.006057,-0.000673,0.001010
93,91,0.005383,-0.000673,0.000898
93,92,0.004710,-0.000673,0.000785
93,93,0.004037,-0.000673,0.000673
93,94,0.003364,-0.000673,0.000561
93,95,0.002691,-0.000673,0.000449
93,96,0.002018,-0.000673,0.000336
93,97,0.001345,-0.000673,0.000224
93,98,0.000673,-0.000673,0.000112
93,99,0.000000,0.000000,-0.000000
94,0,0.000000,0.000000,-0.000000
94,1,0.000545,0.000545,0.000109
94,2,0.001091,0.000545,0.000218
94,3,0.001636,0.000545,0.000327
94,4,0.002181,0.000546,0.000436
94,5,0.002727,0.000546,0.000545
94,6,0.003273,0.000546,0.000655
94,7,0.003819,0.000546,0.000764
94,8,0.004366,0.000546,0.000873
94,9,0.004912,0.000547,0.000983
94,10,0.005459,0.000547,0.001092
94,11,0.006006,0.000547,0.001202
94,12,0.006552,0.000546,0.001312
94,13,0.007099,0.000546,0.001421
94,14,0.007645,0.000546,0.001531
94,15,0.008190,0.000545,0.001640
94,16,0.008734,0.000544,0.001750
94,17,0.009277,0.000542,0.001859
94,18,0.009818,0.000540,0.001968
94,19,0.010357,0.000538,0.002077
94,20,0.010893,0.000535,0.002185
94,21,0.011426,0.000531,0.002293
94,22,0.011955,0.000527,0.002400
94,23,0.012480,0.000522,0.002506
94,24,0.012999,0.000516,0.002611
94,25,0.013513,0.000510,0.002715
94,26,0.014019,0.000502,0.002818
94,27,0.014518,0.000494,0.002920
94,28,0.015007,0.000485,0.003019
94,29,0.015487,0.000474,0.003117
94,30,0.015956,0.000463,0.003213
94,31,0.016412,0.000450,0.003306
94,32,0.016855,0.000436,0.003397
94,33,0.017284,0.000421,0.003485
94,34,0.017697,0.000405,0.003570
94,35,0.018093,0.000387,0.003651
94,36,0.018471,0.000368,0.003729
94,37,0.018829,0.000348,0.003802
94,38,0.019167,0.000326,0.003872
94,39,0.019482,0.000304,0.003937
94,40,0.019774,0.000280,0.003997
94,41,0.020042,0.000255,0.004053
94,42,0.020284,0.000229,0.004103
94,43,0.020500,0.000202,0.004148
94,44,0.020689,0.000174,0.004187
94,45,0.020849,0.000146,0.004220
94,46,0.020980,0.000117,0.004247
94,47,0.021083,0.000087,0.004268
94,48,0.021154,0.000057,0.004283
94,49,0.021196,0.000026,0.004292
94,50,0.021207,-0.000004,0.004294
94,51,0.021188,-0.000035,0.004290
94,52,0.021138,-0.000065,0.004280
94,53,0.021058,-0.000095,0.004263
94,54,0.020947,-0.000125,0.004241
94,55,0.020808,-0.000154,0.004212
94,56,0.020639,-0.000183,0.004177
94,57,0.020442,-0.000211,0.004136
94,58,0.020217,-0.000238,0.004090
94,59,0.019966,-0.000264,0.004038
94,60,0.019690,-0.000289,0.003981
94,61,0.019389,-0.000313,0.003919
94,62,0.019065,-0.000335,0.003852
94,63,0.018719,-0.000357,0.003780
94,64,0.018351,-0.000377,0.003705
94,65,0.017965,-0.000396,0.003625
94,66,0.017559,-0.000414,0.003542
94,67,0.017137,-0.000430,0.003456
94,68,0.016699,-0.000446,0.003366
94,69,0.016246,-0.000460,0.003273
94,70,0.015779,-0.000473,0.003178
94,71,0.015301,-0.000484,0.003080
94,72,0.014811,-0.000495,0.002980
94,73,0.014311,-0.000504,0.002879
94,74,0.013802,-0.000513,0.002775
94,75,0.013285,-0.000521,0.002670
94,76,0.012761,-0.000527,0.002564
94,77,0.012230,-0.000533,0.002456
94,78,0.011694,-0.000538,0.002348
94,79,0.011154,-0.000543,0.002239
94,80,0.010609,-0.000546,0.002129
94,81,0.010061,-0.000550,0.002018
94,82,0.009510,-0.000552,0.001907
94,83,0.008956,-0.000554,0.001795
94,84,0.008401,-0.000556,0.001684
94,85,0.007844,-0.000558,0.001572
94,86,0.007286,-0.000559,0.001459
94,87,0.006727,-0.000559,0.001347
94,88,0.006167,-0.000560,0.001235
94,89,0.005607,-0.000560,0.001122
94,90,0.005046,-0.000561,0.001010
94,91,0.004486,-0.000561,0.000898
94,92,0.003925,-0.000561,0.000785
94,93,0.003364,-0.000561,0.000673
94,94,0.002803,-0.000561,0.000561
94,95,0.002242,-0.000561,0.000449
94,96,0.001682,-0.000561,0.000336
94,97,0.001121,-0.000561,0.000224
94,98,0.000561,-0.000561,0.000112
94,99,0.000000,0.000000,-0.000000
95,0,0.000000,0.000000,-0.000000
95,1,0.000436,0.000436,0.000109
95,2,0.000872,0.000436,0.000218
95,3,0.001309,0.000436,0.000327
95,4,0.001745,0.000437,0.000436
95,5,0.002182,0.000437,0.000545
95,6,0.002619,0.000437,0.000655
95,7,0.003055,0.000437,0.000764
95,8,0.003493,0.000437,0.000873
95,9,0.003930,0.000437,0.000983
95,10,0.004367,0.000437,0.001092
95,11,0.004804,0.000437,0.001202
95,12,0.005241,0.000437,0.001311
95,13,0.005678,0.000437,0.001420
95,14,0.006114,0.000436,0.001530
95,15,0.006550,0.000435,0.001639
95,16,0.006985,0.000434,0.001748
95,17,0.007419,0.000433,0.001857
95,18,0.007851,0.000431,0.001966
95,19,0.008282,0.000429,0.002074
95,20,0.008710,0.000427,0.002182
95,21,0.009136,0.000424,0.002289
95,22,0.009558,0.000421,0.002395
95,23,0.009977,0.000417,0.002501
95,24,0.010391,0.000412,0.002605
95,25,0.010801,0.000407,0.002709
95,26,0.011205,0.000401,0.002811
95,27,0.011603,0.000394,0.002911
95,28,0.011993,0.000386,0.003010
95,29,0.012375,0.000378,0.003107
95,30,0.012749,0.000369,0.003201
95,31,0.013113,0.000359,0.003294
95,32,0.013466,0.000347,0.003383
95,33,0.013808,0.000335,0.003470
95,34,0.014137,0.000322,0.003554
95,35,0.014452,0.000308,0.003634
95,36,0.014753,0.000293,0.003710
95,37,0.015038,0.000277,0.003783
95,38,0.015306,0.000260,0.003851
95,39,0.015557,0.000242,0.003915
95,40,0.015789,0.000223,0.003975
95,41,0.016002,0.000203,0.004029
95,42,0.016195,0.000182,0.004078
95,43,0.016366,0.000161,0.004122
95,44,0.016516,0.000139,0.004161
95,45,0.016644,0.000116,0.004193
95,46,0.016748,0.000093,0.004220
95,47,0.016829,0.000069,0.004241
95,48,0.016887,0.000045,0.004255
95,49,0.016920,0.000021,0.004264
95,50,0.016929,-0.000003,0.004266
95,51,0.016913,-0.000028,0.004262
95,52,0.016873,-0.000052,0.004252
95,53,0.016809,-0.000076,0.004236
95,54,0.016722,-0.000099,0.004213
95,55,0.016610,-0.000123,0.004185
95,56,0.016476,-0.000145,0.004151
95,57,0.016320,-0.000168,0.004111
95,58,0.016141,-0.000189,0.004065
95,59,0.015942,-0.000210,0.004014
95,60,0.015722,-0.000230,0.003958
95,61,0.015482,-0.000249,0.003897
95,62,0.015225,-0.000267,0.003831
95,63,0.014949,-0.000284,0.003761
95,64,0.014657,-0.000300,0.003687
95,65,0.014349,-0.000315,0.003608
95,66,0.014026,-0.000330,0.003526
95,67,0.013690,-0.000343,0.003441
95,68,0.013341,-0.000355,0.003352
95,69,0.012979,-0.000366,0.003261
95,70,0.012608,-0.000377,0.003166
95,71,0.012226,-0.000386,0.003070
95,72,0.011836,-0.000395,0.002971
95,73,0.011437,-0.000402,0.002870
95,74,0.011031,-0.000409,0.002767
95,75,0.010618,-0.000415,0.002663
95,76,0.010200,-0.000421,0.002558
95,77,0.009777,-0.000426,0.002451
95,78,0.009349,-0.000430,0.002343
95,79,0.008917,-0.000433,0.002235
95,80,0.008482,-0.000436,0.002125
95,81,0.008045,-0.000439,0.002015
95,82,0.007604,-0.000441,0.001904
95,83,0.007162,-0.000443,0.001793
95,84,0.006718,-0.000444,0.001682
95,85,0.006273,-0.000446,0.001570
95,86,0.005827,-0.000447,0.001458
95,87,0.005380,-0.000447,0.001346
95,88,0.004933,-0.000448,0.001234
95,89,0.004485,-0.000448,0.001122
95,90,0.004036,-0.000448,0.001010
95,91,0.003588,-0.000448,0.000897
95,92,0.003139,-0.000449,0.000785
95,93,0.002691,-0.000449,0.000673
95,94,0.002242,-0.000449,0.000561
95,95,0.001794,-0.000449,0.000449
95,96,0.001345,-0.000448,0.000336
95,97,0.000897,-0.000448,0.000224
95,98,0.000448,-0.000448,0.000112
95,99,0.000000,0.000000,-0.000000
96,0,0.000000,0.000000,-0.000000
96,1,0.000327,0.000327,0.000109
96,2,0.000654,0.000327,0.000218
96,3,0.000982,0.000327,0.000327
96,4,0.001309,0.000327,0.000436
96,5,0.001636,0.000327,0.000545
96,6,0.001964,0.000328,0.000655
96,7,0.002292,0.000328,0.000764
96,8,0.002619,0.000328,0.000873
96,9,0.002947,0.000328,0.000982
96,10,0.003275,0.000328,0.001092
96,11,0.003603,0.000328,0.001201
96,12,0.003930,0.000328,0.001311
96,13,0.004258,0.000327,0.001420
96,14,0.004585,0.000327,0.001529
96,15,0.004912,0.000326,0.001638
96,16,0.005237,0.000325,0.001747
96,17,0.005562,0.000324,0.001856
96,18,0.005886,0.000323,0.001964
96,19,0.006209,0.000322,0.002072
96,20,0.006530,0.000320,0.002179
96,21,0.006849,0.000318,0.002286
96,22,0.007165,0.000315,0.002392
96,23,0.007479,0.000312,0.002497
96,24,0.007789,0.000308,0.002601
96,25,0.008095,0.000304,0.002703
96,26,0.008398,0.000300,0.002805
96,27,0.008695,0.000295,0.002904
96,28,0.008987,0.000289,0.003003
96,29,0.009273,0.000283,0.003099
96,30,0.009553,0.000276,0.003192
96,31,0.009825,0.000268,0.003284
96,32,0.010089,0.000260,0.003373
96,33,0.010344,0.000251,0.003459
96,34,0.010590,0.000241,0.003541
96,35,0.010826,0.000230,0.003621
96,36,0.011050,0.000219,0.003696
96,37,0.011263,0.000207,0.003768
96,38,0.011464,0.000194,0.003836
96,39,0.011651,0.000180,0.003899
96,40,0.011824,0.000166,0.003957
96,41,0.011984,0.000151,0.004011
96,42,0.012127,0.000136,0.004060
96,43,0.012255,0.000120,0.004103
96,44,0.012367,0.000103,0.004141
96,45,0.012462,0.000087,0.004173
96,46,0.012540,0.000069,0.004199
96,47,0.012601,0.000052,0.004219
96,48,0.012643,0.000034,0.004234
96,49,0.012668,0.000016,0.004242
96,50,0.012675,-0.000002,0.004245
96,51,0.012663,-0.000021,0.004241
96,52,0.012633,-0.000039,0.004231
96,53,0.012586,-0.000057,0.004214
96,54,0.012520,-0.000074,0.004192
96,55,0.012437,-0.000092,0.004164
96,56,0.012337,-0.000109,0.004131
96,57,0.012220,-0.000125,0.004091
96,58,0.012087,-0.000141,0.004046
96,59,0.011938,-0.000157,0.003996
96,60,0.011774,-0.000171,0.003940
96,61,0.011595,-0.000186,0.003880
96,62,0.011402,-0.000199,0.003815
96,63,0.011197,-0.000212,0.003746
96,64,0.010978,-0.000224,0.003672
96,65,0.010748,-0.000236,0.003595
96,66,0.010507,-0.000246,0.003514
96,67,0.010256,-0.000256,0.003429
96,68,0.009995,-0.000265,0.003341
96,69,0.009725,-0.000274,0.003251
96,70,0.009447,-0.000282,0.003157
96,71,0.009161,-0.000289,0.003061
96,72,0.008869,-0.000295,0.002963
96,73,0.008571,-0.000301,0.002863
96,74,0.008267,-0.000306,0.002761
96,75,0.007958,-0.000311,0.002658
96,76,0.007645,-0.000315,0.002553
96,77,0.007328,-0.000319,0.002447
96,78,0.007008,-0.000322,0.002339
96,79,0.006685,-0.000325,0.002231
96,80,0.006359,-0.000327,0.002122
96,81,0.006031,-0.000329,0.002013
96,82,0.005701,-0.000331,0.001902
96,83,0.005370,-0.000332,0.001792
96,84,0.005037,-0.000333,0.001680
96,85,0.004704,-0.000334,0.001569
96,86,0.004369,-0.000335,0.001457
96,87,0.004034,-0.000335,0.001345
96,88,0.003699,-0.000336,0.001234
96,89,0.003363,-0.000336,0.001121
96,90,0.003027,-0.000336,0.001009
96,91,0.002691,-0.000336,0.000897
96,92,0.002354,-0.000336,0.000785
96,93,0.002018,-0.000336,0.000673
96,94,0.001682,-0.000336,0.000561
96,95,0.001345,-0.000336,0.000448
96,96,0.001009,-0.000336,0.000336
96,97,0.000673,-0.000336,0.000224
96,98,0.000336,-0.000336,0.000112
96,99,0.000000,0.000000,-0.000000
97,0,0.000000,0.000000,-0.000000
97,1,0.000218,0.000218,0.000109
97,2,0.000436,0.000218,0.000218
97,3,0.000654,0.000218,0.000327
97,4,0.000873,0.000218,0.000436
97,5,0.001091,0.000218,0.000545
97,6,0.001309,0.000218,0.000655
97,7,0.001528,0.000218,0.000764
97,8,0.001746,0.000218,0.000873
97,9,0.001965,0.000219,0.000982
97,10,0.002183,0.000218,0.001092
97,11,0.002402,0.000218,0.001201
97,12,0.002620,0.000218,0.001310
97,13,0.002838,0.000218,0.001419
97,14,0.003056,0.000218,0.001528
97,15,0.003274,0.000217,0.001637
97,16,0.003491,0.000217,0.001746
97,17,0.003708,0.000216,0.001854
97,18,0.003923,0.000215,0.001962
97,19,0.004138,0.000214,0.002070
97,20,0.004352,0.000213,0.002177
97,21,0.004564,0.000212,0.002283
97,22,0.004775,0.000210,0.002389
97,23,0.004984,0.000208,0.002494
97,24,0.005190,0.000205,0.002597
97,25,0.005394,0.000203,0.002700
97,26,0.005596,0.000200,0.002800
97,27,0.005794,0.000196,0.002900
97,28,0.005988,0.000192,0.002997
97,29,0.006178,0.000188,0.003093
97,30,0.006364,0.000183,0.003186
97,31,0.006545,0.000178,0.003277
97,32,0.006721,0.000173,0.003365
97,33,0.006891,0.000167,0.003450
97,34,0.007054,0.000160,0.003532
97,35,0.007211,0.000153,0.003611
97,36,0.007360,0.000145,0.003686
97,37,0.007502,0.000137,0.003757
97,38,0.007635,0.000129,0.003824
97,39,0.007759,0.000120,0.003887
97,40,0.007875,0.000110,0.003945
97,41,0.007980,0.000101,0.003998
97,42,0.008076,0.000090,0.004046
97,43,0.008161,0.000080,0.004089
97,44,0.008235,0.000069,0.004126
97,45,0.008298,0.000057,0.004158
97,46,0.008350,0.000046,0.004184
97,47,0.008390,0.000034,0.004204
97,48,0.008419,0.000022,0.004219
97,49,0.008435,0.000010,0.004227
97,50,0.008440,-0.000002,0.004229
97,51,0.008432,-0.000014,0.004225
97,52,0.008412,-0.000026,0.004215
97,53,0.008380,-0.000038,0.004199
97,54,0.008337,-0.000049,0.004177
97,55,0.008282,-0.000061,0.004150
97,56,0.008215,-0.000072,0.004116
97,57,0.008138,-0.000083,0.004077
97,58,0.008049,-0.000094,0.004033
97,59,0.007950,-0.000104,0.003983
97,60,0.007841,-0.000114,0.003928
97,61,0.007722,-0.000123,0.003868
97,62,0.007594,-0.000132,0.003804
97,63,0.007457,-0.000141,0.003735
97,64,0.007312,-0.000149,0.003662
97,65,0.007159,-0.000157,0.003585
97,66,0.006999,-0.000164,0.003505
97,67,0.006831,-0.000170,0.003421
97,68,0.006658,-0.000177,0.003334
97,69,0.006478,-0.000182,0.003243
97,70,0.006294,-0.000187,0.003151
97,71,0.006104,-0.000192,0.003055
97,72,0.005909,-0.000196,0.002958
97,73,0.005711,-0.000200,0.002858
97,74,0.005508,-0.000204,0.002757
97,75,0.005303,-0.000207,0.002654
97,76,0.005095,-0.000210,0.002549
97,77,0.004883,-0.000212,0.002444
97,78,0.004670,-0.000214,0.002337
97,79,0.004455,-0.000216,0.002229
97,80,0.004238,-0.000218,0.002120
97,81,0.004019,-0.000219,0.002011
97,82,0.003800,-0.000220,0.001901
97,83,0.003579,-0.000221,0.001790
97,84,0.003358,-0.000222,0.001679
97,85,0.003135,-0.000223,0.001568
97,86,0.002912,-0.000223,0.001457
97,87,0.002689,-0.000223,0.001345
97,88,0.002466,-0.000224,0.001233
97,89,0.002242,-0.000224,0.001121
97,90,0.002018,-0.000224,0.001009
97,91,0.001794,-0.000224,0.000897
97,92,0.001570,-0.000224,0.000785
97,93,0.001345,-0.000224,0.000673
97,94,0.001121,-0.000224,0.000561
97,95,0.000897,-0.000224,0.000448
97,96,0.000673,-0.000224,0.000336
97,97,0.000448,-0.000224,0.000224
97,98,0.000224,-0.000224,0.000112
97,99,0.000000,0.000000,-0.000000
98,0,0.000000,0.000000,-0.000000
98,1,0.000109,0.000109,0.000109
98,2,0.000218,0.000109,0.000218
98,3,0.000327,0.000109,0.000327
98,4,0.000436,0.000109,0.000436
98,5,0.000545,0.000109,0.000545
98,6,0.000655,0.000109,0.000655
98,7,0.000764,0.000109,0.000764
98,8,0.000873,0.000109,0.000873
98,9,0.000982,0.000109,0.000982
98,10,0.001092,0.000109,0.001092
98,11,0.001201,0.000109,0.001201
98,12,0.001310,0.000109,0.001310
98,13,0.001419,0.000109,0.001419
98,14,0.001528,0.000109,0.001528
98,15,0.001637,0.000109,0.001637
98,16,0.001745,0.000108,0.001745
98,17,0.001854,0.000108,0.001854
98,18,0.001961,0.000108,0.001962
98,19,0.002069,0.000107,0.002069
98,20,0.002176,0.000106,0.002176
98,21,0.002282,0.000106,0.002282
98,22,0.002387,0.000105,0.002387
98,23,0.002491,0.000104,0.002492
98,24,0.002594,0.000103,0.002595
98,25,0.002696,0.000101,0.002697
98,26,0.002797,0.000100,0.002798
98,27,0.002896,0.000098,0.002897
98,28,0.002993,0.000096,0.002994
98,29,0.003088,0.000094,0.003089
98,30,0.003181,0.000092,0.003182
98,31,0.003271,0.000089,0.003273
98,32,0.003359,0.000086,0.003360
98,33,0.003444,0.000083,0.003445
98,34,0.003525,0.000080,0.003527
98,35,0.003604,0.000076,0.003605
98,36,0.003678,0.000073,0.003680
98,37,0.003749,0.000069,0.003751
98,38,0.003815,0.000064,0.003817
98,39,0.003877,0.000060,0.003880
98,40,0.003935,0.000055,0.003937
98,41,0.003988,0.000050,0.003990
98,42,0.004035,0.000045,0.004038
98,43,0.004078,0.000040,0.004080
98,44,0.004115,0.000034,0.004118
98,45,0.004146,0.000029,0.004149
98,46,0.004172,0.000023,0.004175
98,47,0.004192,0.000017,0.004195
98,48,0.004206,0.000011,0.004209
98,49,0.004214,0.000005,0.004218
98,50,0.004217,-0.000001,0.004220
98,51,0.004213,-0.000007,0.004216
98,52,0.004203,-0.000013,0.004206
98,53,0.004187,-0.000019,0.004190
98,54,0.004165,-0.000025,0.004168
98,55,0.004138,-0.000030,0.004141
98,56,0.004105,-0.000036,0.004108
98,57,0.004066,-0.000041,0.004069
98,58,0.004022,-0.000047,0.004025
98,59,0.003972,-0.000052,0.003975
98,60,0.003918,-0.000057,0.003920
98,61,0.003859,-0.000062,0.003861
98,62,0.003795,-0.000066,0.003797
98,63,0.003727,-0.000070,0.003729
98,64,0.003654,-0.000074,0.003656
98,65,0.003578,-0.000078,0.003580
98,66,0.003498,-0.000082,0.003499
98,67,0.003414,-0.000085,0.003416
98,68,0.003327,-0.000088,0.003329
98,69,0.003238,-0.000091,0.003239
98,70,0.003145,-0.000094,0.003147
98,71,0.003051,-0.000096,0.003052
98,72,0.002953,-0.000098,0.002955
98,73,0.002854,-0.000100,0.002855
98,74,0.002753,-0.000102,0.002754
98,75,0.002651,-0.000103,0.002651
98,76,0.002547,-0.000105,0.002547
98,77,0.002441,-0.000106,0.002442
98,78,0.002335,-0.000107,0.002335
98,79,0.002227,-0.000108,0.002227
98,80,0.002119,-0.000109,0.002119
98,81,0.002009,-0.000109,0.002010
98,82,0.001900,-0.000110,0.001900
98,83,0.001789,-0.000111,0.001790
98,84,0.001679,-0.000111,0.001679
98,85,0.001567,-0.000111,0.001568
98,86,0.001456,-0.000111,0.001456
98,87,0.001344,-0.000112,0.001345
98,88,0.001233,-0.000112,0.001233
98,89,0.001121,-0.000112,0.001121
98,90,0.001009,-0.000112,0.001009
98,91,0.000897,-0.000112,0.000897
98,92,0.000785,-0.000112,0.000785
98,93,0.000673,-0.000112,0.000673
98,94,0.000561,-0.000112,0.000561
98,95,0.000448,-0.000112,0.000448
98,96,0.000336,-0.000112,0.000336
98,97,0.000224,-0.000112,0.000224
98,98,0.000112,-0.000112,0.000112
98,99,0.000000,0.000000,-0.000000
99,0,0.000000,0.000000,0.000000
99,1,0.000000,0.000000,0.000000
99,2,0.000000,0.000000,0.000000
99,3,0.000000,0.000000,0.000000
99,4,0.000000,0.000000,0.000000
99,5,0.000000,0.000000,0.000000
99,6,0.000000,0.000000,0.000000
99,7,0.000000,0.000000,0.000000
99,8,0.000000,0.000000,0.000000
99,9,0.000000,0.000000,0.000000
99,10,0.000000,0.000000,0.000000
99,11,0.000000,0.000000,0.000000
99,12,0.000000,0.000000,0.000000
99,13,0.000000,0.000000,0.000000
99,14,0.000000,0.000000,0.000000
99,15,0.000000,0.000000,0.000000
99,16,0.000000,0.000000,0.000000
99,17,0.000000,0.000000,0.000000
99,18,0.000000,0.000000,0.000000
99,19,0.000000,0.000000,0.000000
99,20,0.000000,0.000000,0.000000
99,21,0.000000,0.000000,0.000000
99,22,0.000000,0.000000,0.000000
99,23,0.000000,0.000000,0.000000
99,24,0.000000,0.000000,0.000000
99,25,0.000000,0.000000,0.000000
99,26,0.000000,0.000000,0.000000
99,27,0.000000,0.000000,0.000000
99,28,0.000000,0.000000,0.000000
99,29,0.000000,0.000000,0.000000
99,30,0.000000,0.000000,0.000000
99,31,0.000000,0.000000,0.000000
99,32,0.000000,0.000000,0.000000
99,33,0.000000,0.000000,0.000000
99,34,0.000000,0.000000,0.000000
99,35,0.000000,0.000000,0.000000
99,36,0.000000,0.000000,0.000000
99,37,0.000000,0.000000,0.000000
99,38,0.000000,0.000000,0.000000
99,39,0.000000,0.000000,0.000000
99,40,0.000000,0.000000,0.000000
99,41,0.000000,0.000000,0.000000
99,42,0.000000,0.000000,0.000000
99,43,0.000000,0.000000,0.000000
99,44,0.000000,0.000000,0.000000
99,45,0.000000,0.000000,0.000000
99,46,0.000000,0.000000,0.000000
99,47,0.000000,0.000000,0.000000
99,48,0.000000,0.000000,0.000000
99,49,0.000000,0.000000,0.000000
99,50,0.000000,0.000000,0.000000
99,51,0.000000,0.000000,0.000000
99,52,0.000000,0.000000,0.000000
99,53,0.000000,0.000000,0.000000
99,54,0.000000,0.000000,0.000000
99,55,0.000000,0.000000,0.000000
99,56,0.000000,0.000000,0.000000
99,57,0.000000,0.000000,0.000000
99,58,0.000000,0.000000,0.000000
99,59,0.000000,0.000000,0.000000
99,60,0.000000,0.000000,0.000000
99,61,0.000000,0.000000,0.000000
99,62,0.000000,0.000000,0.000000
99,63,0.000000,0.000000,0.000000
99,64,0.000000,0.000000,0.000000
99,65,0.000000,0.000000,0.000000
99,66,0.000000,0.000000,0.000000
99,67,0.000000,0.000000,0.000000
99,68,0.000000,0.000000,0.000000
99,69,0.000000,0.000000,0.000000
99,70,0.000000,0.000000,0.000000
99,71,0.000000,0.000000,0.000000
99,72,0.000000,0.000000,0.000000
99,73,0.000000,0.000000,0.000000
99,74,0.000000,0.000000,0.000000
99,75,0.000000,0.000000,0.000000
99,76,0.000000,0.000000,0.000000
99,77,0.000000,0.000000,0.000000
99,78,0.000000,0.000000,0.000000
99,79,0.000000,0.000000,0.000000
99,80,0.000000,0.000000,0.000000
99,81,0.000000,0.000000,0.000000
99,82,0.000000,0.000000,0.000000
99,83,0.000000,0.000000,0.000000
99,84,0.000000,0.000000,0.000000
99,85,0.000000,0.000000,0.000000
99,86,0.000000,0.000000,0.000000
99,87,0.000000,0.000000,0.000000
99,88,0.000000,0.000000,0.000000
99,89,0.000000,0.000000,0.000000
99,90,0.000000,0.000000,0.000000
99,91,0.000000,0.000000,0.000000
99,92,0.000000,0.000000,0.000000
99,93,0.000000,0.000000,0.000000
99,94,0.000000,0.000000,0.000000
99,95,0.000000,0.000000,0.000000
99,96,0.000000,0.000000,0.000000
99,97,0.000000,0.000000,0.000000
99,98,0.000000,0.000000,0.000000
99,99,0.000000,0.000000,0.000000
