r,phi,E_mag
2.2361,0.032082,0.016575
2.2361,0.032081,0.016576
2.2361,0.032080,0.016576
2.2361,0.032082,0.016575
2.2361,0.032081,0.016576
2.2361,0.032080,0.016576
2.2361,0.032080,0.016576
2.2361,0.032082,0.016575
2.2361,0.032080,0.016576
2.2361,0.032080,0.016576
2.2361,0.032082,0.016575
2.2361,0.032081,0.016576
2.2361,0.032083,0.016575
2.2361,0.032081,0.016576
2.2361,0.032083,0.016575
2.2361,0.032081,0.016576
2.2361,0.032083,0.016575
2.2361,0.032082,0.016575
2.2361,0.032083,0.016575
2.2361,0.032083,0.016575
2.2361,0.032082,0.016575
2.2361,0.032080,0.016576
2.2361,0.032081,0.016576
2.2361,0.032083,0.016575
2.4495,0.028119,0.011959
2.4495,0.028118,0.011960
2.4495,0.028119,0.011959
2.4495,0.028119,0.011959
2.4495,0.028119,0.011959
2.4495,0.028120,0.011958
2.4495,0.028119,0.011959
2.4495,0.028119,0.011959
2.4495,0.028119,0.011959
2.4495,0.028120,0.011958
2.4495,0.028120,0.011958
2.4495,0.028120,0.011958
2.4495,0.028119,0.011959
2.4495,0.028121,0.011958
2.4495,0.028119,0.011959
2.4495,0.028119,0.011959
2.4495,0.028121,0.011958
2.4495,0.028119,0.011959
2.4495,0.028120,0.011958
2.4495,0.028118,0.011960
2.4495,0.028119,0.011959
2.4495,0.028120,0.011958
2.4495,0.028118,0.011960
2.4495,0.028121,0.011958
2.8284,0.024212,0.009787
2.8284,0.024214,0.009786
2.8284,0.024214,0.009786
2.8284,0.024215,0.009785
2.8284,0.024212,0.009787
2.8284,0.024212,0.009787
2.8284,0.024214,0.009786
2.8284,0.024214,0.009786
2.8284,0.024215,0.009785
2.8284,0.024214,0.009786
2.8284,0.024214,0.009786
2.8284,0.024215,0.009785
3.0000,0.022318,0.008093
3.0000,0.022317,0.008093
3.0000,0.022315,0.008094
3.0000,0.023702,0.011288
3.0000,0.023702,0.011288
3.0000,0.022315,0.008094
3.0000,0.022317,0.008093
3.0000,0.022319,0.008093
3.0000,0.022319,0.008093
3.0000,0.022319,0.008092
3.0000,0.022319,0.008092
3.0000,0.022317,0.008093
3.0000,0.023702,0.011288
3.0000,0.022319,0.008093
3.0000,0.023705,0.011287
3.0000,0.023705,0.011287
3.0000,0.022319,0.008092
3.0000,0.022316,0.008093
3.0000,0.022318,0.008093
3.0000,0.022318,0.008093
3.0000,0.022317,0.008093
3.0000,0.022317,0.008093
3.0000,0.022318,0.008093
3.0000,0.022315,0.008094
3.0000,0.023705,0.011287
3.0000,0.022317,0.008093
3.0000,0.022318,0.008093
3.0000,0.022316,0.008093
3.0000,0.022318,0.008093
3.0000,0.022316,0.008093
3.1623,0.021687,0.008635
3.1623,0.021684,0.008636
3.1623,0.021684,0.008636
3.1623,0.021685,0.008636
3.1623,0.021688,0.008635
3.1623,0.021688,0.008635
3.1623,0.021685,0.008636
3.1623,0.021685,0.008636
3.1623,0.021685,0.008636
3.1623,0.021688,0.008635
3.1623,0.021688,0.008635
3.1623,0.021684,0.008636
3.1623,0.021687,0.008635
3.1623,0.021687,0.008635
3.1623,0.021688,0.008635
3.1623,0.021688,0.008635
3.1623,0.021685,0.008636
3.1623,0.021685,0.008636
3.1623,0.021687,0.008635
3.1623,0.021684,0.008636
3.1623,0.021684,0.008636
3.1623,0.021684,0.008636
3.1623,0.021687,0.008635
3.1623,0.021687,0.008635
3.3166,0.020195,0.007226
3.3166,0.020197,0.007225
3.3166,0.020198,0.007225
3.3166,0.020194,0.007226
3.3166,0.020195,0.007226
3.3166,0.020197,0.007225
3.3166,0.020196,0.007225
3.3166,0.020193,0.007226
3.3166,0.020197,0.007225
3.3166,0.020194,0.007226
3.3166,0.020197,0.007225
3.3166,0.020196,0.007225
3.3166,0.020198,0.007225
3.3166,0.020194,0.007226
3.3166,0.020194,0.007226
3.3166,0.020198,0.007225
3.3166,0.020193,0.007226
3.3166,0.020193,0.007226
3.3166,0.020194,0.007226
3.3166,0.020197,0.007225
3.3166,0.020196,0.007225
3.3166,0.020197,0.007225
3.3166,0.020195,0.007226
3.3166,0.020194,0.007226
3.4641,0.018819,0.006060
3.4641,0.018817,0.006061
3.4641,0.018816,0.006061
3.4641,0.018819,0.006060
3.4641,0.018819,0.006060
3.4641,0.018821,0.006060
3.4641,0.018817,0.006061
3.4641,0.018817,0.006061
3.6056,0.018244,0.006121
3.6056,0.018240,0.006122
3.6056,0.018243,0.006122
3.6056,0.018244,0.006121
3.6056,0.018244,0.006121
3.6056,0.018243,0.006122
3.6056,0.018242,0.006122
3.6056,0.018240,0.006122
3.6056,0.018244,0.006121
3.6056,0.018242,0.006122
3.6056,0.018242,0.006122
3.6056,0.018243,0.006122
3.6056,0.018240,0.006122
3.6056,0.018240,0.006122
3.6056,0.018244,0.006121
3.6056,0.018240,0.006122
3.6056,0.018243,0.006122
3.6056,0.018242,0.006122
3.6056,0.018243,0.006122
3.6056,0.018240,0.006122
3.6056,0.018242,0.006122
3.6056,0.018244,0.006121
3.6056,0.018243,0.006122
3.6056,0.018242,0.006122
3.7417,0.017326,0.005469
3.7417,0.017329,0.005468
3.7417,0.017329,0.005468
3.7417,0.017328,0.005468
3.7417,0.017331,0.005467
3.7417,0.017329,0.005468
3.7417,0.017330,0.005468
3.7417,0.017329,0.005468
3.7417,0.017328,0.005468
3.7417,0.017327,0.005468
3.7417,0.017329,0.005468
3.7417,0.017327,0.005468
3.7417,0.017331,0.005467
3.7417,0.017331,0.005467
3.7417,0.017326,0.005469
3.7417,0.017328,0.005468
3.7417,0.017329,0.005468
3.7417,0.017326,0.005469
3.7417,0.017327,0.005468
3.7417,0.017330,0.005468
3.7417,0.017326,0.005469
3.7417,0.017328,0.005468
3.7417,0.017326,0.005469
3.7417,0.017331,0.005467
3.7417,0.017329,0.005468
3.7417,0.017328,0.005468
3.7417,0.017327,0.005468
3.7417,0.017329,0.005468
3.7417,0.017327,0.005468
3.7417,0.017331,0.005467
3.7417,0.017330,0.005468
3.7417,0.017330,0.005468
3.7417,0.017329,0.005468
3.7417,0.017330,0.005468
3.7417,0.017331,0.005467
3.7417,0.017331,0.005467
3.7417,0.017331,0.005467
3.7417,0.017329,0.005468
3.7417,0.017331,0.005467
3.7417,0.017326,0.005469
3.7417,0.017329,0.005468
3.7417,0.017331,0.005467
3.7417,0.017330,0.005468
3.7417,0.017331,0.005467
3.7417,0.017331,0.005467
3.7417,0.017328,0.005468
3.7417,0.017327,0.005468
3.7417,0.017329,0.005468
4.0000,0.016462,0.005706
4.0000,0.016466,0.005705
4.0000,0.016466,0.005705
4.0000,0.016462,0.005706
4.0000,0.016466,0.005705
4.0000,0.016462,0.005706
4.1231,0.015699,0.005025
4.1231,0.015699,0.005025
4.1231,0.015321,0.004420
4.1231,0.015322,0.004420
4.1231,0.015318,0.004421
4.1231,0.015319,0.004421
4.1231,0.015319,0.004421
4.1231,0.015320,0.004421
4.1231,0.015321,0.004420
4.1231,0.015318,0.004421
4.1231,0.015696,0.005026
4.1231,0.015322,0.004420
4.1231,0.015322,0.004420
4.1231,0.015316,0.004422
4.1231,0.015321,0.004420
4.1231,0.015696,0.005026
4.1231,0.015699,0.005025
4.1231,0.015316,0.004422
4.1231,0.015321,0.004420
4.1231,0.015318,0.004421
4.1231,0.015318,0.004421
4.1231,0.015698,0.005025
4.1231,0.015695,0.005027
4.1231,0.015321,0.004420
4.1231,0.015698,0.005025
4.1231,0.015318,0.004421
4.1231,0.015316,0.004422
4.1231,0.015698,0.005025
4.1231,0.015699,0.005025
4.1231,0.015698,0.005025
4.1231,0.015695,0.005027
4.1231,0.015696,0.005026
4.1231,0.015319,0.004421
4.1231,0.015318,0.004421
4.1231,0.015695,0.005027
4.1231,0.015696,0.005026
4.1231,0.015321,0.004420
4.1231,0.015320,0.004421
4.1231,0.015699,0.005025
4.1231,0.015698,0.005025
4.1231,0.015696,0.005026
4.1231,0.015320,0.004421
4.1231,0.015699,0.005025
4.1231,0.015695,0.005027
4.1231,0.015695,0.005027
4.1231,0.015696,0.005026
4.1231,0.015698,0.005025
4.1231,0.015695,0.005027
4.2426,0.015050,0.004557
4.2426,0.015049,0.004557
4.2426,0.014894,0.004349
4.2426,0.015051,0.004556
4.2426,0.015046,0.004558
4.2426,0.015050,0.004557
4.2426,0.015051,0.004556
4.2426,0.015045,0.004558
4.2426,0.015049,0.004557
4.2426,0.015050,0.004557
4.2426,0.015047,0.004557
4.2426,0.015051,0.004556
4.2426,0.015047,0.004557
4.2426,0.015049,0.004557
4.2426,0.014892,0.004350
4.2426,0.015050,0.004557
4.2426,0.015045,0.004558
4.2426,0.014897,0.004349
4.2426,0.014894,0.004349
4.2426,0.015050,0.004557
4.2426,0.015046,0.004558
4.2426,0.015050,0.004557
4.2426,0.015046,0.004558
4.2426,0.015046,0.004558
4.2426,0.014892,0.004350
4.2426,0.015046,0.004558
4.2426,0.015047,0.004557
4.2426,0.015046,0.004558
4.2426,0.014897,0.004349
4.2426,0.014894,0.004349
4.2426,0.014897,0.004349
4.2426,0.014894,0.004349
4.2426,0.015045,0.004558
4.2426,0.014892,0.004350
4.2426,0.014894,0.004349
4.2426,0.014894,0.004349
4.3589,0.014353,0.004041
4.3589,0.014352,0.004041
4.3589,0.014348,0.004042
4.3589,0.014348,0.004042
4.3589,0.014348,0.004042
4.3589,0.014349,0.004041
4.3589,0.014349,0.004041
4.3589,0.014350,0.004041
4.3589,0.014350,0.004041
4.3589,0.014350,0.004041
4.3589,0.014353,0.004041
4.3589,0.014349,0.004041
4.3589,0.014349,0.004041
4.3589,0.014350,0.004041
4.3589,0.014347,0.004042
4.3589,0.014347,0.004042
4.3589,0.014352,0.004041
4.3589,0.014347,0.004042
4.3589,0.014350,0.004041
4.3589,0.014350,0.004041
4.3589,0.014352,0.004041
4.3589,0.014349,0.004041
4.3589,0.014353,0.004041
4.3589,0.014349,0.004041
4.4721,0.014024,0.004032
4.4721,0.014025,0.004032
4.4721,0.014024,0.004032
4.4721,0.014024,0.004032
4.4721,0.014024,0.004032
4.4721,0.014025,0.004032
4.4721,0.014024,0.004032
4.4721,0.014027,0.004031
4.4721,0.014027,0.004031
4.4721,0.014025,0.004032
4.4721,0.014027,0.004031
4.4721,0.014027,0.004031
4.4721,0.014029,0.004031
4.4721,0.014029,0.004031
4.4721,0.014029,0.004031
4.4721,0.014027,0.004031
4.4721,0.014025,0.004032
4.4721,0.014029,0.004031
4.4721,0.014025,0.004032
4.4721,0.014029,0.004031
4.4721,0.014025,0.004032
4.4721,0.014029,0.004031
4.4721,0.014027,0.004031
4.4721,0.014024,0.004032
4.5826,0.013548,0.003761
4.5826,0.013550,0.003760
4.5826,0.013547,0.003761
4.5826,0.013549,0.003760
4.5826,0.013552,0.003760
4.5826,0.013551,0.003760
4.5826,0.013546,0.003761
4.5826,0.013547,0.003761
4.5826,0.013547,0.003761
4.5826,0.013549,0.003760
4.5826,0.013547,0.003761
4.5826,0.013551,0.003760
4.5826,0.013547,0.003761
4.5826,0.013551,0.003760
4.5826,0.013551,0.003760
4.5826,0.013548,0.003761
4.5826,0.013547,0.003761
4.5826,0.013550,0.003760
4.5826,0.013551,0.003760
4.5826,0.013548,0.003761
4.5826,0.013552,0.003760
4.5826,0.013547,0.003761
4.5826,0.013548,0.003761
4.5826,0.013552,0.003760
4.5826,0.013552,0.003760
4.5826,0.013547,0.003761
4.5826,0.013549,0.003760
4.5826,0.013548,0.003761
4.5826,0.013546,0.003761
4.5826,0.013546,0.003761
4.5826,0.013548,0.003761
4.5826,0.013552,0.003760
4.5826,0.013549,0.003760
4.5826,0.013550,0.003760
4.5826,0.013547,0.003761
4.5826,0.013552,0.003760
4.5826,0.013549,0.003760
4.5826,0.013547,0.003761
4.5826,0.013549,0.003760
4.5826,0.013550,0.003760
4.5826,0.013547,0.003761
4.5826,0.013547,0.003761
4.5826,0.013550,0.003760
4.5826,0.013546,0.003761
4.5826,0.013546,0.003761
4.5826,0.013546,0.003761
4.5826,0.013551,0.003760
4.5826,0.013550,0.003760
4.6904,0.013042,0.003440
4.6904,0.013038,0.003441
4.6904,0.013037,0.003441
4.6904,0.013039,0.003441
4.6904,0.013042,0.003440
4.6904,0.013041,0.003440
4.6904,0.013039,0.003441
4.6904,0.013039,0.003441
4.6904,0.013044,0.003440
4.6904,0.013038,0.003441
4.6904,0.013037,0.003441
4.6904,0.013044,0.003440
4.6904,0.013038,0.003441
4.6904,0.013039,0.003441
4.6904,0.013041,0.003440
4.6904,0.013041,0.003440
4.6904,0.013041,0.003440
4.6904,0.013041,0.003440
4.6904,0.013042,0.003440
4.6904,0.013039,0.003441
4.6904,0.013039,0.003441
4.6904,0.013044,0.003440
4.6904,0.013041,0.003440
4.6904,0.013037,0.003441
4.8990,0.012383,0.003223
4.8990,0.012383,0.003223
4.8990,0.012383,0.003223
4.8990,0.012385,0.003222
4.8990,0.012382,0.003223
4.8990,0.012383,0.003223
4.8990,0.012387,0.003222
4.8990,0.012387,0.003222
4.8990,0.012382,0.003223
4.8990,0.012385,0.003222
4.8990,0.012389,0.003222
4.8990,0.012385,0.003222
4.8990,0.012385,0.003222
4.8990,0.012383,0.003223
4.8990,0.012385,0.003222
4.8990,0.012387,0.003222
4.8990,0.012389,0.003222
4.8990,0.012387,0.003222
4.8990,0.012385,0.003222
4.8990,0.012387,0.003222
4.8990,0.012383,0.003223
4.8990,0.012387,0.003222
4.8990,0.012382,0.003223
4.8990,0.012389,0.003222
5.0000,0.012092,0.003144
5.0000,0.012090,0.003144
5.0000,0.012090,0.003144
5.0000,0.012094,0.003143
5.0000,0.012088,0.003144
5.0000,0.012092,0.003144
5.0000,0.012088,0.003144
5.0000,0.012290,0.003442
5.0000,0.012290,0.003442
5.0000,0.012295,0.003441
5.0000,0.012090,0.003144
5.0000,0.012094,0.003143
5.0000,0.012094,0.003143
5.0000,0.012295,0.003441
5.0000,0.012290,0.003442
5.0000,0.012090,0.003144
5.0000,0.012092,0.003144
5.0000,0.012088,0.003144
5.0000,0.012094,0.003143
5.0000,0.012088,0.003144
5.0000,0.012092,0.003144
5.0000,0.012094,0.003143
5.0000,0.012092,0.003144
5.0000,0.012295,0.003441
5.0000,0.012094,0.003143
5.0000,0.012090,0.003144
5.0000,0.012090,0.003144
5.0000,0.012088,0.003144
5.0000,0.012092,0.003144
5.0000,0.012088,0.003144
5.0990,0.011769,0.002990
5.0990,0.011769,0.002990
5.0990,0.011767,0.002991
5.0990,0.011936,0.003220
5.0990,0.011766,0.002991
5.0990,0.011936,0.003220
5.0990,0.011767,0.002991
5.0990,0.011769,0.002990
5.0990,0.011769,0.002990
5.0990,0.011931,0.003222
5.0990,0.011936,0.003220
5.0990,0.011932,0.003221
5.0990,0.011769,0.002990
5.0990,0.011937,0.003220
5.0990,0.011937,0.003220
5.0990,0.011769,0.002990
5.0990,0.011765,0.002991
5.0990,0.011936,0.003220
5.0990,0.011766,0.002991
5.0990,0.011763,0.002991
5.0990,0.011763,0.002991
5.0990,0.011762,0.002991
5.0990,0.011763,0.002991
5.0990,0.011766,0.002991
5.0990,0.011937,0.003220
5.0990,0.011767,0.002991
5.0990,0.011763,0.002991
5.0990,0.011767,0.002991
5.0990,0.011766,0.002991
5.0990,0.011937,0.003220
5.0990,0.011769,0.002990
5.0990,0.011769,0.002990
5.0990,0.011932,0.003221
5.0990,0.011931,0.003222
5.0990,0.011932,0.003221
5.0990,0.011766,0.002991
5.0990,0.011769,0.002990
5.0990,0.011767,0.002991
5.0990,0.011766,0.002991
5.0990,0.011762,0.002991
5.0990,0.011762,0.002991
5.0990,0.011765,0.002991
5.0990,0.011931,0.003222
5.0990,0.011762,0.002991
5.0990,0.011931,0.003222
5.0990,0.011766,0.002991
5.0990,0.011932,0.003221
5.0990,0.011769,0.002990
5.0990,0.011931,0.003222
5.0990,0.011762,0.002991
5.0990,0.011936,0.003220
5.0990,0.011769,0.002990
5.0990,0.011766,0.002991
5.0990,0.011932,0.003221
5.0990,0.011937,0.003220
5.0990,0.011766,0.002991
5.0990,0.011763,0.002991
5.0990,0.011765,0.002991
5.0990,0.011769,0.002990
5.0990,0.011766,0.002991
5.0990,0.011931,0.003222
5.0990,0.011762,0.002991
5.0990,0.011767,0.002991
5.0990,0.011765,0.002991
5.0990,0.011766,0.002991
5.0990,0.011932,0.003221
5.0990,0.011766,0.002991
5.0990,0.011763,0.002991
5.0990,0.011937,0.003220
5.0990,0.011936,0.003220
5.0990,0.011765,0.002991
5.0990,0.011765,0.002991
5.1962,0.011606,0.003041
5.1962,0.011605,0.003041
5.1962,0.011600,0.003042
5.1962,0.011414,0.002807
5.1962,0.011600,0.003042
5.1962,0.011600,0.003042
5.1962,0.011599,0.003042
5.1962,0.011600,0.003042
5.1962,0.011417,0.002806
5.1962,0.011601,0.003042
5.1962,0.011599,0.003042
5.1962,0.011600,0.003042
5.1962,0.011604,0.003041
5.1962,0.011417,0.002806
5.1962,0.011606,0.003041
5.1962,0.011601,0.003042
5.1962,0.011599,0.003042
5.1962,0.011605,0.003041
5.1962,0.011414,0.002807
5.1962,0.011420,0.002806
5.1962,0.011605,0.003041
5.1962,0.011417,0.002806
5.1962,0.011605,0.003041
5.1962,0.011604,0.003041
5.1962,0.011412,0.002807
5.1962,0.011605,0.003041
5.1962,0.011605,0.003041
5.1962,0.011606,0.003041
5.1962,0.011600,0.003042
5.1962,0.011414,0.002807
5.1962,0.011601,0.003042
5.1962,0.011604,0.003041
5.3852,0.010922,0.002647
5.3852,0.011028,0.002788
5.3852,0.010920,0.002647
5.3852,0.010920,0.002647
5.3852,0.011026,0.002788
5.3852,0.010922,0.002647
5.3852,0.010918,0.002648
5.3852,0.011031,0.002787
5.3852,0.010916,0.002648
5.3852,0.011026,0.002788
5.3852,0.010922,0.002647
5.3852,0.011028,0.002788
5.3852,0.010918,0.002648
5.3852,0.010916,0.002648
5.3852,0.011031,0.002787
5.3852,0.011028,0.002788
5.3852,0.010919,0.002647
5.3852,0.011031,0.002787
5.3852,0.011033,0.002786
5.3852,0.011033,0.002786
5.3852,0.010914,0.002648
5.3852,0.011033,0.002786
5.3852,0.010918,0.002648
5.3852,0.010919,0.002647
5.3852,0.010918,0.002648
5.3852,0.011028,0.002788
5.3852,0.010917,0.002648
5.3852,0.010917,0.002648
5.3852,0.010922,0.002647
5.3852,0.010919,0.002647
5.3852,0.010917,0.002648
5.3852,0.010920,0.002647
5.3852,0.010918,0.002648
5.3852,0.011028,0.002788
5.3852,0.011026,0.002788
5.3852,0.010917,0.002648
5.3852,0.010920,0.002647
5.3852,0.010920,0.002647
5.3852,0.010918,0.002648
5.3852,0.011033,0.002786
5.3852,0.010919,0.002647
5.3852,0.010916,0.002648
5.3852,0.010922,0.002647
5.3852,0.011033,0.002786
5.3852,0.010918,0.002648
5.3852,0.010918,0.002648
5.3852,0.010914,0.002648
5.3852,0.010914,0.002648
5.3852,0.011031,0.002787
5.3852,0.010918,0.002648
5.3852,0.010916,0.002648
5.3852,0.010916,0.002648
5.3852,0.011033,0.002786
5.3852,0.010914,0.002648
5.3852,0.010917,0.002648
5.3852,0.011026,0.002788
5.3852,0.010922,0.002647
5.3852,0.010914,0.002648
5.3852,0.010920,0.002647
5.3852,0.011031,0.002787
5.3852,0.010917,0.002648
5.3852,0.011026,0.002788
5.3852,0.011028,0.002788
5.3852,0.010916,0.002648
5.3852,0.010919,0.002647
5.3852,0.010919,0.002647
5.3852,0.010918,0.002648
5.3852,0.011026,0.002788
5.3852,0.010918,0.002648
5.3852,0.010914,0.002648
5.3852,0.011031,0.002787
5.3852,0.010918,0.002648
5.4772,0.010762,0.002664
5.4772,0.010762,0.002664
5.4772,0.010761,0.002664
5.4772,0.010767,0.002663
5.4772,0.010765,0.002663
5.4772,0.010761,0.002664
5.4772,0.010766,0.002663
5.4772,0.010767,0.002663
5.4772,0.010765,0.002663
5.4772,0.010760,0.002664
5.4772,0.010760,0.002664
5.4772,0.010762,0.002664
5.4772,0.010762,0.002664
5.4772,0.010760,0.002664
5.4772,0.010767,0.002663
5.4772,0.010766,0.002663
5.4772,0.010767,0.002663
5.4772,0.010761,0.002664
5.4772,0.010762,0.002664
5.4772,0.010761,0.002664
5.4772,0.010765,0.002663
5.4772,0.010760,0.002664
5.4772,0.010766,0.002663
5.4772,0.010761,0.002664
5.4772,0.010762,0.002664
5.4772,0.010762,0.002664
5.4772,0.010760,0.002664
5.4772,0.010766,0.002663
5.4772,0.010767,0.002663
5.4772,0.010766,0.002663
5.4772,0.010766,0.002663
5.4772,0.010762,0.002664
5.4772,0.010762,0.002664
5.4772,0.010765,0.002663
5.4772,0.010766,0.002663
5.4772,0.010762,0.002664
5.4772,0.010766,0.002663
5.4772,0.010767,0.002663
5.4772,0.010761,0.002664
5.4772,0.010766,0.002663
5.4772,0.010766,0.002663
5.4772,0.010762,0.002664
5.4772,0.010762,0.002664
5.4772,0.010766,0.002663
5.4772,0.010766,0.002663
5.4772,0.010765,0.002663
5.4772,0.010765,0.002663
5.4772,0.010760,0.002664
5.6569,0.010258,0.002439
5.6569,0.010254,0.002440
5.6569,0.010254,0.002440
5.6569,0.010250,0.002440
5.6569,0.010254,0.002440
5.6569,0.010254,0.002440
5.6569,0.010254,0.002440
5.6569,0.010250,0.002440
5.6569,0.010258,0.002439
5.6569,0.010254,0.002440
5.6569,0.010250,0.002440
5.6569,0.010258,0.002439
5.7446,0.010060,0.002379
5.7446,0.010026,0.002352
5.7446,0.010055,0.002380
5.7446,0.010053,0.002381
5.7446,0.010030,0.002352
5.7446,0.010055,0.002380
5.7446,0.010027,0.002352
5.7446,0.010055,0.002380
5.7446,0.010029,0.002352
5.7446,0.010026,0.002352
5.7446,0.010027,0.002352
5.7446,0.010060,0.002379
5.7446,0.010061,0.002379
5.7446,0.010030,0.002352
5.7446,0.010060,0.002379
5.7446,0.010053,0.002381
5.7446,0.010058,0.002380
5.7446,0.010030,0.002352
5.7446,0.010034,0.002351
5.7446,0.010055,0.002380
5.7446,0.010030,0.002352
5.7446,0.010055,0.002380
5.7446,0.010058,0.002380
5.7446,0.010061,0.002379
5.7446,0.010060,0.002379
5.7446,0.010060,0.002379
5.7446,0.010029,0.002352
5.7446,0.010027,0.002352
5.7446,0.010029,0.002352
5.7446,0.010033,0.002351
5.7446,0.010033,0.002351
5.7446,0.010029,0.002352
5.7446,0.010029,0.002352
5.7446,0.010034,0.002351
5.7446,0.010026,0.002352
5.7446,0.010057,0.002380
5.7446,0.010061,0.002379
5.7446,0.010057,0.002380
5.7446,0.010030,0.002352
5.7446,0.010058,0.002380
5.7446,0.010055,0.002380
5.7446,0.010030,0.002352
5.7446,0.010053,0.002381
5.7446,0.010033,0.002351
5.7446,0.010057,0.002380
5.7446,0.010060,0.002379
5.7446,0.010029,0.002352
5.7446,0.010034,0.002351
5.8310,0.009798,0.002247
5.8310,0.009868,0.002321
5.8310,0.009804,0.002246
5.8310,0.009863,0.002322
5.8310,0.009868,0.002321
5.8310,0.009800,0.002247
5.8310,0.009801,0.002247
5.8310,0.009800,0.002247
5.8310,0.009801,0.002247
5.8310,0.009801,0.002247
5.8310,0.009798,0.002247
5.8310,0.009804,0.002246
5.8310,0.009799,0.002247
5.8310,0.009804,0.002246
5.8310,0.009801,0.002247
5.8310,0.009863,0.002322
5.8310,0.009865,0.002322
5.8310,0.009799,0.002247
5.8310,0.009798,0.002247
5.8310,0.009863,0.002322
5.8310,0.009798,0.002247
5.8310,0.009865,0.002322
5.8310,0.009868,0.002321
5.8310,0.009800,0.002247
5.8310,0.009798,0.002247
5.8310,0.009795,0.002248
5.8310,0.009801,0.002247
5.8310,0.009799,0.002247
5.8310,0.009801,0.002247
5.8310,0.009861,0.002323
5.8310,0.009863,0.002322
5.8310,0.009868,0.002321
5.8310,0.009865,0.002322
5.8310,0.009868,0.002321
5.8310,0.009795,0.002248
5.8310,0.009798,0.002247
5.8310,0.009795,0.002248
5.8310,0.009861,0.002323
5.8310,0.009863,0.002322
5.8310,0.009865,0.002322
5.8310,0.009861,0.002323
5.8310,0.009861,0.002323
5.8310,0.009865,0.002322
5.8310,0.009861,0.002323
5.8310,0.009861,0.002323
5.8310,0.009863,0.002322
5.8310,0.009868,0.002321
5.8310,0.009865,0.002322
5.9161,0.009659,0.002241
5.9161,0.009662,0.002240
5.9161,0.009658,0.002241
5.9161,0.009662,0.002240
5.9161,0.009659,0.002241
5.9161,0.009661,0.002241
5.9161,0.009653,0.002242
5.9161,0.009658,0.002241
5.9161,0.009659,0.002241
5.9161,0.009659,0.002241
5.9161,0.009661,0.002241
5.9161,0.009653,0.002242
5.9161,0.009656,0.002242
5.9161,0.009653,0.002242
5.9161,0.009658,0.002241
5.9161,0.009656,0.002242
5.9161,0.009661,0.002241
5.9161,0.009654,0.002242
5.9161,0.009656,0.002242
5.9161,0.009662,0.002240
5.9161,0.009658,0.002241
5.9161,0.009657,0.002241
5.9161,0.009657,0.002241
5.9161,0.009656,0.002242
5.9161,0.009657,0.002241
5.9161,0.009654,0.002242
5.9161,0.009657,0.002241
5.9161,0.009659,0.002241
5.9161,0.009656,0.002242
5.9161,0.009662,0.002240
5.9161,0.009654,0.002242
5.9161,0.009653,0.002242
5.9161,0.009662,0.002240
5.9161,0.009662,0.002240
5.9161,0.009657,0.002241
5.9161,0.009653,0.002242
5.9161,0.009658,0.002241
5.9161,0.009661,0.002241
5.9161,0.009661,0.002241
5.9161,0.009654,0.002242
5.9161,0.009653,0.002242
5.9161,0.009661,0.002241
5.9161,0.009659,0.002241
5.9161,0.009658,0.002241
5.9161,0.009654,0.002242
5.9161,0.009657,0.002241
5.9161,0.009654,0.002242
5.9161,0.009656,0.002242
6.0000,0.009584,0.002311
6.0000,0.009578,0.002312
6.0000,0.009436,0.002136
6.0000,0.009434,0.002136
6.0000,0.009438,0.002136
6.0000,0.009431,0.002137
6.0000,0.009434,0.002136
6.0000,0.009434,0.002136
6.0000,0.009431,0.002137
6.0000,0.009440,0.002135
6.0000,0.009433,0.002137
6.0000,0.009436,0.002136
6.0000,0.009434,0.002136
6.0000,0.009431,0.002137
6.0000,0.009433,0.002137
6.0000,0.009436,0.002136
6.0000,0.009434,0.002136
6.0000,0.009438,0.002136
6.0000,0.009436,0.002136
6.0000,0.009434,0.002136
6.0000,0.009440,0.002135
6.0000,0.009436,0.002136
6.0000,0.009438,0.002136
6.0000,0.009433,0.002137
6.0000,0.009440,0.002135
6.0000,0.009578,0.002312
6.0000,0.009578,0.002312
6.0000,0.009584,0.002311
6.0000,0.009584,0.002311
6.0000,0.009436,0.002136
6.0828,0.009377,0.002222
6.0828,0.009383,0.002221
6.0828,0.009384,0.002221
6.0828,0.009384,0.002221
6.0828,0.009383,0.002221
6.0828,0.009378,0.002222
6.0828,0.009384,0.002221
6.0828,0.009378,0.002222
6.0828,0.009377,0.002222
6.0828,0.009384,0.002221
6.0828,0.009384,0.002221
6.0828,0.009378,0.002222
6.0828,0.009383,0.002221
6.0828,0.009377,0.002222
6.0828,0.009383,0.002221
6.0828,0.009377,0.002222
6.0828,0.009383,0.002221
6.0828,0.009384,0.002221
6.0828,0.009383,0.002221
6.0828,0.009378,0.002222
6.0828,0.009378,0.002222
6.0828,0.009377,0.002222
6.0828,0.009377,0.002222
6.0828,0.009378,0.002222
6.1644,0.009110,0.002042
6.1644,0.009102,0.002043
6.1644,0.009192,0.002142
6.1644,0.009109,0.002042
6.1644,0.009104,0.002043
6.1644,0.009111,0.002041
6.1644,0.009106,0.002042
6.1644,0.009102,0.002043
6.1644,0.009109,0.002042
6.1644,0.009104,0.002043
6.1644,0.009111,0.002041
6.1644,0.009107,0.002042
6.1644,0.009109,0.002042
6.1644,0.009109,0.002042
6.1644,0.009191,0.002143
6.1644,0.009105,0.002043
6.1644,0.009198,0.002141
6.1644,0.009107,0.002042
6.1644,0.009111,0.002041
6.1644,0.009191,0.002143
6.1644,0.009191,0.002143
6.1644,0.009191,0.002143
6.1644,0.009192,0.002142
6.1644,0.009111,0.002041
6.1644,0.009102,0.002043
6.1644,0.009198,0.002141
6.1644,0.009106,0.002042
6.1644,0.009199,0.002141
6.1644,0.009104,0.002043
6.1644,0.009102,0.002043
6.1644,0.009105,0.002043
6.1644,0.009104,0.002043
6.1644,0.009199,0.002141
6.1644,0.009192,0.002142
6.1644,0.009104,0.002043
6.1644,0.009106,0.002042
6.1644,0.009105,0.002043
6.1644,0.009198,0.002141
6.1644,0.009106,0.002042
6.1644,0.009106,0.002042
6.1644,0.009191,0.002143
6.1644,0.009107,0.002042
6.1644,0.009110,0.002042
6.1644,0.009104,0.002043
6.1644,0.009109,0.002042
6.1644,0.009110,0.002042
6.1644,0.009111,0.002041
6.1644,0.009105,0.002043
6.1644,0.009110,0.002042
6.1644,0.009107,0.002042
6.1644,0.009110,0.002042
6.1644,0.009191,0.002143
6.1644,0.009191,0.002143
6.1644,0.009106,0.002042
6.1644,0.009199,0.002141
6.1644,0.009198,0.002141
6.1644,0.009191,0.002143
6.1644,0.009107,0.002042
6.1644,0.009102,0.002043
6.1644,0.009110,0.002042
6.1644,0.009197,0.002141
6.1644,0.009198,0.002141
6.1644,0.009197,0.002141
6.1644,0.009105,0.002043
6.1644,0.009105,0.002043
6.1644,0.009191,0.002143
6.1644,0.009197,0.002141
6.1644,0.009198,0.002141
6.1644,0.009111,0.002041
6.1644,0.009107,0.002042
6.1644,0.009102,0.002043
6.1644,0.009109,0.002042
6.3246,0.008847,0.002012
6.3246,0.008848,0.002012
6.3246,0.008853,0.002011
6.3246,0.008847,0.002012
6.3246,0.008855,0.002011
6.3246,0.008848,0.002012
6.3246,0.008848,0.002012
6.3246,0.008847,0.002012
6.3246,0.008855,0.002011
6.3246,0.008848,0.002012
6.3246,0.008848,0.002012
6.3246,0.008853,0.002011
6.3246,0.008853,0.002011
6.3246,0.008855,0.002011
6.3246,0.008847,0.002012
6.3246,0.008848,0.002012
6.3246,0.008847,0.002012
6.3246,0.008855,0.002011
6.3246,0.008853,0.002011
6.3246,0.008855,0.002011
6.3246,0.008853,0.002011
6.3246,0.008855,0.002011
6.3246,0.008847,0.002012
6.3246,0.008853,0.002011
6.4031,0.008645,0.001902
6.4031,0.008684,0.001950
6.4031,0.008683,0.001950
6.4031,0.008682,0.001950
6.4031,0.008684,0.001950
6.4031,0.008605,0.001866
6.4031,0.008645,0.001902
6.4031,0.008688,0.001949
6.4031,0.008690,0.001949
6.4031,0.008689,0.001949
6.4031,0.008681,0.001950
6.4031,0.008604,0.001866
6.4031,0.008637,0.001904
6.4031,0.008689,0.001949
6.4031,0.008682,0.001950
6.4031,0.008688,0.001949
6.4031,0.008681,0.001950
6.4031,0.008690,0.001949
6.4031,0.008608,0.001865
6.4031,0.008611,0.001865
6.4031,0.008682,0.001950
6.4031,0.008681,0.001950
6.4031,0.008688,0.001949
6.4031,0.008683,0.001950
6.4031,0.008681,0.001950
6.4031,0.008683,0.001950
6.4031,0.008607,0.001865
6.4031,0.008684,0.001950
6.4031,0.008684,0.001950
6.4031,0.008689,0.001949
6.4031,0.008640,0.001903
6.4031,0.008683,0.001950
6.4031,0.008688,0.001949
6.4031,0.008683,0.001950
6.4031,0.008607,0.001865
6.4031,0.008601,0.001866
6.4031,0.008688,0.001949
6.4031,0.008682,0.001950
6.4031,0.008605,0.001866
6.4031,0.008688,0.001949
6.4031,0.008688,0.001949
6.4031,0.008682,0.001950
6.4031,0.008637,0.001904
6.4031,0.008641,0.001903
6.4031,0.008688,0.001949
6.4031,0.008604,0.001866
6.4031,0.008689,0.001949
6.4031,0.008684,0.001950
6.4031,0.008607,0.001865
6.4031,0.008641,0.001903
6.4031,0.008604,0.001866
6.4031,0.008690,0.001949
6.4031,0.008605,0.001866
6.4031,0.008601,0.001866
6.4031,0.008637,0.001904
6.4031,0.008684,0.001950
6.4031,0.008640,0.001903
6.4031,0.008605,0.001866
6.4031,0.008682,0.001950
6.4031,0.008681,0.001950
6.4031,0.008637,0.001904
6.4031,0.008601,0.001866
6.4031,0.008640,0.001903
6.4031,0.008637,0.001904
6.4031,0.008641,0.001903
6.4031,0.008690,0.001949
6.4031,0.008683,0.001950
6.4031,0.008640,0.001903
6.4031,0.008637,0.001904
6.4031,0.008607,0.001865
6.4031,0.008681,0.001950
6.4031,0.008641,0.001903
6.4031,0.008645,0.001902
6.4031,0.008641,0.001903
6.4031,0.008688,0.001949
6.4031,0.008645,0.001902
6.4031,0.008641,0.001903
6.4031,0.008690,0.001949
6.4031,0.008689,0.001949
6.4031,0.008690,0.001949
6.4031,0.008605,0.001866
6.4031,0.008640,0.001903
6.4031,0.008608,0.001865
6.4031,0.008607,0.001865
6.4031,0.008607,0.001865
6.4031,0.008608,0.001865
6.4031,0.008645,0.001902
6.4031,0.008611,0.001865
6.4031,0.008689,0.001949
6.4031,0.008688,0.001949
6.4031,0.008640,0.001903
6.4031,0.008611,0.001865
6.4031,0.008688,0.001949
6.4031,0.008645,0.001902
6.4031,0.008605,0.001866
6.4031,0.008688,0.001949
6.4807,0.008495,0.001850
6.4807,0.008491,0.001851
6.4807,0.008495,0.001850
6.4807,0.008492,0.001850
6.4807,0.008490,0.001851
6.4807,0.008491,0.001851
6.4807,0.008495,0.001850
6.4807,0.008495,0.001850
6.4807,0.008495,0.001850
6.4807,0.008487,0.001851
6.4807,0.008486,0.001851
6.4807,0.008490,0.001851
6.4807,0.008495,0.001850
6.4807,0.008491,0.001850
6.4807,0.008490,0.001851
6.4807,0.008486,0.001851
6.4807,0.008491,0.001850
6.4807,0.008491,0.001850
6.4807,0.008486,0.001851
6.4807,0.008490,0.001851
6.4807,0.008492,0.001850
6.4807,0.008490,0.001851
6.4807,0.008491,0.001851
6.4807,0.008486,0.001851
6.4807,0.008495,0.001850
6.4807,0.008487,0.001851
6.4807,0.008495,0.001850
6.4807,0.008491,0.001850
6.4807,0.008492,0.001850
6.4807,0.008491,0.001851
6.4807,0.008492,0.001850
6.4807,0.008487,0.001851
6.4807,0.008495,0.001850
6.4807,0.008486,0.001851
6.4807,0.008486,0.001851
6.4807,0.008491,0.001851
6.4807,0.008487,0.001851
6.4807,0.008492,0.001850
6.4807,0.008487,0.001851
6.4807,0.008487,0.001851
6.4807,0.008491,0.001851
6.4807,0.008490,0.001851
6.4807,0.008495,0.001850
6.4807,0.008491,0.001850
6.4807,0.008492,0.001850
6.4807,0.008491,0.001850
6.4807,0.008495,0.001850
6.4807,0.008495,0.001850
6.5574,0.008335,0.001790
6.5574,0.008338,0.001790
6.5574,0.008335,0.001790
6.5574,0.008330,0.001791
6.5574,0.008330,0.001791
6.5574,0.008333,0.001790
6.5574,0.008330,0.001791
6.5574,0.008333,0.001790
6.5574,0.008328,0.001791
6.5574,0.008338,0.001790
6.5574,0.008330,0.001791
6.5574,0.008335,0.001790
6.5574,0.008333,0.001790
6.5574,0.008328,0.001791
6.5574,0.008328,0.001791
6.5574,0.008330,0.001791
6.5574,0.008330,0.001791
6.5574,0.008333,0.001790
6.5574,0.008333,0.001790
6.5574,0.008338,0.001790
6.5574,0.008335,0.001790
6.5574,0.008335,0.001790
6.5574,0.008335,0.001790
6.5574,0.008333,0.001790
6.6332,0.008245,0.001792
6.6332,0.008245,0.001792
6.6332,0.008247,0.001792
6.6332,0.008241,0.001793
6.6332,0.008243,0.001793
6.6332,0.008239,0.001794
6.6332,0.008245,0.001792
6.6332,0.008247,0.001792
6.6332,0.008241,0.001793
6.6332,0.008239,0.001794
6.6332,0.008247,0.001792
6.6332,0.008241,0.001793
6.6332,0.008237,0.001794
6.6332,0.008243,0.001793
6.6332,0.008239,0.001794
6.6332,0.008239,0.001794
6.6332,0.008245,0.001792
6.6332,0.008245,0.001792
6.6332,0.008239,0.001794
6.6332,0.008237,0.001794
6.6332,0.008237,0.001794
6.6332,0.008243,0.001793
6.6332,0.008239,0.001794
6.6332,0.008245,0.001792
6.7082,0.008113,0.001754
6.7082,0.008111,0.001754
6.7082,0.008069,0.001715
6.7082,0.008107,0.001755
6.7082,0.008073,0.001714
6.7082,0.008107,0.001755
6.7082,0.008065,0.001715
6.7082,0.008073,0.001714
6.7082,0.008105,0.001756
6.7082,0.008113,0.001754
6.7082,0.008067,0.001715
6.7082,0.008107,0.001755
6.7082,0.008105,0.001756
6.7082,0.008070,0.001715
6.7082,0.008070,0.001715
6.7082,0.008069,0.001715
6.7082,0.008069,0.001715
6.7082,0.008065,0.001715
6.7082,0.008071,0.001714
6.7082,0.008075,0.001714
6.7082,0.008111,0.001754
6.7082,0.008105,0.001756
6.7082,0.008111,0.001754
6.7082,0.008073,0.001714
6.7082,0.008070,0.001715
6.7082,0.008069,0.001715
6.7082,0.008075,0.001714
6.7082,0.008111,0.001754
6.7082,0.008073,0.001714
6.7082,0.008107,0.001755
6.7082,0.008075,0.001714
6.7082,0.008113,0.001754
6.7082,0.008111,0.001754
6.7082,0.008070,0.001715
6.7082,0.008065,0.001715
6.7082,0.008075,0.001714
6.7082,0.008065,0.001715
6.7082,0.008069,0.001715
6.7082,0.008065,0.001715
6.7082,0.008070,0.001715
6.7082,0.008071,0.001714
6.7082,0.008065,0.001715
6.7082,0.008111,0.001754
6.7082,0.008113,0.001754
6.7082,0.008067,0.001715
6.7082,0.008107,0.001755
6.7082,0.008073,0.001714
6.7082,0.008113,0.001754
6.7082,0.008105,0.001756
6.7082,0.008071,0.001714
6.7082,0.008067,0.001715
6.7082,0.008075,0.001714
6.7082,0.008067,0.001715
6.7082,0.008070,0.001715
6.7082,0.008070,0.001715
6.7082,0.008105,0.001756
6.7082,0.008067,0.001715
6.7082,0.008070,0.001715
6.7082,0.008107,0.001755
6.7082,0.008070,0.001715
6.7082,0.008069,0.001715
6.7082,0.008071,0.001714
6.7082,0.008075,0.001714
6.7082,0.008071,0.001714
6.7082,0.008113,0.001754
6.7082,0.008073,0.001714
6.7082,0.008070,0.001715
6.7082,0.008070,0.001715
6.7082,0.008070,0.001715
6.7082,0.008067,0.001715
6.7082,0.008071,0.001714
6.7082,0.008105,0.001756
6.7823,0.007973,0.001710
6.7823,0.007980,0.001709
6.7823,0.007981,0.001709
6.7823,0.007982,0.001709
6.7823,0.007979,0.001709
6.7823,0.007981,0.001709
6.7823,0.007973,0.001710
6.7823,0.007976,0.001710
6.7823,0.007982,0.001709
6.7823,0.007981,0.001709
6.7823,0.007975,0.001710
6.7823,0.007973,0.001710
6.7823,0.007973,0.001710
6.7823,0.007980,0.001709
6.7823,0.007973,0.001710
6.7823,0.007976,0.001710
6.7823,0.007973,0.001710
6.7823,0.007979,0.001709
6.7823,0.007975,0.001710
6.7823,0.007979,0.001709
6.7823,0.007980,0.001709
6.7823,0.007973,0.001710
6.7823,0.007973,0.001710
6.7823,0.007973,0.001710
6.7823,0.007973,0.001710
6.7823,0.007982,0.001709
6.7823,0.007979,0.001709
6.7823,0.007982,0.001709
6.7823,0.007975,0.001710
6.7823,0.007980,0.001709
6.7823,0.007979,0.001709
6.7823,0.007976,0.001710
6.7823,0.007982,0.001709
6.7823,0.007973,0.001710
6.7823,0.007981,0.001709
6.7823,0.007976,0.001710
6.7823,0.007975,0.001710
6.7823,0.007981,0.001709
6.7823,0.007982,0.001709
6.7823,0.007980,0.001709
6.7823,0.007973,0.001710
6.7823,0.007975,0.001710
6.7823,0.007980,0.001709
6.7823,0.007975,0.001710
6.7823,0.007976,0.001710
6.7823,0.007976,0.001710
6.7823,0.007981,0.001709
6.7823,0.007979,0.001709
6.9282,0.007693,0.001590
6.9282,0.007682,0.001592
6.9282,0.007686,0.001591
6.9282,0.007689,0.001591
6.9282,0.007686,0.001591
6.9282,0.007689,0.001591
6.9282,0.007686,0.001591
6.9282,0.007689,0.001591
7.0000,0.007666,0.001662
7.0000,0.007604,0.001591
7.0000,0.007674,0.001660
7.0000,0.007674,0.001660
7.0000,0.007602,0.001591
7.0000,0.007608,0.001590
7.0000,0.007604,0.001591
7.0000,0.007610,0.001590
7.0000,0.007602,0.001591
7.0000,0.007610,0.001590
7.0000,0.007608,0.001590
7.0000,0.007610,0.001590
7.0000,0.007606,0.001591
7.0000,0.007602,0.001591
7.0000,0.007600,0.001592
7.0000,0.007602,0.001591
7.0000,0.007602,0.001591
7.0000,0.007600,0.001592
7.0000,0.007608,0.001590
7.0000,0.007606,0.001591
7.0000,0.007604,0.001591
7.0000,0.007674,0.001660
7.0000,0.007608,0.001590
7.0000,0.007604,0.001591
7.0000,0.007602,0.001591
7.0000,0.007610,0.001590
7.0000,0.007606,0.001591
7.0000,0.007600,0.001592
7.0000,0.007610,0.001590
7.0000,0.007608,0.001590
7.0000,0.007602,0.001591
7.0000,0.007600,0.001592
7.0000,0.007602,0.001591
7.0000,0.007608,0.001590
7.0000,0.007608,0.001590
7.0000,0.007604,0.001591
7.0000,0.007608,0.001590
7.0000,0.007602,0.001591
7.0000,0.007604,0.001591
7.0000,0.007608,0.001590
7.0000,0.007608,0.001590
7.0000,0.007606,0.001591
7.0000,0.007606,0.001591
7.0000,0.007666,0.001662
7.0000,0.007602,0.001591
7.0000,0.007600,0.001592
7.0000,0.007608,0.001590
7.0000,0.007610,0.001590
7.0000,0.007602,0.001591
7.0000,0.007666,0.001662
7.0000,0.007602,0.001591
7.0000,0.007600,0.001592
7.0000,0.007608,0.001590
7.0000,0.007606,0.001591
7.0711,0.007487,0.001552
7.0711,0.007468,0.001533
7.0711,0.007471,0.001533
7.0711,0.007472,0.001533
7.0711,0.007548,0.001618
7.0711,0.007474,0.001533
7.0711,0.007556,0.001617
7.0711,0.007467,0.001534
7.0711,0.007469,0.001533
7.0711,0.007472,0.001533
7.0711,0.007556,0.001617
7.0711,0.007472,0.001533
7.0711,0.007474,0.001533
7.0711,0.007468,0.001533
7.0711,0.007471,0.001533
7.0711,0.007548,0.001618
7.0711,0.007548,0.001618
7.0711,0.007547,0.001618
7.0711,0.007467,0.001534
7.0711,0.007468,0.001533
7.0711,0.007555,0.001617
7.0711,0.007468,0.001533
7.0711,0.007556,0.001617
7.0711,0.007467,0.001534
7.0711,0.007464,0.001534
7.0711,0.007472,0.001533
7.0711,0.007468,0.001533
7.0711,0.007556,0.001617
7.0711,0.007555,0.001617
7.0711,0.007555,0.001617
7.0711,0.007547,0.001618
7.0711,0.007472,0.001533
7.0711,0.007466,0.001534
7.0711,0.007469,0.001533
7.0711,0.007466,0.001534
7.0711,0.007487,0.001552
7.0711,0.007547,0.001618
7.0711,0.007555,0.001617
7.0711,0.007471,0.001533
7.0711,0.007464,0.001534
7.0711,0.007466,0.001534
7.0711,0.007487,0.001552
7.0711,0.007482,0.001552
7.0711,0.007469,0.001533
7.0711,0.007467,0.001534
7.0711,0.007464,0.001534
7.0711,0.007466,0.001534
7.0711,0.007547,0.001618
7.0711,0.007466,0.001534
7.0711,0.007467,0.001534
7.0711,0.007548,0.001618
7.0711,0.007547,0.001618
7.0711,0.007474,0.001533
7.0711,0.007471,0.001533
7.0711,0.007474,0.001533
7.0711,0.007474,0.001533
7.0711,0.007468,0.001533
7.0711,0.007469,0.001533
7.0711,0.007487,0.001552
7.0711,0.007492,0.001551
7.0711,0.007487,0.001552
7.0711,0.007555,0.001617
7.0711,0.007556,0.001617
7.0711,0.007471,0.001533
7.0711,0.007466,0.001534
7.0711,0.007492,0.001551
7.0711,0.007556,0.001617
7.0711,0.007471,0.001533
7.0711,0.007472,0.001533
7.0711,0.007464,0.001534
7.0711,0.007482,0.001552
7.0711,0.007487,0.001552
7.0711,0.007464,0.001534
7.0711,0.007482,0.001552
7.0711,0.007548,0.001618
7.0711,0.007469,0.001533
7.0711,0.007547,0.001618
7.0711,0.007469,0.001533
7.0711,0.007467,0.001534
7.0711,0.007492,0.001551
7.0711,0.007464,0.001534
7.0711,0.007555,0.001617
7.0711,0.007548,0.001618
7.0711,0.007474,0.001533
7.1414,0.007437,0.001576
7.1414,0.007437,0.001576
7.1414,0.007437,0.001576
7.1414,0.007436,0.001576
7.1414,0.007374,0.001517
7.1414,0.007373,0.001518
7.1414,0.007437,0.001576
7.1414,0.007437,0.001576
7.1414,0.007430,0.001578
7.1414,0.007374,0.001517
7.1414,0.007429,0.001578
7.1414,0.007378,0.001517
7.1414,0.007374,0.001517
7.1414,0.007378,0.001517
7.1414,0.007369,0.001518
7.1414,0.007373,0.001518
7.1414,0.007374,0.001517
7.1414,0.007378,0.001517
7.1414,0.007378,0.001517
7.1414,0.007369,0.001518
7.1414,0.007437,0.001576
7.1414,0.007436,0.001576
7.1414,0.007378,0.001517
7.1414,0.007373,0.001518
7.1414,0.007429,0.001578
7.1414,0.007374,0.001517
7.1414,0.007373,0.001518
7.1414,0.007428,0.001578
7.1414,0.007429,0.001578
7.1414,0.007368,0.001518
7.1414,0.007373,0.001518
7.1414,0.007374,0.001517
7.1414,0.007369,0.001518
7.1414,0.007378,0.001517
7.1414,0.007428,0.001578
7.1414,0.007430,0.001578
7.1414,0.007436,0.001576
7.1414,0.007429,0.001578
7.1414,0.007437,0.001576
7.1414,0.007437,0.001576
7.1414,0.007373,0.001518
7.1414,0.007437,0.001576
7.1414,0.007368,0.001518
7.1414,0.007368,0.001518
7.1414,0.007429,0.001578
7.1414,0.007429,0.001578
7.1414,0.007428,0.001578
7.1414,0.007430,0.001578
7.2111,0.007286,0.001498
7.2111,0.007277,0.001500
7.2111,0.007283,0.001499
7.2111,0.007283,0.001499
7.2111,0.007277,0.001500
7.2111,0.007280,0.001499
7.2111,0.007283,0.001499
7.2111,0.007286,0.001498
7.2111,0.007283,0.001499
7.2111,0.007286,0.001498
7.2111,0.007280,0.001499
7.2111,0.007280,0.001499
7.2111,0.007286,0.001498
7.2111,0.007280,0.001499
7.2111,0.007277,0.001500
7.2111,0.007286,0.001498
7.2111,0.007283,0.001499
7.2111,0.007280,0.001499
7.2111,0.007286,0.001498
7.2111,0.007280,0.001499
7.2111,0.007277,0.001500
7.2111,0.007277,0.001500
7.2111,0.007277,0.001500
7.2111,0.007283,0.001499
7.2801,0.007179,0.001466
7.2801,0.007210,0.001506
7.2801,0.007173,0.001467
7.2801,0.007209,0.001506
7.2801,0.007169,0.001468
7.2801,0.007210,0.001506
7.2801,0.007179,0.001466
7.2801,0.007179,0.001466
7.2801,0.007173,0.001467
7.2801,0.007210,0.001506
7.2801,0.007218,0.001505
7.2801,0.007170,0.001467
7.2801,0.007179,0.001466
7.2801,0.007218,0.001505
7.2801,0.007173,0.001467
7.2801,0.007216,0.001505
7.2801,0.007210,0.001506
7.2801,0.007169,0.001468
7.2801,0.007218,0.001505
7.2801,0.007173,0.001467
7.2801,0.007216,0.001505
7.2801,0.007170,0.001467
7.2801,0.007210,0.001506
7.2801,0.007173,0.001467
7.2801,0.007169,0.001468
7.2801,0.007209,0.001506
7.2801,0.007209,0.001506
7.2801,0.007218,0.001505
7.2801,0.007175,0.001467
7.2801,0.007218,0.001505
7.2801,0.007209,0.001506
7.2801,0.007173,0.001467
7.2801,0.007216,0.001505
7.2801,0.007175,0.001467
7.2801,0.007179,0.001466
7.2801,0.007175,0.001467
7.2801,0.007175,0.001467
7.2801,0.007216,0.001505
7.2801,0.007210,0.001506
7.2801,0.007170,0.001467
7.2801,0.007175,0.001467
7.2801,0.007209,0.001506
7.2801,0.007173,0.001467
7.2801,0.007179,0.001466
7.2801,0.007173,0.001467
7.2801,0.007176,0.001466
7.2801,0.007173,0.001467
7.2801,0.007216,0.001505
7.2801,0.007170,0.001467
7.2801,0.007173,0.001467
7.2801,0.007170,0.001467
7.2801,0.007175,0.001467
7.2801,0.007176,0.001466
7.2801,0.007176,0.001466
7.2801,0.007179,0.001466
7.2801,0.007176,0.001466
7.2801,0.007218,0.001505
7.2801,0.007179,0.001466
7.2801,0.007169,0.001468
7.2801,0.007176,0.001466
7.2801,0.007209,0.001506
7.2801,0.007179,0.001466
7.2801,0.007179,0.001466
7.2801,0.007173,0.001467
7.2801,0.007176,0.001466
7.2801,0.007169,0.001468
7.2801,0.007216,0.001505
7.2801,0.007170,0.001467
7.2801,0.007169,0.001468
7.2801,0.007179,0.001466
7.2801,0.007179,0.001466
7.2801,0.007173,0.001467
7.3485,0.007072,0.001430
7.3485,0.007114,0.001471
7.3485,0.007114,0.001471
7.3485,0.007114,0.001471
7.3485,0.007113,0.001471
7.3485,0.007115,0.001470
7.3485,0.007057,0.001426
7.3485,0.007113,0.001471
7.3485,0.007069,0.001431
7.3485,0.007061,0.001425
7.3485,0.007113,0.001471
7.3485,0.007066,0.001431
7.3485,0.007068,0.001431
7.3485,0.007107,0.001472
7.3485,0.007113,0.001471
7.3485,0.007115,0.001470
7.3485,0.007068,0.001431
7.3485,0.007074,0.001430
7.3485,0.007106,0.001472
7.3485,0.007063,0.001425
7.3485,0.007072,0.001430
7.3485,0.007074,0.001430
7.3485,0.007106,0.001472
7.3485,0.007107,0.001472
7.3485,0.007107,0.001472
7.3485,0.007066,0.001431
7.3485,0.007063,0.001432
7.3485,0.007066,0.001424
7.3485,0.007066,0.001431
7.3485,0.007063,0.001425
7.3485,0.007063,0.001432
7.3485,0.007067,0.001424
7.3485,0.007114,0.001471
7.3485,0.007115,0.001470
7.3485,0.007106,0.001472
7.3485,0.007115,0.001470
7.3485,0.007058,0.001426
7.3485,0.007057,0.001426
7.3485,0.007107,0.001472
7.3485,0.007107,0.001472
7.3485,0.007067,0.001424
7.3485,0.007115,0.001470
7.3485,0.007066,0.001424
7.3485,0.007114,0.001471
7.3485,0.007069,0.001431
7.3485,0.007107,0.001472
7.3485,0.007067,0.001424
7.3485,0.007063,0.001425
7.3485,0.007061,0.001425
7.3485,0.007066,0.001431
7.3485,0.007063,0.001432
7.3485,0.007061,0.001425
7.3485,0.007072,0.001430
7.3485,0.007072,0.001430
7.3485,0.007066,0.001431
7.3485,0.007063,0.001425
7.3485,0.007074,0.001430
7.3485,0.007107,0.001472
7.3485,0.007063,0.001425
7.3485,0.007057,0.001426
7.3485,0.007061,0.001425
7.3485,0.007072,0.001430
7.3485,0.007058,0.001426
7.3485,0.007105,0.001472
7.3485,0.007058,0.001426
7.3485,0.007107,0.001472
7.3485,0.007105,0.001472
7.3485,0.007063,0.001425
7.3485,0.007061,0.001425
7.3485,0.007106,0.001472
7.3485,0.007107,0.001472
7.3485,0.007105,0.001472
7.3485,0.007113,0.001471
7.3485,0.007113,0.001471
7.3485,0.007066,0.001424
7.3485,0.007106,0.001472
7.3485,0.007113,0.001471
7.3485,0.007061,0.001425
7.3485,0.007107,0.001472
7.3485,0.007105,0.001472
7.3485,0.007069,0.001431
7.3485,0.007068,0.001431
7.3485,0.007066,0.001431
7.3485,0.007113,0.001471
7.3485,0.007107,0.001472
7.3485,0.007113,0.001471
7.3485,0.007107,0.001472
7.3485,0.007113,0.001471
7.3485,0.007113,0.001471
7.3485,0.007113,0.001471
7.3485,0.007072,0.001430
7.3485,0.007115,0.001470
7.3485,0.007106,0.001472
7.3485,0.007105,0.001472
7.3485,0.007105,0.001472
7.3485,0.007114,0.001471
7.4833,0.006877,0.001380
7.4833,0.006879,0.001380
7.4833,0.006883,0.001379
7.4833,0.006880,0.001379
7.4833,0.006875,0.001380
7.4833,0.006875,0.001380
7.4833,0.006885,0.001379
7.4833,0.006881,0.001379
7.4833,0.006880,0.001379
7.4833,0.006885,0.001379
7.4833,0.006874,0.001380
7.4833,0.006874,0.001380
7.4833,0.006879,0.001380
7.4833,0.006883,0.001379
7.4833,0.006874,0.001380
7.4833,0.006880,0.001379
7.4833,0.006883,0.001379
7.4833,0.006877,0.001380
7.4833,0.006875,0.001380
7.4833,0.006877,0.001380
7.4833,0.006879,0.001380
7.4833,0.006879,0.001380
7.4833,0.006875,0.001380
7.4833,0.006877,0.001380
7.4833,0.006885,0.001379
7.4833,0.006881,0.001379
7.4833,0.006881,0.001379
7.4833,0.006875,0.001380
7.4833,0.006881,0.001379
7.4833,0.006881,0.001379
7.4833,0.006874,0.001380
7.4833,0.006883,0.001379
7.4833,0.006877,0.001380
7.4833,0.006885,0.001379
7.4833,0.006877,0.001380
7.4833,0.006883,0.001379
7.4833,0.006885,0.001379
7.4833,0.006880,0.001379
7.4833,0.006880,0.001379
7.4833,0.006879,0.001380
7.4833,0.006880,0.001379
7.4833,0.006874,0.001380
7.4833,0.006881,0.001379
7.4833,0.006883,0.001379
7.4833,0.006879,0.001380
7.4833,0.006874,0.001380
7.4833,0.006875,0.001380
7.4833,0.006885,0.001379
7.5498,0.006771,0.001339
7.5498,0.006770,0.001339
7.5498,0.006771,0.001339
7.5498,0.006809,0.001381
7.5498,0.006767,0.001340
7.5498,0.006808,0.001382
7.5498,0.006817,0.001380
7.5498,0.006768,0.001340
7.5498,0.006775,0.001339
7.5498,0.006809,0.001381
7.5498,0.006811,0.001381
7.5498,0.006768,0.001340
7.5498,0.006767,0.001340
7.5498,0.006815,0.001380
7.5498,0.006817,0.001380
7.5498,0.006771,0.001339
7.5498,0.006771,0.001339
7.5498,0.006817,0.001380
7.5498,0.006817,0.001380
7.5498,0.006811,0.001381
7.5498,0.006811,0.001381
7.5498,0.006819,0.001380
7.5498,0.006809,0.001381
7.5498,0.006809,0.001381
7.5498,0.006809,0.001381
7.5498,0.006815,0.001380
7.5498,0.006775,0.001339
7.5498,0.006815,0.001380
7.5498,0.006771,0.001339
7.5498,0.006771,0.001339
7.5498,0.006767,0.001340
7.5498,0.006819,0.001380
7.5498,0.006817,0.001380
7.5498,0.006767,0.001340
7.5498,0.006808,0.001382
7.5498,0.006763,0.001340
7.5498,0.006763,0.001340
7.5498,0.006808,0.001382
7.5498,0.006767,0.001340
7.5498,0.006809,0.001381
7.5498,0.006763,0.001340
7.5498,0.006775,0.001339
7.5498,0.006768,0.001340
7.5498,0.006770,0.001339
7.5498,0.006770,0.001339
7.5498,0.006817,0.001380
7.5498,0.006767,0.001340
7.5498,0.006819,0.001380
7.6158,0.006727,0.001355
7.6158,0.006727,0.001355
7.6158,0.006722,0.001356
7.6158,0.006722,0.001356
7.6158,0.006720,0.001357
7.6158,0.006722,0.001356
7.6158,0.006730,0.001355
7.6158,0.006730,0.001355
7.6158,0.006727,0.001355
7.6158,0.006722,0.001356
7.6158,0.006730,0.001355
7.6158,0.006730,0.001355
7.6158,0.006722,0.001356
7.6158,0.006720,0.001357
7.6158,0.006727,0.001355
7.6158,0.006727,0.001355
7.6158,0.006720,0.001357
7.6158,0.006730,0.001355
7.6158,0.006720,0.001357
7.6158,0.006720,0.001357
7.6158,0.006730,0.001355
7.6158,0.006727,0.001355
7.6158,0.006720,0.001357
7.6158,0.006722,0.001356
7.6811,0.006628,0.001330
7.6811,0.006630,0.001330
7.6811,0.006635,0.001329
7.6811,0.006638,0.001328
7.6811,0.006636,0.001328
7.6811,0.006597,0.001297
7.6811,0.006627,0.001330
7.6811,0.006635,0.001329
7.6811,0.006637,0.001328
7.6811,0.006638,0.001328
7.6811,0.006601,0.001296
7.6811,0.006597,0.001297
7.6811,0.006597,0.001297
7.6811,0.006599,0.001297
7.6811,0.006630,0.001330
7.6811,0.006637,0.001328
7.6811,0.006592,0.001297
7.6811,0.006636,0.001328
7.6811,0.006597,0.001297
7.6811,0.006636,0.001328
7.6811,0.006635,0.001329
7.6811,0.006627,0.001330
7.6811,0.006595,0.001297
7.6811,0.006627,0.001330
7.6811,0.006599,0.001297
7.6811,0.006601,0.001296
7.6811,0.006630,0.001330
7.6811,0.006630,0.001330
7.6811,0.006638,0.001328
7.6811,0.006638,0.001328
7.6811,0.006630,0.001330
7.6811,0.006604,0.001296
7.6811,0.006630,0.001330
7.6811,0.006630,0.001330
7.6811,0.006599,0.001297
7.6811,0.006630,0.001330
7.6811,0.006630,0.001330
7.6811,0.006604,0.001296
7.6811,0.006597,0.001297
7.6811,0.006630,0.001330
7.6811,0.006592,0.001297
7.6811,0.006637,0.001328
7.6811,0.006627,0.001330
7.6811,0.006599,0.001297
7.6811,0.006635,0.001329
7.6811,0.006636,0.001328
7.6811,0.006628,0.001330
7.6811,0.006627,0.001330
7.6811,0.006628,0.001330
7.6811,0.006636,0.001328
7.6811,0.006597,0.001297
7.6811,0.006637,0.001328
7.6811,0.006635,0.001329
7.6811,0.006638,0.001328
7.6811,0.006592,0.001297
7.6811,0.006630,0.001330
7.6811,0.006628,0.001330
7.6811,0.006635,0.001329
7.6811,0.006628,0.001330
7.6811,0.006637,0.001328
7.6811,0.006627,0.001330
7.6811,0.006601,0.001296
7.6811,0.006595,0.001297
7.6811,0.006637,0.001328
7.6811,0.006599,0.001297
7.6811,0.006638,0.001328
7.6811,0.006599,0.001297
7.6811,0.006595,0.001297
7.6811,0.006636,0.001328
7.6811,0.006604,0.001296
7.6811,0.006628,0.001330
7.6811,0.006630,0.001330
7.8102,0.006435,0.001258
7.8102,0.006447,0.001267
7.8102,0.006446,0.001267
7.8102,0.006441,0.001268
7.8102,0.006441,0.001268
7.8102,0.006440,0.001258
7.8102,0.006447,0.001267
7.8102,0.006431,0.001259
7.8102,0.006437,0.001258
7.8102,0.006446,0.001267
7.8102,0.006452,0.001266
7.8102,0.006447,0.001267
7.8102,0.006452,0.001266
7.8102,0.006437,0.001258
7.8102,0.006440,0.001258
7.8102,0.006434,0.001259
7.8102,0.006437,0.001258
7.8102,0.006431,0.001259
7.8102,0.006434,0.001259
7.8102,0.006437,0.001258
7.8102,0.006440,0.001258
7.8102,0.006431,0.001259
7.8102,0.006441,0.001258
7.8102,0.006441,0.001258
7.8102,0.006446,0.001267
7.8102,0.006446,0.001267
7.8102,0.006435,0.001258
7.8102,0.006434,0.001259
7.8102,0.006437,0.001258
7.8102,0.006437,0.001258
7.8102,0.006452,0.001266
7.8102,0.006437,0.001258
7.8102,0.006443,0.001257
7.8102,0.006443,0.001257
7.8102,0.006452,0.001266
7.8102,0.006447,0.001267
7.8102,0.006441,0.001268
7.8102,0.006443,0.001257
7.8102,0.006435,0.001258
7.8102,0.006434,0.001259
7.8102,0.006440,0.001258
7.8102,0.006441,0.001258
7.8102,0.006440,0.001258
7.8102,0.006434,0.001259
7.8102,0.006452,0.001266
7.8102,0.006435,0.001258
7.8102,0.006431,0.001259
7.8102,0.006434,0.001259
7.8102,0.006446,0.001267
7.8102,0.006440,0.001258
7.8102,0.006452,0.001266
7.8102,0.006443,0.001257
7.8102,0.006435,0.001258
7.8102,0.006441,0.001258
7.8102,0.006447,0.001267
7.8102,0.006435,0.001258
7.8102,0.006443,0.001257
7.8102,0.006441,0.001268
7.8102,0.006437,0.001258
7.8102,0.006441,0.001258
7.8102,0.006437,0.001258
7.8102,0.006437,0.001258
7.8102,0.006443,0.001257
7.8102,0.006441,0.001268
7.8102,0.006441,0.001258
7.8102,0.006431,0.001259
7.8102,0.006446,0.001267
7.8102,0.006431,0.001259
7.8102,0.006437,0.001258
7.8102,0.006441,0.001268
7.8102,0.006447,0.001267
7.8102,0.006437,0.001258
7.8740,0.006361,0.001245
7.8740,0.006360,0.001245
7.8740,0.006360,0.001245
7.8740,0.006385,0.001255
7.8740,0.006383,0.001255
7.8740,0.006366,0.001244
7.8740,0.006383,0.001255
7.8740,0.006366,0.001244
7.8740,0.006373,0.001257
7.8740,0.006375,0.001256
7.8740,0.006360,0.001245
7.8740,0.006365,0.001244
7.8740,0.006366,0.001244
7.8740,0.006366,0.001244
7.8740,0.006365,0.001244
7.8740,0.006376,0.001256
7.8740,0.006385,0.001255
7.8740,0.006383,0.001255
7.8740,0.006365,0.001244
7.8740,0.006385,0.001255
7.8740,0.006367,0.001244
7.8740,0.006381,0.001255
7.8740,0.006385,0.001255
7.8740,0.006366,0.001244
7.8740,0.006371,0.001243
7.8740,0.006366,0.001244
7.8740,0.006371,0.001243
7.8740,0.006377,0.001256
7.8740,0.006377,0.001256
7.8740,0.006371,0.001243
7.8740,0.006372,0.001243
7.8740,0.006383,0.001255
7.8740,0.006367,0.001244
7.8740,0.006383,0.001255
7.8740,0.006385,0.001255
7.8740,0.006372,0.001243
7.8740,0.006383,0.001255
7.8740,0.006371,0.001243
7.8740,0.006366,0.001244
7.8740,0.006376,0.001256
7.8740,0.006373,0.001257
7.8740,0.006373,0.001257
7.8740,0.006376,0.001256
7.8740,0.006383,0.001255
7.8740,0.006372,0.001243
7.8740,0.006371,0.001243
7.8740,0.006372,0.001243
7.8740,0.006383,0.001255
7.8740,0.006376,0.001256
7.8740,0.006376,0.001256
7.8740,0.006377,0.001256
7.8740,0.006375,0.001256
7.8740,0.006381,0.001255
7.8740,0.006361,0.001245
7.8740,0.006385,0.001255
7.8740,0.006367,0.001244
7.8740,0.006371,0.001243
7.8740,0.006381,0.001255
7.8740,0.006375,0.001256
7.8740,0.006381,0.001255
7.8740,0.006366,0.001244
7.8740,0.006383,0.001255
7.8740,0.006383,0.001255
7.8740,0.006381,0.001255
7.8740,0.006383,0.001255
7.8740,0.006367,0.001244
7.8740,0.006375,0.001256
7.8740,0.006375,0.001256
7.8740,0.006365,0.001244
7.8740,0.006377,0.001256
7.8740,0.006361,0.001245
7.8740,0.006366,0.001244
7.8740,0.006377,0.001256
7.8740,0.006373,0.001257
7.8740,0.006373,0.001257
7.8740,0.006373,0.001257
7.8740,0.006381,0.001255
7.8740,0.006360,0.001245
7.8740,0.006365,0.001244
7.8740,0.006366,0.001244
7.8740,0.006375,0.001256
7.8740,0.006360,0.001245
7.8740,0.006372,0.001243
7.8740,0.006367,0.001244
7.8740,0.006361,0.001245
7.8740,0.006377,0.001256
7.8740,0.006361,0.001245
7.8740,0.006365,0.001244
7.8740,0.006376,0.001256
7.8740,0.006383,0.001255
7.8740,0.006361,0.001245
7.8740,0.006360,0.001245
7.8740,0.006366,0.001244
7.8740,0.006366,0.001244
7.8740,0.006372,0.001243
7.8740,0.006367,0.001244
8.0000,0.006264,0.001249
8.0000,0.006264,0.001249
8.0000,0.006254,0.001251
8.0000,0.006254,0.001251
8.0000,0.006264,0.001249
8.0000,0.006254,0.001251
8.0623,0.006173,0.001227
8.0623,0.006125,0.001182
8.0623,0.006173,0.001227
8.0623,0.006144,0.001196
8.0623,0.006173,0.001227
8.0623,0.006131,0.001181
8.0623,0.006151,0.001194
8.0623,0.006132,0.001181
8.0623,0.006183,0.001225
8.0623,0.006131,0.001181
8.0623,0.006144,0.001196
8.0623,0.006141,0.001196
8.0623,0.006129,0.001181
8.0623,0.006137,0.001180
8.0623,0.006148,0.001195
8.0623,0.006135,0.001180
8.0623,0.006132,0.001181
8.0623,0.006182,0.001225
8.0623,0.006141,0.001196
8.0623,0.006173,0.001227
8.0623,0.006141,0.001196
8.0623,0.006144,0.001196
8.0623,0.006144,0.001196
8.0623,0.006131,0.001181
8.0623,0.006151,0.001194
8.0623,0.006125,0.001182
8.0623,0.006132,0.001181
8.0623,0.006135,0.001180
8.0623,0.006151,0.001194
8.0623,0.006131,0.001181
8.0623,0.006132,0.001181
8.0623,0.006131,0.001181
8.0623,0.006173,0.001227
8.0623,0.006135,0.001180
8.0623,0.006125,0.001182
8.0623,0.006126,0.001182
8.0623,0.006126,0.001182
8.0623,0.006131,0.001181
8.0623,0.006129,0.001181
8.0623,0.006131,0.001181
8.0623,0.006126,0.001182
8.0623,0.006148,0.001195
8.0623,0.006135,0.001180
8.0623,0.006126,0.001182
8.0623,0.006141,0.001196
8.0623,0.006137,0.001180
8.0623,0.006129,0.001181
8.0623,0.006182,0.001225
8.0623,0.006125,0.001182
8.0623,0.006125,0.001182
8.0623,0.006132,0.001181
8.0623,0.006173,0.001227
8.0623,0.006173,0.001227
8.0623,0.006148,0.001195
8.0623,0.006182,0.001225
8.0623,0.006126,0.001182
8.0623,0.006151,0.001194
8.0623,0.006135,0.001180
8.0623,0.006137,0.001180
8.0623,0.006183,0.001225
8.0623,0.006148,0.001195
8.0623,0.006182,0.001225
8.0623,0.006183,0.001225
8.0623,0.006183,0.001225
8.0623,0.006132,0.001181
8.0623,0.006125,0.001182
8.0623,0.006148,0.001195
8.0623,0.006141,0.001196
8.0623,0.006131,0.001181
8.0623,0.006137,0.001180
8.0623,0.006137,0.001180
8.0623,0.006173,0.001227
8.0623,0.006131,0.001181
8.0623,0.006182,0.001225
8.0623,0.006151,0.001194
8.0623,0.006182,0.001225
8.0623,0.006144,0.001196
8.0623,0.006144,0.001196
8.0623,0.006131,0.001181
8.0623,0.006183,0.001225
8.0623,0.006148,0.001195
8.0623,0.006129,0.001181
8.0623,0.006173,0.001227
8.0623,0.006173,0.001227
8.0623,0.006151,0.001194
8.0623,0.006173,0.001227
8.0623,0.006135,0.001180
8.0623,0.006141,0.001196
8.0623,0.006131,0.001181
8.0623,0.006131,0.001181
8.0623,0.006137,0.001180
8.0623,0.006173,0.001227
8.0623,0.006183,0.001225
8.0623,0.006129,0.001181
8.0623,0.006126,0.001182
8.0623,0.006129,0.001181
8.1240,0.006052,0.001153
8.1240,0.006079,0.001174
8.1240,0.006048,0.001154
8.1240,0.006071,0.001175
8.1240,0.006079,0.001174
8.1240,0.006078,0.001174
8.1240,0.006108,0.001202
8.1240,0.006079,0.001174
8.1240,0.006047,0.001154
8.1240,0.006075,0.001174
8.1240,0.006070,0.001175
8.1240,0.006097,0.001204
8.1240,0.006078,0.001174
8.1240,0.006075,0.001174
8.1240,0.006107,0.001202
8.1240,0.006067,0.001175
8.1240,0.006098,0.001204
8.1240,0.006056,0.001153
8.1240,0.006070,0.001175
8.1240,0.006051,0.001153
8.1240,0.006108,0.001202
8.1240,0.006071,0.001175
8.1240,0.006070,0.001175
8.1240,0.006067,0.001175
8.1240,0.006099,0.001204
8.1240,0.006052,0.001153
8.1240,0.006067,0.001175
8.1240,0.006067,0.001175
8.1240,0.006051,0.001153
8.1240,0.006051,0.001153
8.1240,0.006098,0.001204
8.1240,0.006099,0.001204
8.1240,0.006048,0.001154
8.1240,0.006068,0.001175
8.1240,0.006107,0.001202
8.1240,0.006070,0.001175
8.1240,0.006051,0.001153
8.1240,0.006078,0.001174
8.1240,0.006071,0.001175
8.1240,0.006056,0.001153
8.1240,0.006075,0.001174
8.1240,0.006051,0.001153
8.1240,0.006075,0.001174
8.1240,0.006075,0.001174
8.1240,0.006068,0.001175
8.1240,0.006067,0.001175
8.1240,0.006068,0.001175
8.1240,0.006075,0.001174
8.1240,0.006052,0.001153
8.1240,0.006075,0.001174
8.1240,0.006047,0.001154
8.1240,0.006070,0.001175
8.1240,0.006097,0.001204
8.1240,0.006075,0.001174
8.1240,0.006108,0.001202
8.1240,0.006108,0.001202
8.1240,0.006108,0.001202
8.1240,0.006068,0.001175
8.1240,0.006051,0.001153
8.1240,0.006048,0.001154
8.1240,0.006098,0.001204
8.1240,0.006108,0.001202
8.1240,0.006070,0.001175
8.1240,0.006048,0.001154
8.1240,0.006067,0.001175
8.1240,0.006098,0.001204
8.1240,0.006097,0.001204
8.1240,0.006048,0.001154
8.1240,0.006099,0.001204
8.1240,0.006071,0.001175
8.1240,0.006078,0.001174
8.1240,0.006043,0.001154
8.1240,0.006098,0.001204
8.1240,0.006056,0.001153
8.1240,0.006075,0.001174
8.1240,0.006075,0.001174
8.1240,0.006108,0.001202
8.1240,0.006048,0.001154
8.1240,0.006107,0.001202
8.1240,0.006078,0.001174
8.1240,0.006043,0.001154
8.1240,0.006071,0.001175
8.1240,0.006078,0.001174
8.1240,0.006047,0.001154
8.1240,0.006079,0.001174
8.1240,0.006108,0.001202
8.1240,0.006068,0.001175
8.1240,0.006075,0.001174
8.1240,0.006098,0.001204
8.1240,0.006079,0.001174
8.1240,0.006068,0.001175
8.1240,0.006079,0.001174
8.1240,0.006071,0.001175
8.1240,0.006043,0.001154
8.1240,0.006075,0.001174
8.1240,0.006108,0.001202
8.1854,0.005997,0.001152
8.1854,0.005992,0.001153
8.1854,0.005992,0.001153
8.1854,0.005997,0.001152
8.1854,0.005989,0.001153
8.1854,0.006002,0.001152
8.1854,0.005994,0.001153
8.1854,0.006002,0.001152
8.1854,0.005997,0.001152
8.1854,0.005999,0.001152
8.1854,0.005992,0.001153
8.1854,0.005999,0.001152
8.1854,0.006002,0.001152
8.1854,0.005989,0.001153
8.1854,0.005992,0.001153
8.1854,0.005999,0.001152
8.1854,0.005992,0.001153
8.1854,0.005994,0.001153
8.1854,0.005999,0.001152
8.1854,0.005992,0.001153
8.1854,0.005999,0.001152
8.1854,0.005994,0.001153
8.1854,0.005999,0.001152
8.1854,0.005989,0.001153
8.2462,0.005950,0.001162
8.2462,0.005913,0.001122
8.2462,0.005959,0.001160
8.2462,0.005916,0.001121
8.2462,0.005910,0.001122
8.2462,0.005910,0.001122
8.2462,0.005961,0.001160
8.2462,0.005910,0.001122
8.2462,0.005959,0.001160
8.2462,0.005950,0.001162
8.2462,0.005916,0.001121
8.2462,0.005913,0.001122
8.2462,0.005961,0.001160
8.2462,0.005951,0.001162
8.2462,0.005919,0.001121
8.2462,0.005910,0.001122
8.2462,0.005961,0.001160
8.2462,0.005913,0.001122
8.2462,0.005951,0.001162
8.2462,0.005913,0.001122
8.2462,0.005950,0.001162
8.2462,0.005913,0.001122
8.2462,0.005919,0.001121
8.2462,0.005951,0.001162
8.2462,0.005951,0.001162
8.2462,0.005950,0.001162
8.2462,0.005916,0.001121
8.2462,0.005959,0.001160
8.2462,0.005916,0.001121
8.2462,0.005950,0.001162
8.2462,0.005959,0.001160
8.2462,0.005919,0.001121
8.2462,0.005961,0.001160
8.2462,0.005916,0.001121
8.2462,0.005959,0.001160
8.2462,0.005910,0.001122
8.2462,0.005961,0.001160
8.2462,0.005951,0.001162
8.2462,0.005907,0.001123
8.2462,0.005951,0.001162
8.2462,0.005916,0.001121
8.2462,0.005961,0.001160
8.2462,0.005950,0.001162
8.2462,0.005959,0.001160
8.2462,0.005907,0.001123
8.2462,0.005907,0.001123
8.2462,0.005913,0.001122
8.2462,0.005910,0.001122
8.3066,0.005879,0.001142
8.3066,0.005862,0.001117
8.3066,0.005879,0.001142
8.3066,0.005860,0.001117
8.3066,0.005877,0.001142
8.3066,0.005877,0.001142
8.3066,0.005888,0.001140
8.3066,0.005878,0.001142
8.3066,0.005856,0.001118
8.3066,0.005877,0.001142
8.3066,0.005879,0.001142
8.3066,0.005887,0.001140
8.3066,0.005886,0.001140
8.3066,0.005851,0.001118
8.3066,0.005862,0.001117
8.3066,0.005876,0.001142
8.3066,0.005887,0.001140
8.3066,0.005856,0.001118
8.3066,0.005876,0.001142
8.3066,0.005879,0.001142
8.3066,0.005854,0.001118
8.3066,0.005853,0.001118
8.3066,0.005853,0.001118
8.3066,0.005862,0.001117
8.3066,0.005856,0.001118
8.3066,0.005876,0.001142
8.3066,0.005860,0.001117
8.3066,0.005877,0.001142
8.3066,0.005878,0.001142
8.3066,0.005888,0.001140
8.3066,0.005854,0.001118
8.3066,0.005854,0.001118
8.3066,0.005877,0.001142
8.3066,0.005853,0.001118
8.3066,0.005854,0.001118
8.3066,0.005878,0.001142
8.3066,0.005887,0.001140
8.3066,0.005859,0.001117
8.3066,0.005878,0.001142
8.3066,0.005856,0.001118
8.3066,0.005863,0.001117
8.3066,0.005853,0.001118
8.3066,0.005887,0.001140
8.3066,0.005888,0.001140
8.3066,0.005876,0.001142
8.3066,0.005851,0.001118
8.3066,0.005878,0.001142
8.3066,0.005863,0.001117
8.3066,0.005862,0.001117
8.3066,0.005860,0.001117
8.3066,0.005886,0.001140
8.3066,0.005887,0.001140
8.3066,0.005859,0.001117
8.3066,0.005856,0.001118
8.3066,0.005862,0.001117
8.3066,0.005860,0.001117
8.3066,0.005851,0.001118
8.3066,0.005851,0.001118
8.3066,0.005859,0.001117
8.3066,0.005856,0.001118
8.3066,0.005859,0.001117
8.3066,0.005877,0.001142
8.3066,0.005859,0.001117
8.3066,0.005887,0.001140
8.3066,0.005860,0.001117
8.3066,0.005853,0.001118
8.3066,0.005863,0.001117
8.3066,0.005854,0.001118
8.3066,0.005887,0.001140
8.3066,0.005859,0.001117
8.3066,0.005863,0.001117
8.3066,0.005879,0.001142
8.3066,0.005863,0.001117
8.3066,0.005887,0.001140
8.3066,0.005851,0.001118
8.3066,0.005860,0.001117
8.3066,0.005854,0.001118
8.3066,0.005887,0.001140
8.3066,0.005862,0.001117
8.3066,0.005876,0.001142
8.3066,0.005886,0.001140
8.3066,0.005876,0.001142
8.3066,0.005888,0.001140
8.3066,0.005851,0.001118
8.3066,0.005887,0.001140
8.3066,0.005887,0.001140
8.3066,0.005887,0.001140
8.3066,0.005888,0.001140
8.3066,0.005879,0.001142
8.3066,0.005888,0.001140
8.3066,0.005878,0.001142
8.3066,0.005886,0.001140
8.3066,0.005886,0.001140
8.3066,0.005853,0.001118
8.3066,0.005886,0.001140
8.3066,0.005863,0.001117
8.3666,0.005779,0.001090
8.3666,0.005774,0.001091
8.3666,0.005780,0.001090
8.3666,0.005774,0.001091
8.3666,0.005782,0.001090
8.3666,0.005787,0.001089
8.3666,0.005781,0.001090
8.3666,0.005782,0.001090
8.3666,0.005781,0.001090
8.3666,0.005777,0.001091
8.3666,0.005774,0.001091
8.3666,0.005779,0.001090
8.3666,0.005784,0.001090
8.3666,0.005780,0.001090
8.3666,0.005779,0.001090
8.3666,0.005780,0.001090
8.3666,0.005782,0.001090
8.3666,0.005777,0.001091
8.3666,0.005779,0.001090
8.3666,0.005782,0.001090
8.3666,0.005787,0.001089
8.3666,0.005774,0.001091
8.3666,0.005780,0.001090
8.3666,0.005777,0.001091
8.3666,0.005784,0.001090
8.3666,0.005787,0.001089
8.3666,0.005782,0.001090
8.3666,0.005782,0.001090
8.3666,0.005780,0.001090
8.3666,0.005784,0.001090
8.3666,0.005777,0.001091
8.3666,0.005787,0.001089
8.3666,0.005781,0.001090
8.3666,0.005787,0.001089
8.3666,0.005777,0.001091
8.3666,0.005774,0.001091
8.3666,0.005780,0.001090
8.3666,0.005779,0.001090
8.3666,0.005781,0.001090
8.3666,0.005774,0.001091
8.3666,0.005777,0.001091
8.3666,0.005784,0.001090
8.3666,0.005784,0.001090
8.3666,0.005784,0.001090
8.3666,0.005781,0.001090
8.3666,0.005781,0.001090
8.3666,0.005787,0.001089
8.3666,0.005779,0.001090
8.4853,0.005675,0.001086
8.4853,0.005677,0.001086
8.4853,0.005684,0.001085
8.4853,0.005675,0.001086
8.4853,0.005678,0.001086
8.4853,0.005686,0.001085
8.4853,0.005677,0.001086
8.4853,0.005684,0.001085
8.4853,0.005686,0.001085
8.4853,0.005678,0.001086
8.4853,0.005687,0.001084
8.4853,0.005677,0.001086
8.4853,0.005684,0.001085
8.4853,0.005660,0.001066
8.4853,0.005677,0.001086
8.4853,0.005654,0.001067
8.4853,0.005687,0.001084
8.4853,0.005677,0.001086
8.4853,0.005660,0.001066
8.4853,0.005654,0.001067
8.4853,0.005666,0.001065
8.4853,0.005686,0.001085
8.4853,0.005686,0.001085
8.4853,0.005678,0.001086
8.4853,0.005666,0.001065
8.4853,0.005666,0.001065
8.4853,0.005686,0.001085
8.4853,0.005660,0.001066
8.4853,0.005660,0.001066
8.4853,0.005686,0.001085
8.4853,0.005660,0.001066
8.4853,0.005660,0.001066
8.4853,0.005677,0.001086
8.4853,0.005687,0.001084
8.4853,0.005654,0.001067
8.4853,0.005675,0.001086
8.5440,0.005612,0.001070
8.5440,0.005595,0.001050
8.5440,0.005610,0.001070
8.5440,0.005601,0.001049
8.5440,0.005610,0.001070
8.5440,0.005622,0.001068
8.5440,0.005610,0.001070
8.5440,0.005589,0.001051
8.5440,0.005601,0.001049
8.5440,0.005622,0.001068
8.5440,0.005619,0.001069
8.5440,0.005595,0.001050
8.5440,0.005601,0.001049
8.5440,0.005600,0.001049
8.5440,0.005589,0.001051
8.5440,0.005622,0.001068
8.5440,0.005612,0.001070
8.5440,0.005595,0.001050
8.5440,0.005612,0.001070
8.5440,0.005622,0.001068
8.5440,0.005595,0.001050
8.5440,0.005600,0.001049
8.5440,0.005610,0.001070
8.5440,0.005600,0.001049
8.5440,0.005594,0.001050
8.5440,0.005595,0.001050
8.5440,0.005594,0.001050
8.5440,0.005594,0.001050
8.5440,0.005595,0.001050
8.5440,0.005594,0.001050
8.5440,0.005612,0.001070
8.5440,0.005589,0.001051
8.5440,0.005612,0.001070
8.5440,0.005610,0.001070
8.5440,0.005594,0.001050
8.5440,0.005589,0.001051
8.5440,0.005594,0.001050
8.5440,0.005622,0.001068
8.5440,0.005619,0.001069
8.5440,0.005589,0.001051
8.5440,0.005622,0.001068
8.5440,0.005612,0.001070
8.5440,0.005589,0.001051
8.5440,0.005619,0.001069
8.5440,0.005619,0.001069
8.5440,0.005619,0.001069
8.5440,0.005619,0.001069
8.5440,0.005610,0.001070
8.6023,0.005539,0.001034
8.6023,0.005558,0.001052
8.6023,0.005548,0.001053
8.6023,0.005531,0.001035
8.6023,0.005561,0.001052
8.6023,0.005531,0.001035
8.6023,0.005551,0.001053
8.6023,0.005558,0.001052
8.6023,0.005534,0.001035
8.6023,0.005531,0.001035
8.6023,0.005536,0.001035
8.6023,0.005536,0.001035
8.6023,0.005536,0.001035
8.6023,0.005551,0.001053
8.6023,0.005546,0.001038
8.6023,0.005542,0.001034
8.6023,0.005541,0.001039
8.6023,0.005546,0.001038
8.6023,0.005542,0.001034
8.6023,0.005534,0.001035
8.6023,0.005529,0.001036
8.6023,0.005558,0.001052
8.6023,0.005549,0.001053
8.6023,0.005534,0.001035
8.6023,0.005548,0.001053
8.6023,0.005560,0.001052
8.6023,0.005531,0.001035
8.6023,0.005538,0.001040
8.6023,0.005532,0.001035
8.6023,0.005541,0.001039
8.6023,0.005551,0.001053
8.6023,0.005532,0.001035
8.6023,0.005542,0.001034
8.6023,0.005534,0.001035
8.6023,0.005551,0.001053
8.6023,0.005551,0.001053
8.6023,0.005560,0.001052
8.6023,0.005542,0.001034
8.6023,0.005561,0.001052
8.6023,0.005534,0.001040
8.6023,0.005551,0.001053
8.6023,0.005539,0.001034
8.6023,0.005548,0.001053
8.6023,0.005532,0.001035
8.6023,0.005534,0.001040
8.6023,0.005531,0.001035
8.6023,0.005560,0.001052
8.6023,0.005536,0.001035
8.6023,0.005549,0.001053
8.6023,0.005551,0.001053
8.6023,0.005539,0.001034
8.6023,0.005539,0.001034
8.6023,0.005529,0.001036
8.6023,0.005558,0.001052
8.6023,0.005532,0.001035
8.6023,0.005529,0.001036
8.6023,0.005546,0.001038
8.6023,0.005549,0.001053
8.6023,0.005538,0.001040
8.6023,0.005534,0.001040
8.6023,0.005539,0.001034
8.6023,0.005541,0.001039
8.6023,0.005558,0.001052
8.6023,0.005551,0.001053
8.6023,0.005551,0.001053
8.6023,0.005549,0.001053
8.6023,0.005548,0.001053
8.6023,0.005534,0.001040
8.6023,0.005558,0.001052
8.6023,0.005539,0.001034
8.6023,0.005539,0.001034
8.6023,0.005548,0.001053
8.6023,0.005560,0.001052
8.6023,0.005536,0.001035
8.6023,0.005529,0.001036
8.6023,0.005529,0.001036
8.6023,0.005539,0.001034
8.6023,0.005541,0.001039
8.6023,0.005549,0.001053
8.6023,0.005558,0.001052
8.6023,0.005561,0.001052
8.6023,0.005534,0.001035
8.6023,0.005538,0.001040
8.6023,0.005558,0.001052
8.6023,0.005529,0.001036
8.6023,0.005536,0.001035
8.6023,0.005546,0.001038
8.6023,0.005539,0.001034
8.6023,0.005551,0.001053
8.6023,0.005546,0.001038
8.6023,0.005542,0.001034
8.6023,0.005534,0.001035
8.6023,0.005549,0.001053
8.6023,0.005558,0.001052
8.6023,0.005546,0.001038
8.6023,0.005542,0.001034
8.6023,0.005532,0.001035
8.6023,0.005558,0.001052
8.6023,0.005541,0.001039
8.6023,0.005532,0.001035
8.6023,0.005560,0.001052
8.6023,0.005539,0.001034
8.6023,0.005538,0.001040
8.6023,0.005534,0.001040
8.6023,0.005539,0.001034
8.6023,0.005548,0.001053
8.6023,0.005561,0.001052
8.6023,0.005561,0.001052
8.6023,0.005551,0.001053
8.6023,0.005538,0.001040
8.6023,0.005541,0.001039
8.6023,0.005558,0.001052
8.6023,0.005538,0.001040
8.6023,0.005551,0.001053
8.6023,0.005534,0.001040
8.6023,0.005558,0.001052
8.6023,0.005561,0.001052
8.6023,0.005539,0.001034
8.6023,0.005560,0.001052
8.6023,0.005531,0.001035
8.6603,0.005483,0.001023
8.6603,0.005472,0.001025
8.6603,0.005471,0.001025
8.6603,0.005479,0.001023
8.6603,0.005483,0.001023
8.6603,0.005483,0.001023
8.6603,0.005483,0.001023
8.6603,0.005478,0.001023
8.6603,0.005478,0.001023
8.6603,0.005472,0.001025
8.6603,0.005476,0.001024
8.6603,0.005478,0.001023
8.6603,0.005471,0.001025
8.6603,0.005483,0.001023
8.6603,0.005483,0.001023
8.6603,0.005471,0.001025
8.6603,0.005479,0.001023
8.6603,0.005479,0.001023
8.6603,0.005483,0.001023
8.6603,0.005475,0.001024
8.6603,0.005483,0.001023
8.6603,0.005471,0.001025
8.6603,0.005471,0.001025
8.6603,0.005469,0.001010
8.6603,0.005476,0.001024
8.6603,0.005483,0.001023
8.6603,0.005465,0.001010
8.6603,0.005456,0.001011
8.6603,0.005460,0.001011
8.6603,0.005478,0.001023
8.6603,0.005475,0.001024
8.6603,0.005465,0.001010
8.6603,0.005483,0.001023
8.6603,0.005475,0.001024
8.6603,0.005460,0.001011
8.6603,0.005472,0.001025
8.6603,0.005471,0.001025
8.6603,0.005483,0.001023
8.6603,0.005476,0.001024
8.6603,0.005475,0.001024
8.6603,0.005472,0.001025
8.6603,0.005475,0.001024
8.6603,0.005476,0.001024
8.6603,0.005472,0.001025
8.6603,0.005472,0.001025
8.6603,0.005460,0.001011
8.6603,0.005479,0.001023
8.6603,0.005478,0.001023
8.6603,0.005475,0.001024
8.6603,0.005479,0.001023
8.6603,0.005479,0.001023
8.6603,0.005478,0.001023
8.6603,0.005483,0.001023
8.6603,0.005476,0.001024
8.6603,0.005476,0.001024
8.6603,0.005465,0.001010
8.7178,0.005419,0.001004
8.7178,0.005414,0.001004
8.7178,0.005414,0.001004
8.7178,0.005414,0.001004
8.7178,0.005419,0.001004
8.7178,0.005408,0.001005
8.7178,0.005414,0.001004
8.7178,0.005415,0.001004
8.7178,0.005408,0.001005
8.7178,0.005421,0.001003
8.7178,0.005415,0.001004
8.7178,0.005415,0.001004
8.7178,0.005421,0.001003
8.7178,0.005415,0.001004
8.7178,0.005414,0.001004
8.7178,0.005421,0.001003
8.7178,0.005415,0.001004
8.7178,0.005409,0.001005
8.7178,0.005419,0.001004
8.7178,0.005409,0.001005
8.7178,0.005409,0.001005
8.7178,0.005415,0.001004
8.7178,0.005414,0.001004
8.7178,0.005408,0.001005
8.7750,0.005353,0.000985
8.7750,0.005367,0.001006
8.7750,0.005369,0.001006
8.7750,0.005377,0.001005
8.7750,0.005343,0.000986
8.7750,0.005367,0.001006
8.7750,0.005367,0.001006
8.7750,0.005376,0.001005
8.7750,0.005376,0.001005
8.7750,0.005378,0.001005
8.7750,0.005369,0.001006
8.7750,0.005377,0.001005
8.7750,0.005376,0.001005
8.7750,0.005350,0.000985
8.7750,0.005353,0.000985
8.7750,0.005346,0.000986
8.7750,0.005365,0.001007
8.7750,0.005346,0.000986
8.7750,0.005348,0.000985
8.7750,0.005347,0.000986
8.7750,0.005352,0.000985
8.7750,0.005350,0.000985
8.7750,0.005365,0.001007
8.7750,0.005350,0.000985
8.7750,0.005365,0.001007
8.7750,0.005367,0.001006
8.7750,0.005365,0.001007
8.7750,0.005348,0.000985
8.7750,0.005377,0.001005
8.7750,0.005347,0.000986
8.7750,0.005353,0.000985
8.7750,0.005369,0.001006
8.7750,0.005343,0.000986
8.7750,0.005367,0.001006
8.7750,0.005378,0.001005
8.7750,0.005367,0.001006
8.7750,0.005378,0.001005
8.7750,0.005365,0.001007
8.7750,0.005369,0.001006
8.7750,0.005378,0.001005
8.7750,0.005374,0.001005
8.7750,0.005376,0.001005
8.7750,0.005348,0.000985
8.7750,0.005350,0.000985
8.7750,0.005346,0.000986
8.7750,0.005365,0.001007
8.7750,0.005369,0.001006
8.7750,0.005356,0.000985
8.7750,0.005347,0.000986
8.7750,0.005367,0.001006
8.7750,0.005377,0.001005
8.7750,0.005352,0.000985
8.7750,0.005369,0.001006
8.7750,0.005376,0.001005
8.7750,0.005367,0.001006
8.7750,0.005343,0.000986
8.7750,0.005353,0.000985
8.7750,0.005374,0.001005
8.7750,0.005343,0.000986
8.7750,0.005346,0.000986
8.7750,0.005346,0.000986
8.7750,0.005377,0.001005
8.7750,0.005374,0.001005
8.7750,0.005367,0.001006
8.7750,0.005374,0.001005
8.7750,0.005348,0.000985
8.7750,0.005356,0.000985
8.7750,0.005347,0.000986
8.7750,0.005378,0.001005
8.7750,0.005350,0.000985
8.7750,0.005347,0.000986
8.7750,0.005346,0.000986
8.7750,0.005356,0.000985
8.7750,0.005350,0.000985
8.7750,0.005367,0.001006
8.7750,0.005356,0.000985
8.7750,0.005374,0.001005
8.7750,0.005343,0.000986
8.7750,0.005348,0.000985
8.7750,0.005352,0.000985
8.7750,0.005376,0.001005
8.7750,0.005378,0.001005
8.7750,0.005367,0.001006
8.7750,0.005347,0.000986
8.7750,0.005353,0.000985
8.7750,0.005352,0.000985
8.7750,0.005356,0.000985
8.7750,0.005352,0.000985
8.7750,0.005348,0.000985
8.7750,0.005356,0.000985
8.7750,0.005367,0.001006
8.7750,0.005352,0.000985
8.7750,0.005353,0.000985
8.7750,0.005343,0.000986
8.7750,0.005374,0.001005
8.7750,0.005377,0.001005
8.8318,0.005309,0.000979
8.8318,0.005309,0.000979
8.8318,0.005297,0.000981
8.8318,0.005303,0.000980
8.8318,0.005310,0.000979
8.8318,0.005306,0.000980
8.8318,0.005299,0.000981
8.8318,0.005303,0.000980
8.8318,0.005310,0.000979
8.8318,0.005306,0.000980
8.8318,0.005310,0.000979
8.8318,0.005310,0.000979
8.8318,0.005299,0.000981
8.8318,0.005309,0.000979
8.8318,0.005310,0.000979
8.8318,0.005303,0.000980
8.8318,0.005310,0.000979
8.8318,0.005305,0.000980
8.8318,0.005297,0.000981
8.8318,0.005309,0.000979
8.8318,0.005305,0.000980
8.8318,0.005299,0.000981
8.8318,0.005302,0.000980
8.8318,0.005309,0.000979
8.8318,0.005303,0.000980
8.8318,0.005302,0.000980
8.8318,0.005302,0.000980
8.8318,0.005297,0.000981
8.8318,0.005299,0.000981
8.8318,0.005297,0.000981
8.8318,0.005302,0.000980
8.8318,0.005297,0.000981
8.8318,0.005297,0.000981
8.8318,0.005299,0.000981
8.8318,0.005305,0.000980
8.8318,0.005299,0.000981
8.8318,0.005302,0.000980
8.8318,0.005309,0.000979
8.8318,0.005303,0.000980
8.8318,0.005302,0.000980
8.8318,0.005303,0.000980
8.8318,0.005306,0.000980
8.8318,0.005305,0.000980
8.8318,0.005306,0.000980
8.8318,0.005305,0.000980
8.8318,0.005306,0.000980
8.8318,0.005305,0.000980
8.8318,0.005306,0.000980
8.9443,0.005200,0.000966
8.9443,0.005212,0.000964
8.9443,0.005209,0.000964
8.9443,0.005212,0.000964
8.9443,0.005209,0.000964
8.9443,0.005203,0.000965
8.9443,0.005200,0.000966
8.9443,0.005203,0.000965
8.9443,0.005200,0.000966
8.9443,0.005200,0.000966
8.9443,0.005212,0.000964
8.9443,0.005203,0.000965
8.9443,0.005209,0.000964
8.9443,0.005209,0.000964
8.9443,0.005209,0.000964
8.9443,0.005212,0.000964
8.9443,0.005203,0.000965
8.9443,0.005200,0.000966
8.9443,0.005212,0.000964
8.9443,0.005200,0.000966
8.9443,0.005203,0.000965
8.9443,0.005203,0.000965
8.9443,0.005212,0.000964
8.9443,0.005209,0.000964
9.0000,0.005128,0.000938
9.0000,0.005152,0.000951
9.0000,0.005153,0.000951
9.0000,0.005153,0.000951
9.0000,0.005133,0.000939
9.0000,0.005143,0.000938
9.0000,0.005153,0.000951
9.0000,0.005146,0.000952
9.0000,0.005143,0.000952
9.0000,0.005136,0.000939
9.0000,0.005133,0.000937
9.0000,0.005144,0.000952
9.0000,0.005128,0.000938
9.0000,0.005155,0.000950
9.0000,0.005156,0.000950
9.0000,0.005144,0.000952
9.0000,0.005136,0.000939
9.0000,0.005155,0.000950
9.0000,0.005143,0.000938
9.0000,0.005133,0.000939
9.0000,0.005140,0.000938
9.0000,0.005156,0.000950
9.0000,0.005144,0.000952
9.0000,0.005140,0.000938
9.0000,0.005128,0.000938
9.0000,0.005147,0.000952
9.0000,0.005144,0.000952
9.0000,0.005156,0.000950
9.0000,0.005153,0.000951
9.0000,0.005135,0.000937
9.0000,0.005152,0.000951
9.0000,0.005130,0.000938
9.0000,0.005153,0.000951
9.0000,0.005135,0.000937
9.0000,0.005155,0.000950
9.0000,0.005156,0.000950
9.0000,0.005152,0.000951
9.0000,0.005153,0.000951
9.0000,0.005140,0.000938
9.0000,0.005137,0.000939
9.0000,0.005130,0.000938
9.0000,0.005147,0.000952
9.0000,0.005156,0.000950
9.0000,0.005133,0.000937
9.0000,0.005147,0.000952
9.0000,0.005133,0.000939
9.0000,0.005140,0.000938
9.0000,0.005177,0.000971
9.0000,0.005152,0.000951
9.0000,0.005133,0.000937
9.0000,0.005146,0.000952
9.0000,0.005129,0.000940
9.0000,0.005144,0.000952
9.0000,0.005143,0.000952
9.0000,0.005155,0.000950
9.0000,0.005155,0.000950
9.0000,0.005141,0.000936
9.0000,0.005146,0.000952
9.0000,0.005136,0.000939
9.0000,0.005147,0.000952
9.0000,0.005143,0.000952
9.0000,0.005139,0.000937
9.0000,0.005133,0.000937
9.0000,0.005135,0.000937
9.0000,0.005152,0.000951
9.0000,0.005152,0.000951
9.0000,0.005137,0.000939
9.0000,0.005139,0.000937
9.0000,0.005165,0.000973
9.0000,0.005155,0.000950
9.0000,0.005135,0.000937
9.0000,0.005133,0.000937
9.0000,0.005146,0.000952
9.0000,0.005130,0.000938
9.0000,0.005135,0.000937
9.0000,0.005143,0.000952
9.0000,0.005129,0.000940
9.0000,0.005140,0.000938
9.0000,0.005129,0.000940
9.0000,0.005144,0.000952
9.0000,0.005140,0.000938
9.0000,0.005143,0.000952
9.0000,0.005147,0.000952
9.0000,0.005133,0.000939
9.0000,0.005143,0.000952
9.0000,0.005137,0.000939
9.0000,0.005141,0.000936
9.0000,0.005177,0.000971
9.0000,0.005177,0.000971
9.0000,0.005156,0.000950
9.0000,0.005146,0.000952
9.0000,0.005133,0.000937
9.0000,0.005139,0.000937
9.0000,0.005165,0.000973
9.0000,0.005143,0.000938
9.0000,0.005147,0.000952
9.0000,0.005133,0.000939
9.0000,0.005133,0.000939
9.0000,0.005135,0.000937
9.0000,0.005141,0.000936
9.0000,0.005146,0.000952
9.0000,0.005165,0.000973
9.0554,0.005099,0.000936
9.0554,0.005125,0.000956
9.0554,0.005112,0.000959
9.0554,0.005113,0.000959
9.0554,0.005090,0.000938
9.0554,0.005104,0.000936
9.0554,0.005099,0.000936
9.0554,0.005102,0.000936
9.0554,0.005095,0.000937
9.0554,0.005113,0.000959
9.0554,0.005102,0.000936
9.0554,0.005112,0.000959
9.0554,0.005104,0.000936
9.0554,0.005125,0.000956
9.0554,0.005124,0.000956
9.0554,0.005099,0.000936
9.0554,0.005102,0.000936
9.0554,0.005092,0.000938
9.0554,0.005092,0.000938
9.0554,0.005092,0.000938
9.0554,0.005112,0.000959
9.0554,0.005124,0.000956
9.0554,0.005102,0.000936
9.0554,0.005095,0.000937
9.0554,0.005092,0.000938
9.0554,0.005102,0.000936
9.0554,0.005112,0.000959
9.0554,0.005104,0.000936
9.0554,0.005112,0.000959
9.0554,0.005124,0.000956
9.0554,0.005124,0.000956
9.0554,0.005090,0.000938
9.0554,0.005113,0.000959
9.0554,0.005125,0.000956
9.0554,0.005113,0.000959
9.0554,0.005125,0.000956
9.0554,0.005124,0.000956
9.0554,0.005092,0.000938
9.0554,0.005112,0.000959
9.0554,0.005113,0.000959
9.0554,0.005124,0.000956
9.0554,0.005102,0.000936
9.0554,0.005113,0.000959
9.0554,0.005125,0.000956
9.0554,0.005092,0.000938
9.0554,0.005090,0.000938
9.0554,0.005095,0.000937
9.0554,0.005125,0.000956
9.1104,0.005029,0.000916
9.1104,0.005058,0.000945
9.1104,0.005041,0.000915
9.1104,0.005029,0.000916
9.1104,0.005038,0.000915
9.1104,0.005057,0.000945
9.1104,0.005029,0.000916
9.1104,0.005036,0.000915
9.1104,0.005069,0.000943
9.1104,0.005070,0.000943
9.1104,0.005041,0.000915
9.1104,0.005058,0.000945
9.1104,0.005038,0.000915
9.1104,0.005027,0.000917
9.1104,0.005038,0.000915
9.1104,0.005034,0.000916
9.1104,0.005034,0.000916
9.1104,0.005034,0.000916
9.1104,0.005058,0.000945
9.1104,0.005041,0.000915
9.1104,0.005031,0.000916
9.1104,0.005041,0.000915
9.1104,0.005036,0.000915
9.1104,0.005034,0.000916
9.1104,0.005034,0.000916
9.1104,0.005027,0.000917
9.1104,0.005036,0.000915
9.1104,0.005034,0.000916
9.1104,0.005058,0.000945
9.1104,0.005031,0.000916
9.1104,0.005036,0.000915
9.1104,0.005027,0.000917
9.1104,0.005034,0.000916
9.1104,0.005031,0.000916
9.1104,0.005058,0.000945
9.1104,0.005041,0.000915
9.1104,0.005041,0.000915
9.1104,0.005068,0.000943
9.1104,0.005031,0.000916
9.1104,0.005068,0.000943
9.1104,0.005070,0.000943
9.1104,0.005069,0.000943
9.1104,0.005034,0.000916
9.1104,0.005069,0.000943
9.1104,0.005034,0.000916
9.1104,0.005029,0.000916
9.1104,0.005029,0.000916
9.1104,0.005058,0.000945
9.1104,0.005031,0.000916
9.1104,0.005038,0.000915
9.1104,0.005031,0.000916
9.1104,0.005069,0.000943
9.1104,0.005027,0.000917
9.1104,0.005070,0.000943
9.1104,0.005069,0.000943
9.1104,0.005034,0.000916
9.1104,0.005036,0.000915
9.1104,0.005036,0.000915
9.1104,0.005069,0.000943
9.1104,0.005038,0.000915
9.1104,0.005038,0.000915
9.1104,0.005027,0.000917
9.1104,0.005034,0.000916
9.1104,0.005058,0.000945
9.1104,0.005057,0.000945
9.1104,0.005068,0.000943
9.1104,0.005029,0.000916
9.1104,0.005058,0.000945
9.1104,0.005027,0.000917
9.1104,0.005058,0.000945
9.1104,0.005034,0.000916
9.1104,0.005057,0.000945
9.1652,0.004999,0.000912
9.1652,0.004988,0.000914
9.1652,0.004990,0.000914
9.1652,0.004990,0.000914
9.1652,0.004988,0.000914
9.1652,0.004997,0.000912
9.1652,0.004993,0.000913
9.1652,0.004990,0.000914
9.1652,0.004991,0.000914
9.1652,0.005002,0.000912
9.1652,0.005002,0.000912
9.1652,0.004993,0.000913
9.1652,0.005000,0.000912
9.1652,0.004997,0.000912
9.1652,0.004990,0.000914
9.1652,0.005000,0.000912
9.1652,0.004997,0.000912
9.1652,0.004991,0.000914
9.1652,0.004993,0.000913
9.1652,0.004991,0.000914
9.1652,0.004993,0.000913
9.1652,0.004990,0.000914
9.1652,0.004997,0.000912
9.1652,0.005002,0.000912
9.1652,0.004999,0.000912
9.1652,0.004999,0.000912
9.1652,0.004988,0.000914
9.1652,0.004990,0.000914
9.1652,0.005002,0.000912
9.1652,0.004999,0.000912
9.1652,0.004993,0.000913
9.1652,0.004991,0.000914
9.1652,0.005000,0.000912
9.1652,0.004988,0.000914
9.1652,0.004991,0.000914
9.1652,0.004993,0.000913
9.1652,0.004988,0.000914
9.1652,0.004991,0.000914
9.1652,0.005000,0.000912
9.1652,0.005002,0.000912
9.1652,0.005000,0.000912
9.1652,0.004997,0.000912
9.1652,0.005000,0.000912
9.1652,0.004999,0.000912
9.1652,0.004997,0.000912
9.1652,0.004999,0.000912
9.1652,0.005002,0.000912
9.1652,0.004988,0.000914
9.2195,0.004938,0.000897
9.2195,0.004932,0.000898
9.2195,0.004939,0.000897
9.2195,0.004954,0.000919
9.2195,0.004932,0.000898
9.2195,0.004967,0.000916
9.2195,0.004965,0.000917
9.2195,0.004945,0.000896
9.2195,0.004945,0.000896
9.2195,0.004955,0.000919
9.2195,0.004938,0.000897
9.2195,0.004967,0.000916
9.2195,0.004954,0.000919
9.2195,0.004932,0.000898
9.2195,0.004938,0.000897
9.2195,0.004932,0.000898
9.2195,0.004955,0.000919
9.2195,0.004939,0.000897
9.2195,0.004955,0.000919
9.2195,0.004954,0.000919
9.2195,0.004939,0.000897
9.2195,0.004965,0.000917
9.2195,0.004945,0.000896
9.2195,0.004954,0.000919
9.2195,0.004932,0.000898
9.2195,0.004938,0.000897
9.2195,0.004967,0.000916
9.2195,0.004965,0.000917
9.2195,0.004945,0.000896
9.2195,0.004965,0.000917
9.2195,0.004965,0.000917
9.2195,0.004954,0.000919
9.2195,0.004955,0.000919
9.2195,0.004939,0.000897
9.2195,0.004938,0.000897
9.2195,0.004945,0.000896
9.2195,0.004945,0.000896
9.2195,0.004939,0.000897
9.2195,0.004939,0.000897
9.2195,0.004954,0.000919
9.2195,0.004955,0.000919
9.2195,0.004965,0.000917
9.2195,0.004932,0.000898
9.2195,0.004938,0.000897
9.2195,0.004967,0.000916
9.2195,0.004955,0.000919
9.2195,0.004967,0.000916
9.2195,0.004967,0.000916
9.2736,0.004885,0.000877
9.2736,0.004906,0.000906
9.2736,0.004919,0.000904
9.2736,0.004918,0.000904
9.2736,0.004885,0.000886
9.2736,0.004907,0.000906
9.2736,0.004890,0.000885
9.2736,0.004917,0.000904
9.2736,0.004890,0.000885
9.2736,0.004906,0.000906
9.2736,0.004886,0.000886
9.2736,0.004885,0.000886
9.2736,0.004907,0.000906
9.2736,0.004918,0.000904
9.2736,0.004917,0.000904
9.2736,0.004905,0.000906
9.2736,0.004891,0.000885
9.2736,0.004885,0.000877
9.2736,0.004880,0.000877
9.2736,0.004917,0.000904
9.2736,0.004885,0.000886
9.2736,0.004886,0.000886
9.2736,0.004884,0.000877
9.2736,0.004890,0.000876
9.2736,0.004880,0.000877
9.2736,0.004907,0.000906
9.2736,0.004905,0.000906
9.2736,0.004885,0.000877
9.2736,0.004907,0.000906
9.2736,0.004898,0.000884
9.2736,0.004907,0.000906
9.2736,0.004880,0.000877
9.2736,0.004891,0.000885
9.2736,0.004905,0.000906
9.2736,0.004893,0.000885
9.2736,0.004919,0.000904
9.2736,0.004917,0.000904
9.2736,0.004898,0.000884
9.2736,0.004917,0.000904
9.2736,0.004917,0.000904
9.2736,0.004907,0.000906
9.2736,0.004890,0.000885
9.2736,0.004917,0.000904
9.2736,0.004876,0.000878
9.2736,0.004884,0.000877
9.2736,0.004893,0.000885
9.2736,0.004897,0.000884
9.2736,0.004885,0.000886
9.2736,0.004892,0.000885
9.2736,0.004905,0.000906
9.2736,0.004885,0.000877
9.2736,0.004898,0.000884
9.2736,0.004891,0.000885
9.2736,0.004917,0.000904
9.2736,0.004906,0.000906
9.2736,0.004917,0.000904
9.2736,0.004892,0.000885
9.2736,0.004919,0.000904
9.2736,0.004881,0.000877
9.2736,0.004917,0.000904
9.2736,0.004885,0.000877
9.2736,0.004897,0.000884
9.2736,0.004880,0.000877
9.2736,0.004898,0.000884
9.2736,0.004890,0.000885
9.2736,0.004892,0.000885
9.2736,0.004898,0.000884
9.2736,0.004918,0.000904
9.2736,0.004886,0.000886
9.2736,0.004919,0.000904
9.2736,0.004907,0.000906
9.2736,0.004890,0.000885
9.2736,0.004906,0.000906
9.2736,0.004881,0.000877
9.2736,0.004897,0.000884
9.2736,0.004898,0.000884
9.2736,0.004891,0.000885
9.2736,0.004885,0.000886
9.2736,0.004907,0.000906
9.2736,0.004890,0.000885
9.2736,0.004876,0.000878
9.2736,0.004880,0.000877
9.2736,0.004907,0.000906
9.2736,0.004876,0.000878
9.2736,0.004880,0.000877
9.2736,0.004890,0.000876
9.2736,0.004885,0.000877
9.2736,0.004890,0.000876
9.2736,0.004907,0.000906
9.2736,0.004884,0.000877
9.2736,0.004893,0.000885
9.2736,0.004886,0.000886
9.2736,0.004885,0.000886
9.2736,0.004892,0.000885
9.2736,0.004905,0.000906
9.2736,0.004886,0.000886
9.2736,0.004893,0.000885
9.2736,0.004892,0.000885
9.2736,0.004886,0.000886
9.2736,0.004897,0.000884
9.2736,0.004891,0.000885
9.2736,0.004905,0.000906
9.2736,0.004892,0.000885
9.2736,0.004906,0.000906
9.2736,0.004881,0.000877
9.2736,0.004907,0.000906
9.2736,0.004897,0.000884
9.2736,0.004907,0.000906
9.2736,0.004893,0.000885
9.2736,0.004919,0.000904
9.2736,0.004917,0.000904
9.2736,0.004918,0.000904
9.2736,0.004897,0.000884
9.2736,0.004918,0.000904
9.2736,0.004891,0.000885
9.2736,0.004919,0.000904
9.2736,0.004893,0.000885
9.2736,0.004918,0.000904
9.2736,0.004917,0.000904
9.2736,0.004906,0.000906
9.3808,0.004792,0.000857
9.3808,0.004797,0.000857
9.3808,0.004783,0.000858
9.3808,0.004789,0.000858
9.3808,0.004794,0.000857
9.3808,0.004792,0.000857
9.3808,0.004789,0.000858
9.3808,0.004789,0.000858
9.3808,0.004794,0.000857
9.3808,0.004789,0.000858
9.3808,0.004797,0.000857
9.3808,0.004789,0.000858
9.3808,0.004792,0.000857
9.3808,0.004786,0.000858
9.3808,0.004786,0.000858
9.3808,0.004797,0.000857
9.3808,0.004783,0.000858
9.3808,0.004794,0.000857
9.3808,0.004792,0.000857
9.3808,0.004792,0.000857
9.3808,0.004786,0.000858
9.3808,0.004789,0.000858
9.3808,0.004792,0.000857
9.3808,0.004783,0.000858
9.4340,0.004748,0.000859
9.4340,0.004760,0.000870
9.4340,0.004750,0.000852
9.4340,0.004754,0.000852
9.4340,0.004755,0.000851
9.4340,0.004747,0.000852
9.4340,0.004752,0.000859
9.4340,0.004741,0.000853
9.4340,0.004759,0.000855
9.4340,0.004748,0.000859
9.4340,0.004750,0.000852
9.4340,0.004748,0.000852
9.4340,0.004748,0.000859
9.4340,0.004752,0.000859
9.4340,0.004772,0.000868
9.4340,0.004748,0.000859
9.4340,0.004762,0.000870
9.4340,0.004747,0.000857
9.4340,0.004773,0.000868
9.4340,0.004770,0.000868
9.4340,0.004757,0.000858
9.4340,0.004761,0.000857
9.4340,0.004752,0.000859
9.4340,0.004761,0.000857
9.4340,0.004757,0.000858
9.4340,0.004761,0.000857
9.4340,0.004747,0.000852
9.4340,0.004748,0.000852
9.4340,0.004748,0.000852
9.4340,0.004752,0.000859
9.4340,0.004759,0.000870
9.4340,0.004772,0.000868
9.4340,0.004743,0.000853
9.4340,0.004761,0.000857
9.4340,0.004748,0.000852
9.4340,0.004757,0.000858
9.4340,0.004752,0.000859
9.4340,0.004760,0.000870
9.4340,0.004747,0.000857
9.4340,0.004747,0.000857
9.4340,0.004750,0.000857
9.4340,0.004747,0.000857
9.4340,0.004745,0.000857
9.4340,0.004773,0.000868
9.4340,0.004748,0.000857
9.4340,0.004754,0.000856
9.4340,0.004755,0.000851
9.4340,0.004772,0.000868
9.4340,0.004756,0.000855
9.4340,0.004750,0.000852
9.4340,0.004755,0.000851
9.4340,0.004754,0.000852
9.4340,0.004748,0.000857
9.4340,0.004750,0.000852
9.4340,0.004745,0.000857
9.4340,0.004755,0.000851
9.4340,0.004748,0.000852
9.4340,0.004743,0.000853
9.4340,0.004748,0.000857
9.4340,0.004759,0.000855
9.4340,0.004757,0.000855
9.4340,0.004757,0.000855
9.4340,0.004748,0.000859
9.4340,0.004748,0.000857
9.4340,0.004757,0.000855
9.4340,0.004748,0.000852
9.4340,0.004757,0.000855
9.4340,0.004773,0.000868
9.4340,0.004755,0.000851
9.4340,0.004747,0.000852
9.4340,0.004747,0.000857
9.4340,0.004756,0.000855
9.4340,0.004741,0.000853
9.4340,0.004757,0.000855
9.4340,0.004743,0.000853
9.4340,0.004750,0.000857
9.4340,0.004754,0.000856
9.4340,0.004757,0.000858
9.4340,0.004756,0.000855
9.4340,0.004759,0.000855
9.4340,0.004745,0.000857
9.4340,0.004750,0.000857
9.4340,0.004756,0.000855
9.4340,0.004756,0.000855
9.4340,0.004759,0.000855
9.4340,0.004748,0.000857
9.4340,0.004748,0.000859
9.4340,0.004761,0.000857
9.4340,0.004741,0.000853
9.4340,0.004752,0.000859
9.4340,0.004754,0.000856
9.4340,0.004756,0.000855
9.4340,0.004745,0.000857
9.4340,0.004748,0.000857
9.4340,0.004754,0.000856
9.4340,0.004750,0.000857
9.4340,0.004754,0.000856
9.4340,0.004757,0.000858
9.4340,0.004745,0.000857
9.4340,0.004762,0.000870
9.4340,0.004754,0.000856
9.4340,0.004760,0.000870
9.4340,0.004772,0.000868
9.4340,0.004747,0.000852
9.4340,0.004745,0.000857
9.4340,0.004750,0.000857
9.4340,0.004747,0.000852
9.4340,0.004748,0.000852
9.4340,0.004762,0.000870
9.4340,0.004757,0.000858
9.4340,0.004741,0.000853
9.4340,0.004754,0.000852
9.4340,0.004743,0.000853
9.4340,0.004772,0.000868
9.4340,0.004759,0.000855
9.4340,0.004754,0.000852
9.4340,0.004748,0.000852
9.4340,0.004750,0.000852
9.4340,0.004743,0.000853
9.4340,0.004743,0.000853
9.4340,0.004755,0.000851
9.4340,0.004748,0.000852
9.4340,0.004750,0.000852
9.4340,0.004759,0.000870
9.4340,0.004760,0.000870
9.4340,0.004759,0.000855
9.4340,0.004760,0.000870
9.4340,0.004757,0.000855
9.4340,0.004741,0.000853
9.4340,0.004747,0.000852
9.4340,0.004741,0.000853
9.4340,0.004748,0.000852
9.4340,0.004770,0.000868
9.4340,0.004750,0.000857
9.4340,0.004747,0.000857
9.4340,0.004754,0.000852
9.4340,0.004761,0.000857
9.4340,0.004772,0.000868
9.4340,0.004759,0.000870
9.4340,0.004748,0.000852
9.4340,0.004754,0.000852
9.4340,0.004770,0.000868
9.4340,0.004748,0.000852
9.4340,0.004760,0.000870
9.4868,0.004729,0.000857
9.4868,0.004729,0.000857
9.4868,0.004717,0.000846
9.4868,0.004694,0.000840
9.4868,0.004715,0.000860
9.4868,0.004717,0.000859
9.4868,0.004717,0.000846
9.4868,0.004729,0.000857
9.4868,0.004717,0.000859
9.4868,0.004699,0.000839
9.4868,0.004708,0.000848
9.4868,0.004713,0.000847
9.4868,0.004717,0.000846
9.4868,0.004694,0.000840
9.4868,0.004705,0.000839
9.4868,0.004708,0.000848
9.4868,0.004708,0.000848
9.4868,0.004709,0.000838
9.4868,0.004702,0.000839
9.4868,0.004708,0.000848
9.4868,0.004698,0.000840
9.4868,0.004708,0.000848
9.4868,0.004698,0.000840
9.4868,0.004699,0.000839
9.4868,0.004698,0.000840
9.4868,0.004706,0.000838
9.4868,0.004713,0.000847
9.4868,0.004705,0.000839
9.4868,0.004708,0.000848
9.4868,0.004704,0.000848
9.4868,0.004699,0.000839
9.4868,0.004702,0.000839
9.4868,0.004699,0.000839
9.4868,0.004708,0.000848
9.4868,0.004704,0.000848
9.4868,0.004702,0.000839
9.4868,0.004702,0.000839
9.4868,0.004717,0.000859
9.4868,0.004729,0.000857
9.4868,0.004709,0.000838
9.4868,0.004698,0.000840
9.4868,0.004702,0.000839
9.4868,0.004726,0.000858
9.4868,0.004704,0.000848
9.4868,0.004717,0.000847
9.4868,0.004702,0.000839
9.4868,0.004704,0.000848
9.4868,0.004717,0.000859
9.4868,0.004729,0.000857
9.4868,0.004708,0.000848
9.4868,0.004709,0.000838
9.4868,0.004712,0.000847
9.4868,0.004717,0.000847
9.4868,0.004717,0.000846
9.4868,0.004708,0.000848
9.4868,0.004704,0.000848
9.4868,0.004729,0.000857
9.4868,0.004709,0.000838
9.4868,0.004717,0.000847
9.4868,0.004715,0.000860
9.4868,0.004715,0.000860
9.4868,0.004712,0.000847
9.4868,0.004704,0.000848
9.4868,0.004698,0.000840
9.4868,0.004694,0.000840
9.4868,0.004715,0.000860
9.4868,0.004705,0.000839
9.4868,0.004701,0.000839
9.4868,0.004717,0.000847
9.4868,0.004712,0.000847
9.4868,0.004706,0.000838
9.4868,0.004704,0.000848
9.4868,0.004712,0.000847
9.4868,0.004713,0.000847
9.4868,0.004717,0.000846
9.4868,0.004694,0.000840
9.4868,0.004726,0.000858
9.4868,0.004704,0.000848
9.4868,0.004708,0.000848
9.4868,0.004717,0.000847
9.4868,0.004712,0.000847
9.4868,0.004709,0.000838
9.4868,0.004726,0.000858
9.4868,0.004704,0.000848
9.4868,0.004713,0.000847
9.4868,0.004704,0.000848
9.4868,0.004705,0.000839
9.4868,0.004726,0.000858
9.4868,0.004717,0.000859
9.4868,0.004713,0.000847
9.4868,0.004708,0.000848
9.4868,0.004698,0.000840
9.4868,0.004726,0.000858
9.4868,0.004694,0.000840
9.4868,0.004717,0.000847
9.4868,0.004706,0.000838
9.4868,0.004713,0.000847
9.4868,0.004701,0.000839
9.4868,0.004726,0.000858
9.4868,0.004694,0.000840
9.4868,0.004701,0.000839
9.4868,0.004704,0.000848
9.4868,0.004701,0.000839
9.4868,0.004706,0.000838
9.4868,0.004699,0.000839
9.4868,0.004706,0.000838
9.4868,0.004706,0.000838
9.4868,0.004709,0.000838
9.4868,0.004715,0.000860
9.4868,0.004699,0.000839
9.4868,0.004717,0.000859
9.4868,0.004701,0.000839
9.4868,0.004701,0.000839
9.4868,0.004717,0.000846
9.4868,0.004705,0.000839
9.4868,0.004708,0.000848
9.4868,0.004712,0.000847
9.4868,0.004715,0.000860
9.4868,0.004705,0.000839
9.4868,0.004704,0.000848
9.5394,0.004681,0.000847
9.5394,0.004670,0.000849
9.5394,0.004679,0.000847
9.5394,0.004668,0.000849
9.5394,0.004682,0.000847
9.5394,0.004670,0.000849
9.5394,0.004679,0.000847
9.5394,0.004679,0.000847
9.5394,0.004679,0.000847
9.5394,0.004670,0.000849
9.5394,0.004682,0.000847
9.5394,0.004668,0.000849
9.5394,0.004679,0.000847
9.5394,0.004670,0.000849
9.5394,0.004668,0.000849
9.5394,0.004670,0.000849
9.5394,0.004679,0.000847
9.5394,0.004670,0.000849
9.5394,0.004679,0.000847
9.5394,0.004682,0.000847
9.5394,0.004668,0.000849
9.5394,0.004668,0.000849
9.5394,0.004670,0.000849
9.5394,0.004668,0.000849
9.5394,0.004679,0.000847
9.5394,0.004670,0.000849
9.5394,0.004670,0.000849
9.5394,0.004668,0.000849
9.5394,0.004682,0.000847
9.5394,0.004670,0.000849
9.5394,0.004668,0.000849
9.5394,0.004670,0.000849
9.5394,0.004681,0.000847
9.5394,0.004679,0.000847
9.5394,0.004668,0.000849
9.5394,0.004679,0.000847
9.5394,0.004681,0.000847
9.5394,0.004668,0.000849
9.5394,0.004682,0.000847
9.5394,0.004682,0.000847
9.5394,0.004679,0.000847
9.5394,0.004668,0.000849
9.5394,0.004681,0.000847
9.5394,0.004668,0.000849
9.5394,0.004670,0.000849
9.5394,0.004681,0.000847
9.5394,0.004681,0.000847
9.5394,0.004679,0.000847
9.6437,0.004575,0.000817
9.6437,0.004582,0.000816
9.6437,0.004583,0.000816
9.6437,0.004571,0.000818
9.6437,0.004579,0.000816
9.6437,0.004583,0.000816
9.6437,0.004579,0.000816
9.6437,0.004571,0.000818
9.6437,0.004578,0.000816
9.6437,0.004583,0.000816
9.6437,0.004573,0.000817
9.6437,0.004582,0.000816
9.6437,0.004578,0.000816
9.6437,0.004583,0.000816
9.6437,0.004579,0.000816
9.6437,0.004569,0.000818
9.6437,0.004578,0.000816
9.6437,0.004575,0.000817
9.6437,0.004569,0.000818
9.6437,0.004578,0.000816
9.6437,0.004573,0.000817
9.6437,0.004582,0.000816
9.6437,0.004569,0.000818
9.6437,0.004571,0.000818
9.6437,0.004583,0.000816
9.6437,0.004575,0.000817
9.6437,0.004571,0.000818
9.6437,0.004579,0.000816
9.6437,0.004575,0.000817
9.6437,0.004569,0.000818
9.6437,0.004578,0.000816
9.6437,0.004573,0.000817
9.6437,0.004573,0.000817
9.6437,0.004575,0.000817
9.6437,0.004583,0.000816
9.6437,0.004573,0.000817
9.6437,0.004569,0.000818
9.6437,0.004579,0.000816
9.6437,0.004582,0.000816
9.6437,0.004571,0.000818
9.6437,0.004578,0.000816
9.6437,0.004569,0.000818
9.6437,0.004579,0.000816
9.6437,0.004582,0.000816
9.6437,0.004573,0.000817
9.6437,0.004571,0.000818
9.6437,0.004575,0.000817
9.6437,0.004582,0.000816
9.6954,0.004552,0.000815
9.6954,0.004549,0.000816
9.6954,0.004531,0.000803
9.6954,0.004526,0.000803
9.6954,0.004552,0.000815
9.6954,0.004540,0.000817
9.6954,0.004531,0.000803
9.6954,0.004526,0.000803
9.6954,0.004549,0.000816
9.6954,0.004531,0.000803
9.6954,0.004537,0.000817
9.6954,0.004550,0.000816
9.6954,0.004541,0.000817
9.6954,0.004524,0.000803
9.6954,0.004526,0.000803
9.6954,0.004533,0.000802
9.6954,0.004536,0.000802
9.6954,0.004537,0.000817
9.6954,0.004540,0.000817
9.6954,0.004524,0.000803
9.6954,0.004526,0.000803
9.6954,0.004539,0.000817
9.6954,0.004552,0.000815
9.6954,0.004529,0.000803
9.6954,0.004552,0.000815
9.6954,0.004551,0.000815
9.6954,0.004524,0.000803
9.6954,0.004538,0.000802
9.6954,0.004538,0.000802
9.6954,0.004541,0.000817
9.6954,0.004529,0.000803
9.6954,0.004533,0.000802
9.6954,0.004541,0.000817
9.6954,0.004550,0.000816
9.6954,0.004530,0.000802
9.6954,0.004533,0.000802
9.6954,0.004539,0.000817
9.6954,0.004551,0.000815
9.6954,0.004550,0.000816
9.6954,0.004524,0.000803
9.6954,0.004529,0.000803
9.6954,0.004536,0.000802
9.6954,0.004530,0.000802
9.6954,0.004536,0.000802
9.6954,0.004538,0.000802
9.6954,0.004540,0.000817
9.6954,0.004537,0.000817
9.6954,0.004538,0.000802
9.6954,0.004533,0.000802
9.6954,0.004531,0.000803
9.6954,0.004540,0.000817
9.6954,0.004541,0.000817
9.6954,0.004551,0.000815
9.6954,0.004539,0.000817
9.6954,0.004549,0.000816
9.6954,0.004540,0.000817
9.6954,0.004551,0.000815
9.6954,0.004524,0.000803
9.6954,0.004538,0.000802
9.6954,0.004533,0.000802
9.6954,0.004530,0.000802
9.6954,0.004529,0.000803
9.6954,0.004541,0.000817
9.6954,0.004531,0.000803
9.6954,0.004537,0.000817
9.6954,0.004549,0.000816
9.6954,0.004550,0.000816
9.6954,0.004552,0.000815
9.6954,0.004551,0.000815
9.6954,0.004549,0.000816
9.6954,0.004540,0.000817
9.6954,0.004551,0.000815
9.6954,0.004537,0.000817
9.6954,0.004552,0.000815
9.6954,0.004536,0.000802
9.6954,0.004526,0.000803
9.6954,0.004541,0.000817
9.6954,0.004539,0.000817
9.6954,0.004529,0.000803
9.6954,0.004536,0.000802
9.6954,0.004538,0.000802
9.6954,0.004550,0.000816
9.6954,0.004531,0.000803
9.6954,0.004530,0.000802
9.6954,0.004529,0.000803
9.6954,0.004524,0.000803
9.6954,0.004539,0.000817
9.6954,0.004536,0.000802
9.6954,0.004526,0.000803
9.6954,0.004533,0.000802
9.6954,0.004550,0.000816
9.6954,0.004537,0.000817
9.6954,0.004530,0.000802
9.6954,0.004530,0.000802
9.6954,0.004539,0.000817
9.6954,0.004549,0.000816
9.7980,0.004447,0.000788
9.7980,0.004444,0.000788
9.7980,0.004459,0.000787
9.7980,0.004444,0.000788
9.7980,0.004450,0.000788
9.7980,0.004444,0.000788
9.7980,0.004450,0.000788
9.7980,0.004447,0.000788
9.7980,0.004453,0.000787
9.7980,0.004459,0.000787
9.7980,0.004450,0.000788
9.7980,0.004456,0.000787
9.7980,0.004447,0.000788
9.7980,0.004447,0.000788
9.7980,0.004456,0.000787
9.7980,0.004447,0.000788
9.7980,0.004453,0.000787
9.7980,0.004456,0.000787
9.7980,0.004459,0.000787
9.7980,0.004456,0.000787
9.7980,0.004456,0.000787
9.7980,0.004447,0.000788
9.7980,0.004456,0.000787
9.7980,0.004453,0.000787
9.8489,0.004412,0.000790
9.8489,0.004426,0.000788
9.8489,0.004406,0.000773
9.8489,0.004415,0.000789
9.8489,0.004412,0.000790
9.8489,0.004426,0.000788
9.8489,0.004412,0.000790
9.8489,0.004402,0.000773
9.8489,0.004402,0.000773
9.8489,0.004423,0.000788
9.8489,0.004402,0.000773
9.8489,0.004406,0.000773
9.8489,0.004426,0.000788
9.8489,0.004396,0.000774
9.8489,0.004400,0.000773
9.8489,0.004415,0.000789
9.8489,0.004423,0.000788
9.8489,0.004411,0.000772
9.8489,0.004406,0.000773
9.8489,0.004423,0.000788
9.8489,0.004423,0.000788
9.8489,0.004415,0.000789
9.8489,0.004406,0.000773
9.8489,0.004426,0.000788
9.8489,0.004415,0.000789
9.8489,0.004412,0.000790
9.8489,0.004415,0.000789
9.8489,0.004396,0.000774
9.8489,0.004407,0.000773
9.8489,0.004402,0.000773
9.8489,0.004400,0.000773
9.8489,0.004396,0.000774
9.8489,0.004411,0.000772
9.8489,0.004407,0.000773
9.8489,0.004411,0.000772
9.8489,0.004402,0.000773
9.8489,0.004402,0.000773
9.8489,0.004423,0.000788
9.8489,0.004406,0.000773
9.8489,0.004426,0.000788
9.8489,0.004426,0.000788
9.8489,0.004412,0.000790
9.8489,0.004423,0.000788
9.8489,0.004407,0.000773
9.8489,0.004400,0.000773
9.8489,0.004406,0.000773
9.8489,0.004415,0.000789
9.8489,0.004412,0.000790
9.8995,0.004377,0.000780
9.8995,0.004365,0.000771
9.8995,0.004369,0.000771
9.8995,0.004371,0.000771
9.8995,0.004377,0.000780
9.8995,0.004374,0.000780
9.8995,0.004365,0.000771
9.8995,0.004367,0.000771
9.8995,0.004367,0.000771
9.8995,0.004377,0.000780
9.8995,0.004377,0.000780
9.8995,0.004374,0.000780
9.8995,0.004373,0.000780
9.8995,0.004369,0.000771
9.8995,0.004388,0.000778
9.8995,0.004385,0.000778
9.8995,0.004388,0.000778
9.8995,0.004377,0.000780
9.8995,0.004377,0.000780
9.8995,0.004377,0.000780
9.8995,0.004380,0.000770
9.8995,0.004376,0.000770
9.8995,0.004380,0.000770
9.8995,0.004371,0.000771
9.8995,0.004376,0.000770
9.8995,0.004367,0.000771
9.8995,0.004371,0.000771
9.8995,0.004367,0.000771
9.8995,0.004388,0.000778
9.8995,0.004371,0.000771
9.8995,0.004388,0.000778
9.8995,0.004377,0.000780
9.8995,0.004385,0.000778
9.8995,0.004374,0.000780
9.8995,0.004377,0.000780
9.8995,0.004374,0.000780
9.8995,0.004380,0.000770
9.8995,0.004373,0.000771
9.8995,0.004373,0.000771
9.8995,0.004366,0.000772
9.8995,0.004388,0.000778
9.8995,0.004385,0.000778
9.8995,0.004388,0.000778
9.8995,0.004377,0.000780
9.8995,0.004377,0.000780
9.8995,0.004388,0.000778
9.8995,0.004388,0.000778
9.8995,0.004388,0.000778
9.8995,0.004388,0.000778
9.8995,0.004385,0.000778
9.8995,0.004388,0.000778
9.8995,0.004385,0.000778
9.8995,0.004385,0.000778
9.8995,0.004385,0.000778
9.8995,0.004380,0.000770
9.8995,0.004378,0.000770
9.8995,0.004380,0.000770
9.8995,0.004376,0.000770
9.8995,0.004378,0.000770
9.8995,0.004374,0.000770
9.8995,0.004376,0.000770
9.8995,0.004374,0.000770
9.8995,0.004380,0.000770
9.8995,0.004380,0.000770
9.8995,0.004373,0.000771
9.8995,0.004373,0.000771
9.8995,0.004380,0.000770
9.8995,0.004378,0.000770
9.8995,0.004380,0.000770
9.8995,0.004371,0.000771
9.8995,0.004378,0.000770
9.8995,0.004369,0.000771
9.8995,0.004371,0.000771
9.8995,0.004369,0.000771
9.8995,0.004388,0.000778
9.8995,0.004385,0.000778
9.8995,0.004373,0.000780
9.8995,0.004365,0.000771
9.8995,0.004373,0.000780
9.8995,0.004373,0.000771
9.8995,0.004367,0.000771
9.8995,0.004369,0.000771
9.8995,0.004365,0.000771
9.8995,0.004373,0.000771
9.8995,0.004385,0.000778
9.8995,0.004385,0.000778
9.8995,0.004385,0.000778
9.8995,0.004374,0.000780
9.8995,0.004374,0.000770
9.8995,0.004365,0.000771
9.8995,0.004385,0.000778
9.8995,0.004373,0.000780
9.8995,0.004374,0.000780
9.8995,0.004374,0.000770
9.8995,0.004366,0.000772
9.8995,0.004376,0.000770
9.8995,0.004373,0.000780
9.8995,0.004366,0.000772
9.8995,0.004377,0.000780
9.8995,0.004373,0.000780
9.8995,0.004365,0.000771
9.8995,0.004378,0.000770
9.8995,0.004374,0.000770
9.8995,0.004378,0.000770
9.8995,0.004369,0.000771
9.8995,0.004374,0.000770
9.8995,0.004367,0.000771
9.8995,0.004376,0.000770
9.9499,0.004339,0.000762
9.9499,0.004331,0.000757
9.9499,0.004335,0.000757
9.9499,0.004320,0.000758
9.9499,0.004339,0.000762
9.9499,0.004331,0.000757
9.9499,0.004332,0.000762
9.9499,0.004326,0.000757
9.9499,0.004333,0.000762
9.9499,0.004339,0.000762
9.9499,0.004333,0.000762
9.9499,0.004332,0.000762
9.9499,0.004333,0.000762
9.9499,0.004324,0.000758
9.9499,0.004331,0.000771
9.9499,0.004347,0.000769
9.9499,0.004345,0.000769
9.9499,0.004326,0.000763
9.9499,0.004320,0.000758
9.9499,0.004324,0.000758
9.9499,0.004334,0.000771
9.9499,0.004339,0.000762
9.9499,0.004325,0.000763
9.9499,0.004342,0.000769
9.9499,0.004332,0.000762
9.9499,0.004326,0.000763
9.9499,0.004333,0.000762
9.9499,0.004324,0.000758
9.9499,0.004328,0.000758
9.9499,0.004332,0.000762
9.9499,0.004345,0.000769
9.9499,0.004332,0.000762
9.9499,0.004334,0.000771
9.9499,0.004326,0.000757
9.9499,0.004334,0.000771
9.9499,0.004336,0.000770
9.9499,0.004334,0.000771
9.9499,0.004339,0.000762
9.9499,0.004333,0.000762
9.9499,0.004331,0.000771
9.9499,0.004342,0.000769
9.9499,0.004331,0.000771
9.9499,0.004334,0.000771
9.9499,0.004333,0.000762
9.9499,0.004326,0.000763
9.9499,0.004342,0.000769
9.9499,0.004345,0.000769
9.9499,0.004339,0.000762
9.9499,0.004332,0.000762
9.9499,0.004325,0.000763
9.9499,0.004345,0.000769
9.9499,0.004320,0.000758
9.9499,0.004334,0.000771
9.9499,0.004336,0.000770
9.9499,0.004335,0.000757
9.9499,0.004331,0.000757
9.9499,0.004335,0.000757
9.9499,0.004328,0.000758
9.9499,0.004331,0.000757
9.9499,0.004324,0.000758
9.9499,0.004328,0.000758
9.9499,0.004345,0.000769
9.9499,0.004324,0.000758
9.9499,0.004331,0.000757
9.9499,0.004326,0.000757
9.9499,0.004336,0.000770
9.9499,0.004331,0.000757
9.9499,0.004347,0.000769
9.9499,0.004345,0.000769
9.9499,0.004347,0.000769
9.9499,0.004324,0.000758
9.9499,0.004325,0.000763
