x,y,z,phi,Ex,Ey,Ez
0,0,25,0.000000,0.000000,0.000000,-0.000000
0,1,25,0.000000,0.000000,-0.000000,-0.000000
0,2,25,0.000000,0.000000,-0.000000,-0.000000
0,3,25,0.000000,0.000000,-0.000000,-0.000000
0,4,25,0.000000,0.000000,-0.000000,-0.000000
0,5,25,0.000000,0.000000,-0.000000,-0.000000
0,6,25,0.000000,0.000000,-0.000000,-0.000000
0,7,25,0.000000,0.000000,-0.000000,-0.000000
0,8,25,0.000000,0.000000,-0.000000,-0.000000
0,9,25,0.000000,0.000000,-0.000000,-0.000000
0,10,25,0.000000,0.000000,-0.000000,-0.000000
0,11,25,0.000000,0.000000,-0.000000,-0.000000
0,12,25,0.000000,0.000000,-0.000000,-0.000000
0,13,25,0.000000,0.000000,-0.000000,-0.000000
0,14,25,0.000000,0.000000,-0.000000,-0.000000
0,15,25,0.000000,0.000000,-0.000000,-0.000000
0,16,25,0.000000,0.000000,-0.000000,-0.000000
0,17,25,0.000000,0.000000,-0.000000,-0.000000
0,18,25,0.000000,0.000000,-0.000000,-0.000000
0,19,25,0.000000,0.000000,-0.000000,-0.000000
0,20,25,0.000000,0.000000,-0.000000,-0.000000
0,21,25,0.000000,0.000000,-0.000000,-0.000000
0,22,25,0.000000,0.000000,-0.000000,-0.000000
0,23,25,0.000000,0.000000,-0.000000,-0.000000
0,24,25,0.000000,0.000000,-0.000000,-0.000000
0,25,25,0.000000,0.000000,-0.000000,-0.000000
0,26,25,0.000000,0.000000,-0.000000,-0.000000
0,27,25,0.000000,0.000000,-0.000000,-0.000000
0,28,25,0.000000,0.000000,-0.000000,-0.000000
0,29,25,0.000000,0.000000,-0.000000,-0.000000
0,30,25,0.000000,0.000000,-0.000000,-0.000000
0,31,25,0.000000,0.000000,-0.000000,-0.000000
0,32,25,0.000000,0.000000,-0.000000,-0.000000
0,33,25,0.000000,0.000000,-0.000000,-0.000000
0,34,25,0.000000,0.000000,-0.000000,-0.000000
0,35,25,0.000000,0.000000,-0.000000,-0.000000
0,36,25,0.000000,0.000000,-0.000000,-0.000000
0,37,25,0.000000,0.000000,-0.000000,-0.000000
0,38,25,0.000000,0.000000,-0.000000,-0.000000
0,39,25,0.000000,0.000000,-0.000000,-0.000000
0,40,25,0.000000,0.000000,-0.000000,-0.000000
0,41,25,0.000000,0.000000,-0.000000,-0.000000
0,42,25,0.000000,0.000000,-0.000000,-0.000000
0,43,25,0.000000,0.000000,-0.000000,-0.000000
0,44,25,0.000000,0.000000,-0.000000,-0.000000
0,45,25,0.000000,0.000000,-0.000000,-0.000000
0,46,25,0.000000,0.000000,-0.000000,-0.000000
0,47,25,0.000000,0.000000,-0.000000,-0.000000
0,48,25,0.000000,0.000000,-0.000000,-0.000000
0,49,25,0.000000,0.000000,0.000000,-0.000000
1,0,25,0.000000,-0.000000,0.000000,-0.000000
1,1,25,0.000005,-0.000005,-0.000005,0.000000
1,2,25,0.000010,-0.000010,-0.000005,0.000000
1,3,25,0.000015,-0.000015,-0.000005,0.000000
1,4,25,0.000021,-0.000021,-0.000005,0.000000
1,5,25,0.000026,-0.000026,-0.000006,0.000000
1,6,25,0.000032,-0.000032,-0.000006,0.000000
1,7,25,0.000038,-0.000038,-0.000006,0.000000
1,8,25,0.000044,-0.000044,-0.000006,0.000000
1,9,25,0.000050,-0.000050,-0.000006,0.000000
1,10,25,0.000056,-0.000057,-0.000007,0.000000
1,11,25,0.000063,-0.000063,-0.000007,0.000000
1,12,25,0.000070,-0.000070,-0.000007,0.000000
1,13,25,0.000077,-0.000077,-0.000007,0.000000
1,14,25,0.000083,-0.000084,-0.000007,0.000000
1,15,25,0.000090,-0.000091,-0.000007,0.000000
1,16,25,0.000097,-0.000098,-0.000006,0.000000
1,17,25,0.000103,-0.000104,-0.000006,0.000000
1,18,25,0.000109,-0.000110,-0.000006,0.000000
1,19,25,0.000115,-0.000116,-0.000005,0.000000
1,20,25,0.000119,-0.000121,-0.000005,0.000000
1,21,25,0.000124,-0.000125,-0.000004,0.000000
1,22,25,0.000127,-0.000128,-0.000003,0.000000
1,23,25,0.000130,-0.000131,-0.000002,0.000000
1,24,25,0.000131,-0.000132,-0.000001,0.000000
1,25,25,0.000132,-0.000133,0.000000,0.000000
1,26,25,0.000131,-0.000132,0.000001,0.000000
1,27,25,0.000129,-0.000131,0.000002,0.000000
1,28,25,0.000127,-0.000128,0.000003,0.000000
1,29,25,0.000124,-0.000125,0.000004,0.000000
1,30,25,0.000119,-0.000120,0.000005,0.000000
1,31,25,0.000114,-0.000115,0.000005,0.000000
1,32,25,0.000109,-0.000110,0.000006,0.000000
1,33,25,0.000103,-0.000103,0.000006,0.000000
1,34,25,0.000096,-0.000097,0.000007,0.000000
1,35,25,0.000089,-0.000090,0.000007,0.000000
1,36,25,0.000082,-0.000083,0.000007,0.000000
1,37,25,0.000076,-0.000076,0.000007,0.000000
1,38,25,0.000068,-0.000069,0.000007,0.000000
1,39,25,0.000062,-0.000062,0.000007,0.000000
1,40,25,0.000055,-0.000055,0.000007,0.000000
1,41,25,0.000048,-0.000048,0.000007,0.000000
1,42,25,0.000042,-0.000042,0.000006,0.000000
1,43,25,0.000035,-0.000035,0.000006,0.000000
1,44,25,0.000029,-0.000029,0.000006,0.000000
1,45,25,0.000023,-0.000023,0.000006,0.000000
1,46,25,0.000017,-0.000017,0.000006,0.000000
1,47,25,0.000011,-0.000011,0.000006,0.000000
1,48,25,0.000006,-0.000006,0.000006,0.000000
1,49,25,0.000000,-0.000000,0.000000,-0.000000
2,0,25,0.000000,-0.000000,0.000000,-0.000000
2,1,25,0.000010,-0.000005,-0.000010,0.000000
2,2,25,0.000021,-0.000010,-0.000010,0.000000
2,3,25,0.000031,-0.000016,-0.000011,0.000000
2,4,25,0.000042,-0.000021,-0.000011,0.000000
2,5,25,0.000053,-0.000027,-0.000011,0.000000
2,6,25,0.000064,-0.000032,-0.000012,0.000000
2,7,25,0.000076,-0.000038,-0.000012,0.000000
2,8,25,0.000088,-0.000045,-0.000012,0.000000
2,9,25,0.000100,-0.000051,-0.000013,0.000000
2,10,25,0.000113,-0.000058,-0.000013,0.000000
2,11,25,0.000127,-0.000065,-0.000013,0.000000
2,12,25,0.000140,-0.000071,-0.000014,0.000000
2,13,25,0.000154,-0.000079,-0.000014,0.000000
2,14,25,0.000168,-0.000086,-0.000014,0.000000
2,15,25,0.000181,-0.000093,-0.000014,0.000000
2,16,25,0.000195,-0.000100,-0.000013,0.000000
2,17,25,0.000208,-0.000107,-0.000013,0.000000
2,18,25,0.000220,-0.000113,-0.000012,0.000000
2,19,25,0.000231,-0.000119,-0.000011,0.000000
2,20,25,0.000241,-0.000124,-0.000009,0.000000
2,21,25,0.000250,-0.000129,-0.000008,0.000000
2,22,25,0.000257,-0.000132,-0.000006,0.000000
2,23,25,0.000262,-0.000135,-0.000004,0.000000
2,24,25,0.000265,-0.000137,-0.000002,0.000000
2,25,25,0.000266,-0.000137,0.000000,0.000000
2,26,25,0.000265,-0.000137,0.000002,0.000000
2,27,25,0.000261,-0.000135,0.000004,0.000000
2,28,25,0.000257,-0.000132,0.000006,0.000000
2,29,25,0.000249,-0.000129,0.000008,0.000000
2,30,25,0.000241,-0.000124,0.000009,0.000000
2,31,25,0.000230,-0.000119,0.000011,0.000000
2,32,25,0.000219,-0.000113,0.000012,0.000000
2,33,25,0.000207,-0.000106,0.000013,0.000000
2,34,25,0.000194,-0.000099,0.000013,0.000000
2,35,25,0.000180,-0.000092,0.000014,0.000000
2,36,25,0.000166,-0.000085,0.000014,0.000000
2,37,25,0.000152,-0.000078,0.000014,0.000000
2,38,25,0.000138,-0.000070,0.000014,0.000000
2,39,25,0.000124,-0.000063,0.000014,0.000000
2,40,25,0.000110,-0.000056,0.000014,0.000000
2,41,25,0.000097,-0.000049,0.000013,0.000000
2,42,25,0.000084,-0.000042,0.000013,0.000000
2,43,25,0.000071,-0.000036,0.000013,0.000000
2,44,25,0.000058,-0.000030,0.000012,0.000000
2,45,25,0.000046,-0.000024,0.000012,0.000000
2,46,25,0.000035,-0.000017,0.000012,0.000000
2,47,25,0.000023,-0.000012,0.000012,0.000000
2,48,25,0.000011,-0.000006,0.000011,0.000000
2,49,25,0.000000,-0.000000,0.000000,-0.000000
3,0,25,0.000000,-0.000000,0.000000,-0.000000
3,1,25,0.000015,-0.000005,-0.000015,0.000000
3,2,25,0.000031,-0.000011,-0.000016,0.000000
3,3,25,0.000047,-0.000016,-0.000016,0.000000
3,4,25,0.000063,-0.000022,-0.000016,0.000000
3,5,25,0.000080,-0.000027,-0.000017,0.000000
3,6,25,0.000097,-0.000033,-0.000017,0.000000
3,7,25,0.000115,-0.000039,-0.000018,0.000000
3,8,25,0.000133,-0.000046,-0.000019,0.000000
3,9,25,0.000152,-0.000052,-0.000019,0.000000
3,10,25,0.000172,-0.000059,-0.000020,0.000000
3,11,25,0.000192,-0.000066,-0.000020,0.000000
3,12,25,0.000212,-0.000074,-0.000021,0.000000
3,13,25,0.000234,-0.000081,-0.000021,0.000000
3,14,25,0.000255,-0.000089,-0.000021,0.000000
3,15,25,0.000276,-0.000096,-0.000021,0.000000
3,16,25,0.000296,-0.000104,-0.000020,0.000000
3,17,25,0.000317,-0.000111,-0.000019,0.000000
3,18,25,0.000335,-0.000118,-0.000018,0.000000
3,19,25,0.000353,-0.000124,-0.000016,0.000000
3,20,25,0.000368,-0.000130,-0.000014,0.000000
3,21,25,0.000381,-0.000135,-0.000012,0.000000
3,22,25,0.000392,-0.000139,-0.000009,0.000000
3,23,25,0.000400,-0.000142,-0.000006,0.000000
3,24,25,0.000404,-0.000144,-0.000003,0.000000
3,25,25,0.000406,-0.000144,0.000000,0.000000
3,26,25,0.000404,-0.000144,0.000003,0.000000
3,27,25,0.000399,-0.000142,0.000006,0.000000
3,28,25,0.000391,-0.000139,0.000009,0.000000
3,29,25,0.000381,-0.000135,0.000012,0.000000
3,30,25,0.000367,-0.000130,0.000015,0.000000
3,31,25,0.000352,-0.000124,0.000017,0.000000
3,32,25,0.000334,-0.000118,0.000018,0.000000
3,33,25,0.000315,-0.000111,0.000020,0.000000
3,34,25,0.000295,-0.000103,0.000021,0.000000
3,35,25,0.000274,-0.000096,0.000021,0.000000
3,36,25,0.000252,-0.000088,0.000022,0.000000
3,37,25,0.000231,-0.000080,0.000022,0.000000
3,38,25,0.000209,-0.000073,0.000021,0.000000
3,39,25,0.000188,-0.000065,0.000021,0.000000
3,40,25,0.000167,-0.000058,0.000021,0.000000
3,41,25,0.000147,-0.000050,0.000020,0.000000
3,42,25,0.000126,-0.000044,0.000020,0.000000
3,43,25,0.000107,-0.000037,0.000019,0.000000
3,44,25,0.000088,-0.000030,0.000019,0.000000
3,45,25,0.000070,-0.000024,0.000018,0.000000
3,46,25,0.000052,-0.000018,0.000018,0.000000
3,47,25,0.000035,-0.000012,0.000017,0.000000
3,48,25,0.000017,-0.000006,0.000017,0.000000
3,49,25,0.000000,-0.000000,0.000000,-0.000000
4,0,25,0.000000,-0.000000,0.000000,-0.000000
4,1,25,0.000021,-0.000005,-0.000021,0.000000
4,2,25,0.000042,-0.000011,-0.000021,0.000000
4,3,25,0.000063,-0.000016,-0.000022,0.000000
4,4,25,0.000085,-0.000022,-0.000022,0.000000
4,5,25,0.000107,-0.000028,-0.000023,0.000000
4,6,25,0.000130,-0.000034,-0.000024,0.000000
4,7,25,0.000154,-0.000041,-0.000024,0.000000
4,8,25,0.000179,-0.000047,-0.000025,0.000000
4,9,25,0.000205,-0.000054,-0.000026,0.000000
4,10,25,0.000232,-0.000061,-0.000027,0.000000
4,11,25,0.000259,-0.000069,-0.000028,0.000000
4,12,25,0.000288,-0.000077,-0.000029,0.000000
4,13,25,0.000316,-0.000085,-0.000029,0.000000
4,14,25,0.000346,-0.000093,-0.000029,0.000000
4,15,25,0.000374,-0.000102,-0.000029,0.000000
4,16,25,0.000403,-0.000110,-0.000028,0.000000
4,17,25,0.000430,-0.000118,-0.000027,0.000000
4,18,25,0.000457,-0.000125,-0.000025,0.000000
4,19,25,0.000480,-0.000132,-0.000023,0.000000
4,20,25,0.000502,-0.000139,-0.000020,0.000000
4,21,25,0.000520,-0.000144,-0.000017,0.000000
4,22,25,0.000535,-0.000149,-0.000013,0.000000
4,23,25,0.000546,-0.000152,-0.000009,0.000000
4,24,25,0.000553,-0.000154,-0.000004,0.000000
4,25,25,0.000554,-0.000155,0.000000,0.000000
4,26,25,0.000553,-0.000154,0.000005,0.000000
4,27,25,0.000545,-0.000152,0.000009,0.000000
4,28,25,0.000535,-0.000149,0.000013,0.000000
4,29,25,0.000519,-0.000144,0.000017,0.000000
4,30,25,0.000501,-0.000139,0.000020,0.000000
4,31,25,0.000479,-0.000132,0.000023,0.000000
4,32,25,0.000455,-0.000125,0.000025,0.000000
4,33,25,0.000428,-0.000117,0.000027,0.000000
4,34,25,0.000401,-0.000109,0.000028,0.000000
4,35,25,0.000371,-0.000101,0.000029,0.000000
4,36,25,0.000342,-0.000092,0.000030,0.000000
4,37,25,0.000312,-0.000084,0.000030,0.000000
4,38,25,0.000283,-0.000076,0.000029,0.000000
4,39,25,0.000254,-0.000068,0.000029,0.000000
4,40,25,0.000226,-0.000060,0.000028,0.000000
4,41,25,0.000198,-0.000052,0.000027,0.000000
4,42,25,0.000171,-0.000045,0.000027,0.000000
4,43,25,0.000144,-0.000038,0.000026,0.000000
4,44,25,0.000119,-0.000031,0.000025,0.000000
4,45,25,0.000094,-0.000025,0.000024,0.000000
4,46,25,0.000070,-0.000018,0.000024,0.000000
4,47,25,0.000046,-0.000012,0.000024,0.000000
4,48,25,0.000023,-0.000006,0.000023,0.000000
4,49,25,0.000000,-0.000000,0.000000,-0.000000
5,0,25,0.000000,-0.000000,0.000000,-0.000000
5,1,25,0.000026,-0.000006,-0.000026,0.000000
5,2,25,0.000053,-0.000011,-0.000027,0.000000
5,3,25,0.000080,-0.000017,-0.000027,0.000000
5,4,25,0.000107,-0.000023,-0.000028,0.000000
5,5,25,0.000136,-0.000029,-0.000029,0.000000
5,6,25,0.000165,-0.000035,-0.000030,0.000000
5,7,25,0.000196,-0.000042,-0.000031,0.000000
5,8,25,0.000227,-0.000049,-0.000032,0.000000
5,9,25,0.000260,-0.000056,-0.000034,0.000000
5,10,25,0.000294,-0.000064,-0.000035,0.000000
5,11,25,0.000330,-0.000072,-0.000036,0.000000
5,12,25,0.000366,-0.000081,-0.000037,0.000000
5,13,25,0.000404,-0.000090,-0.000037,0.000000
5,14,25,0.000441,-0.000099,-0.000038,0.000000
5,15,25,0.000479,-0.000108,-0.000037,0.000000
5,16,25,0.000516,-0.000117,-0.000036,0.000000
5,17,25,0.000552,-0.000126,-0.000035,0.000000
5,18,25,0.000585,-0.000135,-0.000033,0.000000
5,19,25,0.000618,-0.000143,-0.000030,0.000000
5,20,25,0.000645,-0.000150,-0.000026,0.000000
5,21,25,0.000670,-0.000157,-0.000022,0.000000
5,22,25,0.000689,-0.000162,-0.000017,0.000000
5,23,25,0.000704,-0.000166,-0.000012,0.000000
5,24,25,0.000712,-0.000168,-0.000006,0.000000
5,25,25,0.000716,-0.000169,0.000000,0.000000
5,26,25,0.000712,-0.000168,0.000006,0.000000
5,27,25,0.000704,-0.000166,0.000012,0.000000
5,28,25,0.000688,-0.000162,0.000017,0.000000
5,29,25,0.000669,-0.000156,0.000022,0.000000
5,30,25,0.000644,-0.000150,0.000027,0.000000
5,31,25,0.000616,-0.000142,0.000030,0.000000
5,32,25,0.000583,-0.000134,0.000033,0.000000
5,33,25,0.000549,-0.000126,0.000035,0.000000
5,34,25,0.000513,-0.000117,0.000037,0.000000
5,35,25,0.000475,-0.000107,0.000038,0.000000
5,36,25,0.000437,-0.000098,0.000038,0.000000
5,37,25,0.000399,-0.000089,0.000038,0.000000
5,38,25,0.000360,-0.000080,0.000038,0.000000
5,39,25,0.000323,-0.000071,0.000037,0.000000
5,40,25,0.000286,-0.000063,0.000036,0.000000
5,41,25,0.000251,-0.000055,0.000035,0.000000
5,42,25,0.000216,-0.000047,0.000034,0.000000
5,43,25,0.000183,-0.000039,0.000033,0.000000
5,44,25,0.000151,-0.000032,0.000032,0.000000
5,45,25,0.000120,-0.000026,0.000031,0.000000
5,46,25,0.000089,-0.000019,0.000030,0.000000
5,47,25,0.000059,-0.000013,0.000030,0.000000
5,48,25,0.000029,-0.000006,0.000029,0.000000
5,49,25,0.000000,-0.000000,0.000000,-0.000000
6,0,25,0.000000,-0.000000,0.000000,-0.000000
6,1,25,0.000032,-0.000006,-0.000032,0.000000
6,2,25,0.000064,-0.000012,-0.000032,0.000000
6,3,25,0.000097,-0.000017,-0.000033,0.000000
6,4,25,0.000130,-0.000024,-0.000034,0.000000
6,5,25,0.000165,-0.000030,-0.000035,0.000000
6,6,25,0.000201,-0.000037,-0.000037,0.000000
6,7,25,0.000238,-0.000044,-0.000038,0.000000
6,8,25,0.000277,-0.000051,-0.000040,0.000000
6,9,25,0.000318,-0.000059,-0.000042,0.000000
6,10,25,0.000361,-0.000068,-0.000043,0.000000
6,11,25,0.000404,-0.000077,-0.000045,0.000000
6,12,25,0.000450,-0.000086,-0.000046,0.000000
6,13,25,0.000496,-0.000096,-0.000047,0.000000
6,14,25,0.000543,-0.000106,-0.000047,0.000000
6,15,25,0.000590,-0.000116,-0.000047,0.000000
6,16,25,0.000637,-0.000126,-0.000046,0.000000
6,17,25,0.000682,-0.000137,-0.000044,0.000000
6,18,25,0.000726,-0.000147,-0.000042,0.000000
6,19,25,0.000766,-0.000156,-0.000038,0.000000
6,20,25,0.000803,-0.000165,-0.000034,0.000000
6,21,25,0.000833,-0.000172,-0.000028,0.000000
6,22,25,0.000859,-0.000178,-0.000022,0.000000
6,23,25,0.000877,-0.000183,-0.000015,0.000000
6,24,25,0.000889,-0.000186,-0.000008,0.000000
6,25,25,0.000892,-0.000187,0.000000,0.000000
6,26,25,0.000889,-0.000186,0.000008,0.000000
6,27,25,0.000876,-0.000183,0.000015,0.000000
6,28,25,0.000858,-0.000178,0.000022,0.000000
6,29,25,0.000832,-0.000172,0.000029,0.000000
6,30,25,0.000801,-0.000164,0.000034,0.000000
6,31,25,0.000764,-0.000156,0.000039,0.000000
6,32,25,0.000724,-0.000146,0.000042,0.000000
6,33,25,0.000679,-0.000136,0.000045,0.000000
6,34,25,0.000634,-0.000126,0.000047,0.000000
6,35,25,0.000586,-0.000115,0.000048,0.000000
6,36,25,0.000538,-0.000105,0.000048,0.000000
6,37,25,0.000490,-0.000095,0.000048,0.000000
6,38,25,0.000443,-0.000085,0.000047,0.000000
6,39,25,0.000396,-0.000075,0.000046,0.000000
6,40,25,0.000351,-0.000066,0.000045,0.000000
6,41,25,0.000307,-0.000057,0.000043,0.000000
6,42,25,0.000265,-0.000049,0.000042,0.000000
6,43,25,0.000223,-0.000041,0.000040,0.000000
6,44,25,0.000184,-0.000034,0.000039,0.000000
6,45,25,0.000145,-0.000027,0.000038,0.000000
6,46,25,0.000108,-0.000020,0.000037,0.000000
6,47,25,0.000072,-0.000013,0.000036,0.000000
6,48,25,0.000036,-0.000006,0.000036,0.000000
6,49,25,0.000000,-0.000000,0.000000,-0.000000
7,0,25,0.000000,-0.000000,0.000000,-0.000000
7,1,25,0.000038,-0.000006,-0.000038,0.000000
7,2,25,0.000076,-0.000012,-0.000038,0.000000
7,3,25,0.000115,-0.000018,-0.000039,0.000000
7,4,25,0.000154,-0.000024,-0.000041,0.000000
7,5,25,0.000196,-0.000031,-0.000042,0.000000
7,6,25,0.000238,-0.000038,-0.000044,0.000000
7,7,25,0.000283,-0.000046,-0.000046,0.000000
7,8,25,0.000330,-0.000054,-0.000048,0.000000
7,9,25,0.000379,-0.000062,-0.000050,0.000000
7,10,25,0.000430,-0.000071,-0.000052,0.000000
7,11,25,0.000483,-0.000081,-0.000054,0.000000
7,12,25,0.000538,-0.000092,-0.000056,0.000000
7,13,25,0.000595,-0.000102,-0.000057,0.000000
7,14,25,0.000652,-0.000114,-0.000058,0.000000
7,15,25,0.000711,-0.000125,-0.000058,0.000000
7,16,25,0.000768,-0.000137,-0.000057,0.000000
7,17,25,0.000825,-0.000149,-0.000055,0.000000
7,18,25,0.000879,-0.000161,-0.000052,0.000000
7,19,25,0.000930,-0.000172,-0.000048,0.000000
7,20,25,0.000975,-0.000183,-0.000042,0.000000
7,21,25,0.001015,-0.000192,-0.000036,0.000000
7,22,25,0.001046,-0.000199,-0.000028,0.000000
7,23,25,0.001071,-0.000205,-0.000019,0.000000
7,24,25,0.001084,-0.000208,-0.000010,0.000000
7,25,25,0.001090,-0.000209,0.000000,0.000000
7,26,25,0.001084,-0.000208,0.000010,0.000000
7,27,25,0.001070,-0.000205,0.000019,0.000000
7,28,25,0.001045,-0.000199,0.000028,0.000000
7,29,25,0.001013,-0.000191,0.000036,0.000000
7,30,25,0.000973,-0.000182,0.000043,0.000000
7,31,25,0.000928,-0.000172,0.000048,0.000000
7,32,25,0.000876,-0.000161,0.000053,0.000000
7,33,25,0.000822,-0.000149,0.000056,0.000000
7,34,25,0.000764,-0.000137,0.000058,0.000000
7,35,25,0.000706,-0.000125,0.000059,0.000000
7,36,25,0.000646,-0.000113,0.000059,0.000000
7,37,25,0.000588,-0.000101,0.000058,0.000000
7,38,25,0.000530,-0.000090,0.000057,0.000000
7,39,25,0.000474,-0.000080,0.000056,0.000000
7,40,25,0.000418,-0.000070,0.000054,0.000000
7,41,25,0.000366,-0.000060,0.000052,0.000000
7,42,25,0.000314,-0.000052,0.000050,0.000000
7,43,25,0.000266,-0.000043,0.000048,0.000000
7,44,25,0.000218,-0.000035,0.000047,0.000000
7,45,25,0.000173,-0.000028,0.000045,0.000000
7,46,25,0.000128,-0.000021,0.000044,0.000000
7,47,25,0.000085,-0.000014,0.000043,0.000000
7,48,25,0.000042,-0.000007,0.000042,0.000000
7,49,25,0.000000,-0.000000,0.000000,-0.000000
8,0,25,0.000000,-0.000000,0.000000,-0.000000
8,1,25,0.000044,-0.000006,-0.000044,0.000000
8,2,25,0.000088,-0.000012,-0.000045,0.000000
8,3,25,0.000133,-0.000019,-0.000046,0.000000
8,4,25,0.000179,-0.000025,-0.000047,0.000000
8,5,25,0.000227,-0.000032,-0.000049,0.000000
8,6,25,0.000277,-0.000040,-0.000051,0.000000
8,7,25,0.000330,-0.000048,-0.000054,0.000000
8,8,25,0.000385,-0.000056,-0.000056,0.000000
8,9,25,0.000442,-0.000066,-0.000059,0.000000
8,10,25,0.000504,-0.000076,-0.000062,0.000000
8,11,25,0.000566,-0.000086,-0.000065,0.000000
8,12,25,0.000633,-0.000098,-0.000067,0.000000
8,13,25,0.000700,-0.000110,-0.000069,0.000000
8,14,25,0.000771,-0.000123,-0.000070,0.000000
8,15,25,0.000841,-0.000137,-0.000071,0.000000
8,16,25,0.000912,-0.000150,-0.000070,0.000000
8,17,25,0.000981,-0.000164,-0.000068,0.000000
8,18,25,0.001048,-0.000178,-0.000065,0.000000
8,19,25,0.001110,-0.000192,-0.000060,0.000000
8,20,25,0.001168,-0.000204,-0.000053,0.000000
8,21,25,0.001216,-0.000215,-0.000045,0.000000
8,22,25,0.001258,-0.000225,-0.000035,0.000000
8,23,25,0.001286,-0.000232,-0.000024,0.000000
8,24,25,0.001306,-0.000236,-0.000012,0.000000
8,25,25,0.001311,-0.000237,0.000000,0.000000
8,26,25,0.001305,-0.000236,0.000013,0.000000
8,27,25,0.001286,-0.000232,0.000024,0.000000
8,28,25,0.001256,-0.000224,0.000035,0.000000
8,29,25,0.001215,-0.000215,0.000045,0.000000
8,30,25,0.001166,-0.000204,0.000054,0.000000
8,31,25,0.001107,-0.000192,0.000060,0.000000
8,32,25,0.001045,-0.000178,0.000065,0.000000
8,33,25,0.000977,-0.000164,0.000069,0.000000
8,34,25,0.000907,-0.000150,0.000071,0.000000
8,35,25,0.000835,-0.000136,0.000072,0.000000
8,36,25,0.000764,-0.000122,0.000071,0.000000
8,37,25,0.000692,-0.000109,0.000070,0.000000
8,38,25,0.000623,-0.000097,0.000069,0.000000
8,39,25,0.000555,-0.000085,0.000066,0.000000
8,40,25,0.000491,-0.000074,0.000064,0.000000
8,41,25,0.000427,-0.000064,0.000061,0.000000
8,42,25,0.000368,-0.000054,0.000059,0.000000
8,43,25,0.000310,-0.000045,0.000057,0.000000
8,44,25,0.000254,-0.000037,0.000054,0.000000
8,45,25,0.000201,-0.000029,0.000053,0.000000
8,46,25,0.000149,-0.000021,0.000051,0.000000
8,47,25,0.000099,-0.000014,0.000050,0.000000
8,48,25,0.000049,-0.000007,0.000049,0.000000
8,49,25,0.000000,-0.000000,0.000000,-0.000000
9,0,25,0.000000,-0.000000,0.000000,-0.000000
9,1,25,0.000050,-0.000006,-0.000050,0.000000
9,2,25,0.000100,-0.000013,-0.000051,0.000000
9,3,25,0.000152,-0.000019,-0.000052,0.000000
9,4,25,0.000205,-0.000026,-0.000054,0.000000
9,5,25,0.000260,-0.000034,-0.000056,0.000000
9,6,25,0.000318,-0.000042,-0.000059,0.000000
9,7,25,0.000379,-0.000050,-0.000062,0.000000
9,8,25,0.000442,-0.000059,-0.000066,0.000000
9,9,25,0.000510,-0.000069,-0.000069,0.000000
9,10,25,0.000581,-0.000080,-0.000073,0.000000
9,11,25,0.000656,-0.000092,-0.000076,0.000000
9,12,25,0.000733,-0.000105,-0.000080,0.000000
9,13,25,0.000815,-0.000119,-0.000082,0.000000
9,14,25,0.000898,-0.000133,-0.000084,0.000000
9,15,25,0.000984,-0.000149,-0.000085,0.000000
9,16,25,0.001069,-0.000165,-0.000085,0.000000
9,17,25,0.001154,-0.000182,-0.000083,0.000000
9,18,25,0.001235,-0.000199,-0.000080,0.000000
9,19,25,0.001314,-0.000215,-0.000074,0.000000
9,20,25,0.001383,-0.000231,-0.000066,0.000000
9,21,25,0.001446,-0.000244,-0.000056,0.000000
9,22,25,0.001495,-0.000256,-0.000044,0.000000
9,23,25,0.001534,-0.000265,-0.000030,0.000000
9,24,25,0.001556,-0.000270,-0.000015,0.000000
9,25,25,0.001565,-0.000272,0.000000,0.000000
9,26,25,0.001556,-0.000270,0.000016,0.000000
9,27,25,0.001533,-0.000265,0.000031,0.000000
9,28,25,0.001494,-0.000256,0.000045,0.000000
9,29,25,0.001444,-0.000244,0.000057,0.000000
9,30,25,0.001381,-0.000230,0.000067,0.000000
9,31,25,0.001311,-0.000215,0.000075,0.000000
9,32,25,0.001232,-0.000198,0.000080,0.000000
9,33,25,0.001150,-0.000181,0.000084,0.000000
9,34,25,0.001063,-0.000165,0.000086,0.000000
9,35,25,0.000978,-0.000148,0.000086,0.000000
9,36,25,0.000890,-0.000133,0.000086,0.000000
9,37,25,0.000806,-0.000118,0.000084,0.000000
9,38,25,0.000723,-0.000104,0.000081,0.000000
9,39,25,0.000644,-0.000091,0.000078,0.000000
9,40,25,0.000566,-0.000078,0.000075,0.000000
9,41,25,0.000493,-0.000067,0.000072,0.000000
9,42,25,0.000423,-0.000057,0.000069,0.000000
9,43,25,0.000356,-0.000047,0.000065,0.000000
9,44,25,0.000292,-0.000038,0.000063,0.000000
9,45,25,0.000231,-0.000030,0.000060,0.000000
9,46,25,0.000171,-0.000022,0.000059,0.000000
9,47,25,0.000113,-0.000015,0.000057,0.000000
9,48,25,0.000056,-0.000007,0.000057,0.000000
9,49,25,0.000000,-0.000000,0.000000,-0.000000
10,0,25,0.000000,-0.000000,0.000000,-0.000000
10,1,25,0.000056,-0.000007,-0.000057,0.000000
10,2,25,0.000113,-0.000013,-0.000058,0.000000
10,3,25,0.000172,-0.000020,-0.000059,0.000000
10,4,25,0.000232,-0.000027,-0.000061,0.000000
10,5,25,0.000294,-0.000035,-0.000064,0.000000
10,6,25,0.000361,-0.000043,-0.000068,0.000000
10,7,25,0.000430,-0.000052,-0.000071,0.000000
10,8,25,0.000504,-0.000062,-0.000076,0.000000
10,9,25,0.000581,-0.000073,-0.000080,0.000000
10,10,25,0.000664,-0.000085,-0.000085,0.000000
10,11,25,0.000750,-0.000098,-0.000089,0.000000
10,12,25,0.000843,-0.000112,-0.000094,0.000000
10,13,25,0.000938,-0.000128,-0.000098,0.000000
10,14,25,0.001038,-0.000145,-0.000101,0.000000
10,15,25,0.001139,-0.000163,-0.000103,0.000000
10,16,25,0.001243,-0.000182,-0.000103,0.000000
10,17,25,0.001345,-0.000202,-0.000102,0.000000
10,18,25,0.001446,-0.000222,-0.000098,0.000000
10,19,25,0.001540,-0.000243,-0.000091,0.000000
10,20,25,0.001629,-0.000262,-0.000082,0.000000
10,21,25,0.001705,-0.000279,-0.000070,0.000000
10,22,25,0.001769,-0.000294,-0.000055,0.000000
10,23,25,0.001816,-0.000305,-0.000038,0.000000
10,24,25,0.001846,-0.000312,-0.000020,0.000000
10,25,25,0.001855,-0.000315,0.000000,0.000000
10,26,25,0.001846,-0.000312,0.000020,0.000000
10,27,25,0.001815,-0.000305,0.000039,0.000000
10,28,25,0.001768,-0.000294,0.000056,0.000000
10,29,25,0.001703,-0.000279,0.000071,0.000000
10,30,25,0.001626,-0.000261,0.000083,0.000000
10,31,25,0.001537,-0.000242,0.000092,0.000000
10,32,25,0.001442,-0.000222,0.000099,0.000000
10,33,25,0.001340,-0.000202,0.000102,0.000000
10,34,25,0.001237,-0.000182,0.000104,0.000000
10,35,25,0.001132,-0.000162,0.000104,0.000000
10,36,25,0.001029,-0.000144,0.000102,0.000000
10,37,25,0.000927,-0.000127,0.000099,0.000000
10,38,25,0.000831,-0.000111,0.000096,0.000000
10,39,25,0.000736,-0.000096,0.000092,0.000000
10,40,25,0.000648,-0.000083,0.000087,0.000000
10,41,25,0.000562,-0.000071,0.000083,0.000000
10,42,25,0.000482,-0.000060,0.000079,0.000000
10,43,25,0.000404,-0.000050,0.000075,0.000000
10,44,25,0.000331,-0.000040,0.000072,0.000000
10,45,25,0.000261,-0.000031,0.000069,0.000000
10,46,25,0.000194,-0.000023,0.000067,0.000000
10,47,25,0.000128,-0.000015,0.000065,0.000000
10,48,25,0.000064,-0.000007,0.000064,0.000000
10,49,25,0.000000,-0.000000,0.000000,-0.000000
11,0,25,0.000000,-0.000000,0.000000,-0.000000
11,1,25,0.000063,-0.000007,-0.000063,0.000000
11,2,25,0.000127,-0.000013,-0.000065,0.000000
11,3,25,0.000192,-0.000020,-0.000066,0.000000
11,4,25,0.000259,-0.000028,-0.000069,0.000000
11,5,25,0.000330,-0.000036,-0.000072,0.000000
11,6,25,0.000404,-0.000045,-0.000077,0.000000
11,7,25,0.000483,-0.000054,-0.000081,0.000000
11,8,25,0.000566,-0.000065,-0.000086,0.000000
11,9,25,0.000656,-0.000076,-0.000092,0.000000
11,10,25,0.000750,-0.000089,-0.000098,0.000000
11,11,25,0.000852,-0.000104,-0.000104,0.000000
11,12,25,0.000958,-0.000120,-0.000110,0.000000
11,13,25,0.001071,-0.000138,-0.000115,0.000000
11,14,25,0.001188,-0.000157,-0.000120,0.000000
11,15,25,0.001310,-0.000178,-0.000123,0.000000
11,16,25,0.001433,-0.000201,-0.000124,0.000000
11,17,25,0.001559,-0.000225,-0.000124,0.000000
11,18,25,0.001680,-0.000250,-0.000120,0.000000
11,19,25,0.001799,-0.000275,-0.000113,0.000000
11,20,25,0.001907,-0.000299,-0.000103,0.000000
11,21,25,0.002004,-0.000321,-0.000088,0.000000
11,22,25,0.002083,-0.000341,-0.000070,0.000000
11,23,25,0.002145,-0.000355,-0.000049,0.000000
11,24,25,0.002181,-0.000365,-0.000025,0.000000
11,25,25,0.002194,-0.000368,0.000000,0.000000
11,26,25,0.002180,-0.000365,0.000025,0.000000
11,27,25,0.002144,-0.000355,0.000049,0.000000
11,28,25,0.002082,-0.000341,0.000071,0.000000
11,29,25,0.002002,-0.000321,0.000089,0.000000
11,30,25,0.001904,-0.000299,0.000103,0.000000
11,31,25,0.001795,-0.000275,0.000114,0.000000
11,32,25,0.001676,-0.000250,0.000121,0.000000
11,33,25,0.001553,-0.000225,0.000125,0.000000
11,34,25,0.001426,-0.000201,0.000126,0.000000
11,35,25,0.001302,-0.000178,0.000124,0.000000
11,36,25,0.001178,-0.000156,0.000121,0.000000
11,37,25,0.001060,-0.000137,0.000117,0.000000
11,38,25,0.000945,-0.000119,0.000112,0.000000
11,39,25,0.000836,-0.000102,0.000106,0.000000
11,40,25,0.000732,-0.000088,0.000101,0.000000
11,41,25,0.000635,-0.000074,0.000095,0.000000
11,42,25,0.000542,-0.000062,0.000090,0.000000
11,43,25,0.000455,-0.000051,0.000085,0.000000
11,44,25,0.000372,-0.000042,0.000081,0.000000
11,45,25,0.000293,-0.000032,0.000078,0.000000
11,46,25,0.000217,-0.000024,0.000075,0.000000
11,47,25,0.000143,-0.000016,0.000073,0.000000
11,48,25,0.000071,-0.000008,0.000072,0.000000
11,49,25,0.000000,-0.000000,0.000000,-0.000000
12,0,25,0.000000,-0.000000,0.000000,-0.000000
12,1,25,0.000070,-0.000007,-0.000070,0.000000
12,2,25,0.000140,-0.000014,-0.000071,0.000000
12,3,25,0.000212,-0.000021,-0.000074,0.000000
12,4,25,0.000288,-0.000029,-0.000077,0.000000
12,5,25,0.000366,-0.000037,-0.000081,0.000000
12,6,25,0.000450,-0.000046,-0.000086,0.000000
12,7,25,0.000538,-0.000056,-0.000092,0.000000
12,8,25,0.000633,-0.000067,-0.000098,0.000000
12,9,25,0.000733,-0.000080,-0.000105,0.000000
12,10,25,0.000843,-0.000094,-0.000112,0.000000
12,11,25,0.000958,-0.000110,-0.000120,0.000000
12,12,25,0.001082,-0.000127,-0.000127,0.000000
12,13,25,0.001213,-0.000148,-0.000135,0.000000
12,14,25,0.001352,-0.000170,-0.000141,0.000000
12,15,25,0.001495,-0.000195,-0.000147,0.000000
12,16,25,0.001645,-0.000222,-0.000150,0.000000
12,17,25,0.001795,-0.000251,-0.000150,0.000000
12,18,25,0.001946,-0.000281,-0.000148,0.000000
12,19,25,0.002090,-0.000313,-0.000141,0.000000
12,20,25,0.002227,-0.000344,-0.000129,0.000000
12,21,25,0.002348,-0.000373,-0.000112,0.000000
12,22,25,0.002451,-0.000398,-0.000089,0.000000
12,23,25,0.002526,-0.000418,-0.000063,0.000000
12,24,25,0.002576,-0.000430,-0.000032,0.000000
12,25,25,0.002591,-0.000435,0.000000,0.000000
12,26,25,0.002575,-0.000430,0.000033,0.000000
12,27,25,0.002525,-0.000418,0.000063,0.000000
12,28,25,0.002449,-0.000398,0.000090,0.000000
12,29,25,0.002345,-0.000372,0.000112,0.000000
12,30,25,0.002224,-0.000343,0.000130,0.000000
12,31,25,0.002086,-0.000313,0.000141,0.000000
12,32,25,0.001941,-0.000281,0.000149,0.000000
12,33,25,0.001789,-0.000250,0.000152,0.000000
12,34,25,0.001638,-0.000221,0.000151,0.000000
12,35,25,0.001487,-0.000194,0.000148,0.000000
12,36,25,0.001342,-0.000169,0.000143,0.000000
12,37,25,0.001201,-0.000147,0.000137,0.000000
12,38,25,0.001068,-0.000126,0.000130,0.000000
12,39,25,0.000941,-0.000108,0.000123,0.000000
12,40,25,0.000823,-0.000092,0.000115,0.000000
12,41,25,0.000711,-0.000078,0.000108,0.000000
12,42,25,0.000606,-0.000065,0.000102,0.000000
12,43,25,0.000507,-0.000053,0.000096,0.000000
12,44,25,0.000414,-0.000043,0.000091,0.000000
12,45,25,0.000325,-0.000033,0.000087,0.000000
12,46,25,0.000241,-0.000024,0.000083,0.000000
12,47,25,0.000159,-0.000016,0.000081,0.000000
12,48,25,0.000079,-0.000008,0.000079,0.000000
12,49,25,0.000000,-0.000000,0.000000,-0.000000
13,0,25,0.000000,-0.000000,0.000000,-0.000000
13,1,25,0.000077,-0.000007,-0.000077,0.000000
13,2,25,0.000154,-0.000014,-0.000079,0.000000
13,3,25,0.000234,-0.000021,-0.000081,0.000000
13,4,25,0.000316,-0.000029,-0.000085,0.000000
13,5,25,0.000404,-0.000037,-0.000090,0.000000
13,6,25,0.000496,-0.000047,-0.000096,0.000000
13,7,25,0.000595,-0.000057,-0.000102,0.000000
13,8,25,0.000700,-0.000069,-0.000110,0.000000
13,9,25,0.000815,-0.000082,-0.000119,0.000000
13,10,25,0.000938,-0.000098,-0.000128,0.000000
13,11,25,0.001071,-0.000115,-0.000138,0.000000
13,12,25,0.001213,-0.000135,-0.000148,0.000000
13,13,25,0.001366,-0.000157,-0.000157,0.000000
13,14,25,0.001527,-0.000183,-0.000167,0.000000
13,15,25,0.001700,-0.000212,-0.000175,0.000000
13,16,25,0.001877,-0.000244,-0.000180,0.000000
13,17,25,0.002061,-0.000279,-0.000183,0.000000
13,18,25,0.002243,-0.000317,-0.000182,0.000000
13,19,25,0.002425,-0.000357,-0.000175,0.000000
13,20,25,0.002594,-0.000397,-0.000163,0.000000
13,21,25,0.002750,-0.000435,-0.000143,0.000000
13,22,25,0.002879,-0.000469,-0.000115,0.000000
13,23,25,0.002980,-0.000496,-0.000081,0.000000
13,24,25,0.003041,-0.000513,-0.000042,0.000000
13,25,25,0.003064,-0.000519,0.000000,0.000000
13,26,25,0.003041,-0.000513,0.000043,0.000000
13,27,25,0.002979,-0.000496,0.000082,0.000000
13,28,25,0.002877,-0.000469,0.000116,0.000000
13,29,25,0.002747,-0.000435,0.000143,0.000000
13,30,25,0.002590,-0.000397,0.000163,0.000000
13,31,25,0.002420,-0.000356,0.000176,0.000000
13,32,25,0.002238,-0.000317,0.000183,0.000000
13,33,25,0.002054,-0.000279,0.000184,0.000000
13,34,25,0.001869,-0.000244,0.000182,0.000000
13,35,25,0.001690,-0.000211,0.000176,0.000000
13,36,25,0.001516,-0.000182,0.000169,0.000000
13,37,25,0.001353,-0.000156,0.000160,0.000000
13,38,25,0.001197,-0.000134,0.000150,0.000000
13,39,25,0.001053,-0.000114,0.000140,0.000000
13,40,25,0.000916,-0.000096,0.000131,0.000000
13,41,25,0.000791,-0.000080,0.000122,0.000000
13,42,25,0.000672,-0.000067,0.000114,0.000000
13,43,25,0.000562,-0.000055,0.000107,0.000000
13,44,25,0.000457,-0.000044,0.000101,0.000000
13,45,25,0.000359,-0.000034,0.000096,0.000000
13,46,25,0.000265,-0.000025,0.000092,0.000000
13,47,25,0.000175,-0.000016,0.000089,0.000000
13,48,25,0.000087,-0.000008,0.000088,0.000000
13,49,25,0.000000,-0.000000,0.000000,-0.000000
14,0,25,0.000000,-0.000000,0.000000,-0.000000
14,1,25,0.000083,-0.000007,-0.000084,0.000000
14,2,25,0.000168,-0.000014,-0.000086,0.000000
14,3,25,0.000255,-0.000021,-0.000089,0.000000
14,4,25,0.000346,-0.000029,-0.000093,0.000000
14,5,25,0.000441,-0.000038,-0.000099,0.000000
14,6,25,0.000543,-0.000047,-0.000106,0.000000
14,7,25,0.000652,-0.000058,-0.000114,0.000000
14,8,25,0.000771,-0.000070,-0.000123,0.000000
14,9,25,0.000898,-0.000084,-0.000133,0.000000
14,10,25,0.001038,-0.000101,-0.000145,0.000000
14,11,25,0.001188,-0.000120,-0.000157,0.000000
14,12,25,0.001352,-0.000141,-0.000170,0.000000
14,13,25,0.001527,-0.000167,-0.000183,0.000000
14,14,25,0.001718,-0.000196,-0.000196,0.000000
14,15,25,0.001919,-0.000229,-0.000208,0.000000
14,16,25,0.002133,-0.000267,-0.000217,0.000000
14,17,25,0.002353,-0.000310,-0.000224,0.000000
14,18,25,0.002581,-0.000357,-0.000225,0.000000
14,19,25,0.002804,-0.000408,-0.000220,0.000000
14,20,25,0.003021,-0.000460,-0.000207,0.000000
14,21,25,0.003217,-0.000511,-0.000184,0.000000
14,22,25,0.003389,-0.000558,-0.000150,0.000000
14,23,25,0.003518,-0.000596,-0.000107,0.000000
14,24,25,0.003603,-0.000620,-0.000056,0.000000
14,25,25,0.003629,-0.000629,0.000000,0.000000
14,26,25,0.003602,-0.000620,0.000056,0.000000
14,27,25,0.003517,-0.000595,0.000108,0.000000
14,28,25,0.003387,-0.000557,0.000151,0.000000
14,29,25,0.003215,-0.000511,0.000185,0.000000
14,30,25,0.003017,-0.000460,0.000208,0.000000
14,31,25,0.002799,-0.000408,0.000221,0.000000
14,32,25,0.002575,-0.000357,0.000226,0.000000
14,33,25,0.002347,-0.000310,0.000225,0.000000
14,34,25,0.002125,-0.000267,0.000219,0.000000
14,35,25,0.001909,-0.000229,0.000209,0.000000
14,36,25,0.001706,-0.000195,0.000198,0.000000
14,37,25,0.001513,-0.000166,0.000185,0.000000
14,38,25,0.001336,-0.000140,0.000173,0.000000
14,39,25,0.001168,-0.000118,0.000160,0.000000
14,40,25,0.001015,-0.000099,0.000148,0.000000
14,41,25,0.000872,-0.000083,0.000138,0.000000
14,42,25,0.000740,-0.000068,0.000128,0.000000
14,43,25,0.000616,-0.000055,0.000119,0.000000
14,44,25,0.000502,-0.000044,0.000112,0.000000
14,45,25,0.000393,-0.000034,0.000106,0.000000
14,46,25,0.000290,-0.000025,0.000101,0.000000
14,47,25,0.000191,-0.000016,0.000098,0.000000
14,48,25,0.000095,-0.000008,0.000096,0.000000
14,49,25,0.000000,-0.000000,0.000000,-0.000000
15,0,25,0.000000,-0.000000,0.000000,-0.000000
15,1,25,0.000090,-0.000007,-0.000091,0.000000
15,2,25,0.000181,-0.000014,-0.000093,0.000000
15,3,25,0.000276,-0.000021,-0.000096,0.000000
15,4,25,0.000374,-0.000029,-0.000102,0.000000
15,5,25,0.000479,-0.000037,-0.000108,0.000000
15,6,25,0.000590,-0.000047,-0.000116,0.000000
15,7,25,0.000711,-0.000058,-0.000125,0.000000
15,8,25,0.000841,-0.000071,-0.000137,0.000000
15,9,25,0.000984,-0.000085,-0.000149,0.000000
15,10,25,0.001139,-0.000103,-0.000163,0.000000
15,11,25,0.001310,-0.000123,-0.000178,0.000000
15,12,25,0.001495,-0.000147,-0.000195,0.000000
15,13,25,0.001700,-0.000175,-0.000212,0.000000
15,14,25,0.001919,-0.000208,-0.000229,0.000000
15,15,25,0.002158,-0.000246,-0.000246,0.000000
15,16,25,0.002411,-0.000291,-0.000261,0.000000
15,17,25,0.002681,-0.000343,-0.000273,0.000000
15,18,25,0.002958,-0.000402,-0.000280,0.000000
15,19,25,0.003240,-0.000466,-0.000278,0.000000
15,20,25,0.003514,-0.000535,-0.000266,0.000000
15,21,25,0.003772,-0.000605,-0.000240,0.000000
15,22,25,0.003994,-0.000670,-0.000200,0.000000
15,23,25,0.004171,-0.000724,-0.000144,0.000000
15,24,25,0.004282,-0.000761,-0.000075,0.000000
15,25,25,0.004322,-0.000774,0.000000,0.000000
15,26,25,0.004281,-0.000761,0.000076,0.000000
15,27,25,0.004170,-0.000724,0.000145,0.000000
15,28,25,0.003992,-0.000670,0.000200,0.000000
15,29,25,0.003769,-0.000604,0.000241,0.000000
15,30,25,0.003510,-0.000535,0.000267,0.000000
15,31,25,0.003235,-0.000466,0.000279,0.000000
15,32,25,0.002952,-0.000401,0.000281,0.000000
15,33,25,0.002674,-0.000343,0.000275,0.000000
15,34,25,0.002403,-0.000291,0.000263,0.000000
15,35,25,0.002148,-0.000246,0.000248,0.000000
15,36,25,0.001907,-0.000207,0.000232,0.000000
15,37,25,0.001685,-0.000174,0.000214,0.000000
15,38,25,0.001478,-0.000146,0.000198,0.000000
15,39,25,0.001289,-0.000121,0.000182,0.000000
15,40,25,0.001115,-0.000101,0.000167,0.000000
15,41,25,0.000956,-0.000084,0.000153,0.000000
15,42,25,0.000808,-0.000069,0.000142,0.000000
15,43,25,0.000673,-0.000055,0.000131,0.000000
15,44,25,0.000546,-0.000044,0.000123,0.000000
15,45,25,0.000427,-0.000034,0.000115,0.000000
15,46,25,0.000315,-0.000025,0.000110,0.000000
15,47,25,0.000207,-0.000016,0.000106,0.000000
15,48,25,0.000103,-0.000008,0.000104,0.000000
15,49,25,0.000000,-0.000000,0.000000,-0.000000
16,0,25,0.000000,-0.000000,0.000000,-0.000000
16,1,25,0.000097,-0.000006,-0.000098,0.000000
16,2,25,0.000195,-0.000013,-0.000100,0.000000
16,3,25,0.000296,-0.000020,-0.000104,0.000000
16,4,25,0.000403,-0.000028,-0.000110,0.000000
16,5,25,0.000516,-0.000036,-0.000117,0.000000
16,6,25,0.000637,-0.000046,-0.000126,0.000000
16,7,25,0.000768,-0.000057,-0.000137,0.000000
16,8,25,0.000912,-0.000070,-0.000150,0.000000
16,9,25,0.001069,-0.000085,-0.000165,0.000000
16,10,25,0.001243,-0.000103,-0.000182,0.000000
16,11,25,0.001433,-0.000124,-0.000201,0.000000
16,12,25,0.001645,-0.000150,-0.000222,0.000000
16,13,25,0.001877,-0.000180,-0.000244,0.000000
16,14,25,0.002133,-0.000217,-0.000267,0.000000
16,15,25,0.002411,-0.000261,-0.000291,0.000000
16,16,25,0.002716,-0.000314,-0.000314,0.000000
16,17,25,0.003039,-0.000376,-0.000334,0.000000
16,18,25,0.003384,-0.000449,-0.000348,0.000000
16,19,25,0.003736,-0.000532,-0.000354,0.000000
16,20,25,0.004091,-0.000624,-0.000345,0.000000
16,21,25,0.004426,-0.000720,-0.000319,0.000000
16,22,25,0.004729,-0.000814,-0.000270,0.000000
16,23,25,0.004967,-0.000895,-0.000198,0.000000
16,24,25,0.005125,-0.000951,-0.000105,0.000000
16,25,25,0.005177,-0.000971,0.000000,0.000000
16,26,25,0.005124,-0.000951,0.000106,0.000000
16,27,25,0.004965,-0.000895,0.000199,0.000000
16,28,25,0.004726,-0.000814,0.000271,0.000000
16,29,25,0.004423,-0.000720,0.000320,0.000000
16,30,25,0.004087,-0.000624,0.000346,0.000000
16,31,25,0.003731,-0.000532,0.000355,0.000000
16,32,25,0.003378,-0.000449,0.000350,0.000000
16,33,25,0.003032,-0.000376,0.000335,0.000000
16,34,25,0.002707,-0.000314,0.000316,0.000000
16,35,25,0.002400,-0.000261,0.000293,0.000000
16,36,25,0.002120,-0.000217,0.000270,0.000000
16,37,25,0.001861,-0.000180,0.000247,0.000000
16,38,25,0.001627,-0.000149,0.000225,0.000000
16,39,25,0.001411,-0.000123,0.000205,0.000000
16,40,25,0.001217,-0.000102,0.000186,0.000000
16,41,25,0.001039,-0.000083,0.000170,0.000000
16,42,25,0.000877,-0.000068,0.000156,0.000000
16,43,25,0.000727,-0.000055,0.000144,0.000000
16,44,25,0.000590,-0.000043,0.000133,0.000000
16,45,25,0.000461,-0.000033,0.000125,0.000000
16,46,25,0.000340,-0.000024,0.000119,0.000000
16,47,25,0.000223,-0.000016,0.000114,0.000000
16,48,25,0.000111,-0.000008,0.000112,0.000000
16,49,25,0.000000,-0.000000,0.000000,-0.000000
17,0,25,0.000000,-0.000000,0.000000,-0.000000
17,1,25,0.000103,-0.000006,-0.000104,0.000000
17,2,25,0.000208,-0.000013,-0.000107,0.000000
17,3,25,0.000317,-0.000019,-0.000111,0.000000
17,4,25,0.000430,-0.000027,-0.000118,0.000000
17,5,25,0.000552,-0.000035,-0.000126,0.000000
17,6,25,0.000682,-0.000044,-0.000137,0.000000
17,7,25,0.000825,-0.000055,-0.000149,0.000000
17,8,25,0.000981,-0.000068,-0.000164,0.000000
17,9,25,0.001154,-0.000083,-0.000182,0.000000
17,10,25,0.001345,-0.000102,-0.000202,0.000000
17,11,25,0.001559,-0.000124,-0.000225,0.000000
17,12,25,0.001795,-0.000150,-0.000251,0.000000
17,13,25,0.002061,-0.000183,-0.000279,0.000000
17,14,25,0.002353,-0.000224,-0.000310,0.000000
17,15,25,0.002681,-0.000273,-0.000343,0.000000
17,16,25,0.003039,-0.000334,-0.000376,0.000000
17,17,25,0.003434,-0.000408,-0.000408,0.000000
17,18,25,0.003856,-0.000498,-0.000435,0.000000
17,19,25,0.004305,-0.000605,-0.000453,0.000000
17,20,25,0.004761,-0.000727,-0.000454,0.000000
17,21,25,0.005212,-0.000862,-0.000430,0.000000
17,22,25,0.005622,-0.001001,-0.000374,0.000000
17,23,25,0.005961,-0.001126,-0.000281,0.000000
17,24,25,0.006183,-0.001215,-0.000151,0.000000
17,25,25,0.006264,-0.001249,0.000000,0.000000
17,26,25,0.006182,-0.001215,0.000152,0.000000
17,27,25,0.005959,-0.001125,0.000281,0.000000
17,28,25,0.005619,-0.001001,0.000375,0.000000
17,29,25,0.005209,-0.000862,0.000431,0.000000
17,30,25,0.004757,-0.000727,0.000455,0.000000
17,31,25,0.004299,-0.000604,0.000454,0.000000
17,32,25,0.003849,-0.000498,0.000437,0.000000
17,33,25,0.003426,-0.000408,0.000410,0.000000
17,34,25,0.003030,-0.000334,0.000378,0.000000
17,35,25,0.002670,-0.000273,0.000345,0.000000
17,36,25,0.002340,-0.000223,0.000313,0.000000
17,37,25,0.002044,-0.000182,0.000282,0.000000
17,38,25,0.001775,-0.000150,0.000254,0.000000
17,39,25,0.001536,-0.000122,0.000229,0.000000
17,40,25,0.001318,-0.000100,0.000207,0.000000
17,41,25,0.001123,-0.000082,0.000187,0.000000
17,42,25,0.000944,-0.000066,0.000170,0.000000
17,43,25,0.000782,-0.000053,0.000156,0.000000
17,44,25,0.000632,-0.000042,0.000144,0.000000
17,45,25,0.000494,-0.000032,0.000135,0.000000
17,46,25,0.000363,-0.000023,0.000128,0.000000
17,47,25,0.000239,-0.000015,0.000122,0.000000
17,48,25,0.000118,-0.000007,0.000119,0.000000
17,49,25,0.000000,-0.000000,0.000000,-0.000000
18,0,25,0.000000,-0.000000,0.000000,-0.000000
18,1,25,0.000109,-0.000006,-0.000110,0.000000
18,2,25,0.000220,-0.000012,-0.000113,0.000000
18,3,25,0.000335,-0.000018,-0.000118,0.000000
18,4,25,0.000457,-0.000025,-0.000125,0.000000
18,5,25,0.000585,-0.000033,-0.000135,0.000000
18,6,25,0.000726,-0.000042,-0.000147,0.000000
18,7,25,0.000879,-0.000052,-0.000161,0.000000
18,8,25,0.001048,-0.000065,-0.000178,0.000000
18,9,25,0.001235,-0.000080,-0.000199,0.000000
18,10,25,0.001446,-0.000098,-0.000222,0.000000
18,11,25,0.001680,-0.000120,-0.000250,0.000000
18,12,25,0.001946,-0.000148,-0.000281,0.000000
18,13,25,0.002243,-0.000182,-0.000317,0.000000
18,14,25,0.002581,-0.000225,-0.000357,0.000000
18,15,25,0.002958,-0.000280,-0.000402,0.000000
18,16,25,0.003384,-0.000348,-0.000449,0.000000
18,17,25,0.003856,-0.000435,-0.000498,0.000000
18,18,25,0.004380,-0.000545,-0.000545,0.000000
18,19,25,0.004945,-0.000681,-0.000583,0.000000
18,20,25,0.005546,-0.000845,-0.000603,0.000000
18,21,25,0.006151,-0.001037,-0.000592,0.000000
18,22,25,0.006730,-0.001246,-0.000533,0.000000
18,23,25,0.007218,-0.001447,-0.000413,0.000000
18,24,25,0.007556,-0.001600,-0.000228,0.000000
18,25,25,0.007674,-0.001660,0.000000,0.000000
18,26,25,0.007555,-0.001600,0.000229,0.000000
18,27,25,0.007216,-0.001447,0.000414,0.000000
18,28,25,0.006727,-0.001246,0.000534,0.000000
18,29,25,0.006148,-0.001037,0.000593,0.000000
18,30,25,0.005541,-0.000845,0.000604,0.000000
18,31,25,0.004939,-0.000680,0.000584,0.000000
18,32,25,0.004373,-0.000544,0.000546,0.000000
18,33,25,0.003847,-0.000435,0.000500,0.000000
18,34,25,0.003374,-0.000348,0.000451,0.000000
18,35,25,0.002945,-0.000279,0.000404,0.000000
18,36,25,0.002566,-0.000225,0.000360,0.000000
18,37,25,0.002226,-0.000181,0.000320,0.000000
18,38,25,0.001926,-0.000147,0.000285,0.000000
18,39,25,0.001656,-0.000119,0.000254,0.000000
18,40,25,0.001418,-0.000097,0.000227,0.000000
18,41,25,0.001202,-0.000078,0.000204,0.000000
18,42,25,0.001010,-0.000063,0.000184,0.000000
18,43,25,0.000833,-0.000050,0.000168,0.000000
18,44,25,0.000673,-0.000039,0.000155,0.000000
18,45,25,0.000524,-0.000030,0.000144,0.000000
18,46,25,0.000386,-0.000022,0.000136,0.000000
18,47,25,0.000253,-0.000014,0.000130,0.000000
18,48,25,0.000126,-0.000007,0.000127,0.000000
18,49,25,0.000000,-0.000000,0.000000,-0.000000
19,0,25,0.000000,-0.000000,0.000000,-0.000000
19,1,25,0.000115,-0.000005,-0.000116,0.000000
19,2,25,0.000231,-0.000011,-0.000119,0.000000
19,3,25,0.000353,-0.000016,-0.000124,0.000000
19,4,25,0.000480,-0.000023,-0.000132,0.000000
19,5,25,0.000618,-0.000030,-0.000143,0.000000
19,6,25,0.000766,-0.000038,-0.000156,0.000000
19,7,25,0.000930,-0.000048,-0.000172,0.000000
19,8,25,0.001110,-0.000060,-0.000192,0.000000
19,9,25,0.001314,-0.000074,-0.000215,0.000000
19,10,25,0.001540,-0.000091,-0.000243,0.000000
19,11,25,0.001799,-0.000113,-0.000275,0.000000
19,12,25,0.002090,-0.000141,-0.000313,0.000000
19,13,25,0.002425,-0.000175,-0.000357,0.000000
19,14,25,0.002804,-0.000220,-0.000408,0.000000
19,15,25,0.003240,-0.000278,-0.000466,0.000000
19,16,25,0.003736,-0.000354,-0.000532,0.000000
19,17,25,0.004305,-0.000453,-0.000605,0.000000
19,18,25,0.004945,-0.000583,-0.000681,0.000000
19,19,25,0.005666,-0.000753,-0.000753,0.000000
19,20,25,0.006452,-0.000973,-0.000810,0.000000
19,21,25,0.007286,-0.001247,-0.000831,0.000000
19,22,25,0.008113,-0.001569,-0.000784,0.000000
19,23,25,0.008855,-0.001908,-0.000635,0.000000
19,24,25,0.009384,-0.002191,-0.000365,0.000000
19,25,25,0.009584,-0.002311,0.000000,0.000000
19,26,25,0.009383,-0.002191,0.000365,0.000000
19,27,25,0.008853,-0.001908,0.000636,0.000000
19,28,25,0.008111,-0.001569,0.000785,0.000000
19,29,25,0.007283,-0.001247,0.000832,0.000000
19,30,25,0.006447,-0.000973,0.000812,0.000000
19,31,25,0.005660,-0.000753,0.000755,0.000000
19,32,25,0.004938,-0.000583,0.000682,0.000000
19,33,25,0.004296,-0.000452,0.000606,0.000000
19,34,25,0.003725,-0.000353,0.000534,0.000000
19,35,25,0.003228,-0.000278,0.000468,0.000000
19,36,25,0.002789,-0.000220,0.000410,0.000000
19,37,25,0.002407,-0.000175,0.000360,0.000000
19,38,25,0.002069,-0.000140,0.000316,0.000000
19,39,25,0.001774,-0.000112,0.000279,0.000000
19,40,25,0.001511,-0.000090,0.000247,0.000000
19,41,25,0.001279,-0.000073,0.000221,0.000000
19,42,25,0.001070,-0.000058,0.000198,0.000000
19,43,25,0.000883,-0.000046,0.000179,0.000000
19,44,25,0.000711,-0.000036,0.000164,0.000000
19,45,25,0.000554,-0.000027,0.000152,0.000000
19,46,25,0.000406,-0.000020,0.000143,0.000000
19,47,25,0.000267,-0.000013,0.000137,0.000000
19,48,25,0.000132,-0.000006,0.000133,0.000000
19,49,25,0.000000,-0.000000,0.000000,-0.000000
20,0,25,0.000000,-0.000000,0.000000,-0.000000
20,1,25,0.000119,-0.000005,-0.000121,0.000000
20,2,25,0.000241,-0.000009,-0.000124,0.000000
20,3,25,0.000368,-0.000014,-0.000130,0.000000
20,4,25,0.000502,-0.000020,-0.000139,0.000000
20,5,25,0.000645,-0.000026,-0.000150,0.000000
20,6,25,0.000803,-0.000034,-0.000165,0.000000
20,7,25,0.000975,-0.000042,-0.000183,0.000000
20,8,25,0.001168,-0.000053,-0.000204,0.000000
20,9,25,0.001383,-0.000066,-0.000231,0.000000
20,10,25,0.001629,-0.000082,-0.000262,0.000000
20,11,25,0.001907,-0.000103,-0.000299,0.000000
20,12,25,0.002227,-0.000129,-0.000344,0.000000
20,13,25,0.002594,-0.000163,-0.000397,0.000000
20,14,25,0.003021,-0.000207,-0.000460,0.000000
20,15,25,0.003514,-0.000266,-0.000535,0.000000
20,16,25,0.004091,-0.000345,-0.000624,0.000000
20,17,25,0.004761,-0.000454,-0.000727,0.000000
20,18,25,0.005546,-0.000603,-0.000845,0.000000
20,19,25,0.006452,-0.000810,-0.000973,0.000000
20,20,25,0.007492,-0.001097,-0.001097,0.000000
20,21,25,0.008645,-0.001486,-0.001188,0.000000
20,22,25,0.009868,-0.001991,-0.001194,0.000000
20,23,25,0.011033,-0.002587,-0.001035,0.000000
20,24,25,0.011937,-0.003158,-0.000631,0.000000
20,25,25,0.012295,-0.003441,0.000000,0.000000
20,26,25,0.011936,-0.003158,0.000632,0.000000
20,27,25,0.011031,-0.002587,0.001035,0.000000
20,28,25,0.009865,-0.001990,0.001195,0.000000
20,29,25,0.008641,-0.001485,0.001189,0.000000
20,30,25,0.007487,-0.001097,0.001098,0.000000
20,31,25,0.006446,-0.000810,0.000974,0.000000
20,32,25,0.005538,-0.000603,0.000847,0.000000
20,33,25,0.004752,-0.000453,0.000729,0.000000
20,34,25,0.004080,-0.000345,0.000626,0.000000
20,35,25,0.003501,-0.000265,0.000537,0.000000
20,36,25,0.003005,-0.000206,0.000463,0.000000
20,37,25,0.002575,-0.000162,0.000400,0.000000
20,38,25,0.002205,-0.000128,0.000347,0.000000
20,39,25,0.001881,-0.000102,0.000303,0.000000
20,40,25,0.001598,-0.000081,0.000267,0.000000
20,41,25,0.001347,-0.000065,0.000236,0.000000
20,42,25,0.001126,-0.000052,0.000211,0.000000
20,43,25,0.000926,-0.000041,0.000190,0.000000
20,44,25,0.000746,-0.000032,0.000173,0.000000
20,45,25,0.000579,-0.000024,0.000160,0.000000
20,46,25,0.000425,-0.000017,0.000150,0.000000
20,47,25,0.000278,-0.000011,0.000143,0.000000
20,48,25,0.000138,-0.000005,0.000139,0.000000
20,49,25,0.000000,-0.000000,0.000000,-0.000000
21,0,25,0.000000,-0.000000,0.000000,-0.000000
21,1,25,0.000124,-0.000004,-0.000125,0.000000
21,2,25,0.000250,-0.000008,-0.000129,0.000000
21,3,25,0.000381,-0.000012,-0.000135,0.000000
21,4,25,0.000520,-0.000017,-0.000144,0.000000
21,5,25,0.000670,-0.000022,-0.000157,0.000000
21,6,25,0.000833,-0.000028,-0.000172,0.000000
21,7,25,0.001015,-0.000036,-0.000192,0.000000
21,8,25,0.001216,-0.000045,-0.000215,0.000000
21,9,25,0.001446,-0.000056,-0.000244,0.000000
21,10,25,0.001705,-0.000070,-0.000279,0.000000
21,11,25,0.002004,-0.000088,-0.000321,0.000000
21,12,25,0.002348,-0.000112,-0.000373,0.000000
21,13,25,0.002750,-0.000143,-0.000435,0.000000
21,14,25,0.003217,-0.000184,-0.000511,0.000000
21,15,25,0.003772,-0.000240,-0.000605,0.000000
21,16,25,0.004426,-0.000319,-0.000720,0.000000
21,17,25,0.005212,-0.000430,-0.000862,0.000000
21,18,25,0.006151,-0.000592,-0.001037,0.000000
21,19,25,0.007286,-0.000831,-0.001247,0.000000
21,20,25,0.008645,-0.001188,-0.001486,0.000000
21,21,25,0.010258,-0.001725,-0.001725,0.000000
21,22,25,0.012094,-0.002515,-0.001886,0.000000
21,23,25,0.014029,-0.003606,-0.001803,0.000000
21,24,25,0.015699,-0.004875,-0.001218,0.000000
21,25,25,0.016466,-0.005705,0.000000,0.000000
21,26,25,0.015698,-0.004875,0.001219,0.000000
21,27,25,0.014027,-0.003606,0.001803,0.000000
21,28,25,0.012092,-0.002514,0.001887,0.000000
21,29,25,0.010254,-0.001725,0.001726,0.000000
21,30,25,0.008640,-0.001188,0.001487,0.000000
21,31,25,0.007280,-0.000831,0.001248,0.000000
21,32,25,0.006144,-0.000592,0.001039,0.000000
21,33,25,0.005203,-0.000430,0.000864,0.000000
21,34,25,0.004415,-0.000319,0.000722,0.000000
21,35,25,0.003759,-0.000240,0.000607,0.000000
21,36,25,0.003201,-0.000184,0.000514,0.000000
21,37,25,0.002731,-0.000142,0.000438,0.000000
21,38,25,0.002325,-0.000111,0.000376,0.000000
21,39,25,0.001978,-0.000088,0.000326,0.000000
21,40,25,0.001674,-0.000070,0.000284,0.000000
21,41,25,0.001409,-0.000055,0.000250,0.000000
21,42,25,0.001173,-0.000044,0.000222,0.000000
21,43,25,0.000964,-0.000034,0.000199,0.000000
21,44,25,0.000774,-0.000027,0.000181,0.000000
21,45,25,0.000602,-0.000020,0.000167,0.000000
21,46,25,0.000441,-0.000014,0.000156,0.000000
21,47,25,0.000289,-0.000009,0.000149,0.000000
21,48,25,0.000143,-0.000005,0.000145,0.000000
21,49,25,0.000000,-0.000000,0.000000,-0.000000
22,0,25,0.000000,-0.000000,0.000000,-0.000000
22,1,25,0.000127,-0.000003,-0.000128,0.000000
22,2,25,0.000257,-0.000006,-0.000132,0.000000
22,3,25,0.000392,-0.000009,-0.000139,0.000000
22,4,25,0.000535,-0.000013,-0.000149,0.000000
22,5,25,0.000689,-0.000017,-0.000162,0.000000
22,6,25,0.000859,-0.000022,-0.000178,0.000000
22,7,25,0.001046,-0.000028,-0.000199,0.000000
22,8,25,0.001258,-0.000035,-0.000225,0.000000
22,9,25,0.001495,-0.000044,-0.000256,0.000000
22,10,25,0.001769,-0.000055,-0.000294,0.000000
22,11,25,0.002083,-0.000070,-0.000341,0.000000
22,12,25,0.002451,-0.000089,-0.000398,0.000000
22,13,25,0.002879,-0.000115,-0.000469,0.000000
22,14,25,0.003389,-0.000150,-0.000558,0.000000
22,15,25,0.003994,-0.000200,-0.000670,0.000000
22,16,25,0.004729,-0.000270,-0.000814,0.000000
22,17,25,0.005622,-0.000374,-0.001001,0.000000
22,18,25,0.006730,-0.000533,-0.001246,0.000000
22,19,25,0.008113,-0.000784,-0.001569,0.000000
22,20,25,0.009868,-0.001194,-0.001991,0.000000
22,21,25,0.012094,-0.001886,-0.002515,0.000000
22,22,25,0.014897,-0.003075,-0.003075,0.000000
22,23,25,0.018244,-0.005093,-0.003395,0.000000
22,24,25,0.021688,-0.008192,-0.002730,0.000000
22,25,25,0.023705,-0.011287,0.000000,0.000000
22,26,25,0.021687,-0.008192,0.002731,0.000000
22,27,25,0.018243,-0.005093,0.003396,0.000000
22,28,25,0.014894,-0.003075,0.003076,0.000000
22,29,25,0.012090,-0.001886,0.002516,0.000000
22,30,25,0.009863,-0.001194,0.001992,0.000000
22,31,25,0.008107,-0.000784,0.001570,0.000000
22,32,25,0.006722,-0.000533,0.001247,0.000000
22,33,25,0.005612,-0.000374,0.001002,0.000000
22,34,25,0.004717,-0.000270,0.000816,0.000000
22,35,25,0.003981,-0.000199,0.000672,0.000000
22,36,25,0.003372,-0.000150,0.000560,0.000000
22,37,25,0.002860,-0.000115,0.000472,0.000000
22,38,25,0.002428,-0.000089,0.000402,0.000000
22,39,25,0.002056,-0.000070,0.000345,0.000000
22,40,25,0.001738,-0.000055,0.000299,0.000000
22,41,25,0.001458,-0.000043,0.000262,0.000000
22,42,25,0.001214,-0.000034,0.000232,0.000000
22,43,25,0.000995,-0.000027,0.000207,0.000000
22,44,25,0.000799,-0.000021,0.000188,0.000000
22,45,25,0.000619,-0.000016,0.000173,0.000000
22,46,25,0.000454,-0.000011,0.000161,0.000000
22,47,25,0.000297,-0.000007,0.000153,0.000000
22,48,25,0.000147,-0.000004,0.000149,0.000000
22,49,25,0.000000,-0.000000,0.000000,-0.000000
23,0,25,0.000000,-0.000000,0.000000,-0.000000
23,1,25,0.000130,-0.000002,-0.000131,0.000000
23,2,25,0.000262,-0.000004,-0.000135,0.000000
23,3,25,0.000400,-0.000006,-0.000142,0.000000
23,4,25,0.000546,-0.000009,-0.000152,0.000000
23,5,25,0.000704,-0.000012,-0.000166,0.000000
23,6,25,0.000877,-0.000015,-0.000183,0.000000
23,7,25,0.001071,-0.000019,-0.000205,0.000000
23,8,25,0.001286,-0.000024,-0.000232,0.000000
23,9,25,0.001534,-0.000030,-0.000265,0.000000
23,10,25,0.001816,-0.000038,-0.000305,0.000000
23,11,25,0.002145,-0.000049,-0.000355,0.000000
23,12,25,0.002526,-0.000063,-0.000418,0.000000
23,13,25,0.002980,-0.000081,-0.000496,0.000000
23,14,25,0.003518,-0.000107,-0.000596,0.000000
23,15,25,0.004171,-0.000144,-0.000724,0.000000
23,16,25,0.004967,-0.000198,-0.000895,0.000000
23,17,25,0.005961,-0.000281,-0.001126,0.000000
23,18,25,0.007218,-0.000413,-0.001447,0.000000
23,19,25,0.008855,-0.000635,-0.001908,0.000000
23,20,25,0.011033,-0.001035,-0.002587,0.000000
23,21,25,0.014029,-0.001803,-0.003606,0.000000
23,22,25,0.018244,-0.003395,-0.005093,0.000000
23,23,25,0.024215,-0.006919,-0.006919,0.000000
23,24,25,0.032083,-0.014825,-0.007412,0.000000
23,25,25,0.039040,-0.029251,0.000000,0.000000
23,26,25,0.032082,-0.014825,0.007413,0.000000
23,27,25,0.024214,-0.006919,0.006920,0.000000
23,28,25,0.018242,-0.003395,0.005094,0.000000
23,29,25,0.014025,-0.001803,0.003607,0.000000
23,30,25,0.011028,-0.001034,0.002588,0.000000
23,31,25,0.008848,-0.000635,0.001909,0.000000
23,32,25,0.007210,-0.000413,0.001448,0.000000
23,33,25,0.005951,-0.000281,0.001127,0.000000
23,34,25,0.004955,-0.000198,0.000897,0.000000
23,35,25,0.004157,-0.000144,0.000727,0.000000
23,36,25,0.003502,-0.000107,0.000598,0.000000
23,37,25,0.002961,-0.000081,0.000499,0.000000
23,38,25,0.002503,-0.000062,0.000422,0.000000
23,39,25,0.002117,-0.000048,0.000360,0.000000
23,40,25,0.001783,-0.000038,0.000311,0.000000
23,41,25,0.001496,-0.000030,0.000271,0.000000
23,42,25,0.001242,-0.000024,0.000239,0.000000
23,43,25,0.001018,-0.000018,0.000213,0.000000
23,44,25,0.000816,-0.000014,0.000193,0.000000
23,45,25,0.000633,-0.000011,0.000177,0.000000
23,46,25,0.000463,-0.000008,0.000165,0.000000
23,47,25,0.000303,-0.000005,0.000156,0.000000
23,48,25,0.000150,-0.000002,0.000152,0.000000
23,49,25,0.000000,-0.000000,0.000000,-0.000000
24,0,25,0.000000,-0.000000,0.000000,-0.000000
24,1,25,0.000131,-0.000001,-0.000132,0.000000
24,2,25,0.000265,-0.000002,-0.000137,0.000000
24,3,25,0.000404,-0.000003,-0.000144,0.000000
24,4,25,0.000553,-0.000004,-0.000154,0.000000
24,5,25,0.000712,-0.000006,-0.000168,0.000000
24,6,25,0.000889,-0.000008,-0.000186,0.000000
24,7,25,0.001084,-0.000010,-0.000208,0.000000
24,8,25,0.001306,-0.000012,-0.000236,0.000000
24,9,25,0.001556,-0.000015,-0.000270,0.000000
24,10,25,0.001846,-0.000020,-0.000312,0.000000
24,11,25,0.002181,-0.000025,-0.000365,0.000000
24,12,25,0.002576,-0.000032,-0.000430,0.000000
24,13,25,0.003041,-0.000042,-0.000513,0.000000
24,14,25,0.003603,-0.000056,-0.000620,0.000000
24,15,25,0.004282,-0.000075,-0.000761,0.000000
24,16,25,0.005125,-0.000105,-0.000951,0.000000
24,17,25,0.006183,-0.000151,-0.001215,0.000000
24,18,25,0.007556,-0.000228,-0.001600,0.000000
24,19,25,0.009384,-0.000365,-0.002191,0.000000
24,20,25,0.011937,-0.000631,-0.003158,0.000000
24,21,25,0.015699,-0.001218,-0.004875,0.000000
24,22,25,0.021688,-0.002730,-0.008192,0.000000
24,23,25,0.032083,-0.007412,-0.014825,0.000000
24,24,25,0.051338,-0.025062,-0.025062,0.000000
24,25,25,0.082206,-0.104916,0.000000,0.000000
24,26,25,0.051337,-0.025062,0.025063,0.000000
24,27,25,0.032081,-0.007412,0.014826,0.000000
24,28,25,0.021685,-0.002730,0.008193,0.000000
24,29,25,0.015696,-0.001218,0.004876,0.000000
24,30,25,0.011932,-0.000631,0.003159,0.000000
24,31,25,0.009378,-0.000365,0.002192,0.000000
24,32,25,0.007548,-0.000228,0.001602,0.000000
24,33,25,0.006173,-0.000151,0.001217,0.000000
24,34,25,0.005113,-0.000105,0.000953,0.000000
24,35,25,0.004268,-0.000075,0.000763,0.000000
24,36,25,0.003586,-0.000056,0.000623,0.000000
24,37,25,0.003022,-0.000042,0.000517,0.000000
24,38,25,0.002552,-0.000032,0.000434,0.000000
24,39,25,0.002153,-0.000025,0.000369,0.000000
24,40,25,0.001813,-0.000019,0.000318,0.000000
24,41,25,0.001518,-0.000015,0.000276,0.000000
24,42,25,0.001261,-0.000012,0.000243,0.000000
24,43,25,0.001031,-0.000009,0.000217,0.000000
24,44,25,0.000827,-0.000007,0.000195,0.000000
24,45,25,0.000641,-0.000005,0.000179,0.000000
24,46,25,0.000469,-0.000004,0.000167,0.000000
24,47,25,0.000307,-0.000002,0.000159,0.000000
24,48,25,0.000152,-0.000001,0.000153,0.000000
24,49,25,0.000000,-0.000000,0.000000,-0.000000
25,0,25,0.000000,-0.000000,0.000000,-0.000000
25,1,25,0.000132,0.000000,-0.000133,0.000000
25,2,25,0.000266,0.000000,-0.000137,0.000000
25,3,25,0.000406,0.000000,-0.000144,0.000000
25,4,25,0.000554,0.000000,-0.000155,0.000000
25,5,25,0.000716,0.000000,-0.000169,0.000000
25,6,25,0.000892,0.000000,-0.000187,0.000000
25,7,25,0.001090,0.000000,-0.000209,0.000000
25,8,25,0.001311,0.000000,-0.000237,0.000000
25,9,25,0.001565,0.000000,-0.000272,0.000000
25,10,25,0.001855,0.000000,-0.000315,0.000000
25,11,25,0.002194,0.000000,-0.000368,0.000000
25,12,25,0.002591,0.000000,-0.000435,0.000000
25,13,25,0.003064,0.000000,-0.000519,0.000000
25,14,25,0.003629,0.000000,-0.000629,0.000000
25,15,25,0.004322,0.000000,-0.000774,0.000000
25,16,25,0.005177,0.000000,-0.000971,0.000000
25,17,25,0.006264,0.000000,-0.001249,0.000000
25,18,25,0.007674,0.000000,-0.001660,0.000000
25,19,25,0.009584,0.000000,-0.002311,0.000000
25,20,25,0.012295,0.000000,-0.003441,0.000000
25,21,25,0.016466,0.000000,-0.005705,0.000000
25,22,25,0.023705,0.000000,-0.011287,0.000000
25,23,25,0.039040,0.000000,-0.029251,0.000000
25,24,25,0.082206,0.000000,-0.104916,0.000000
25,25,25,0.248872,0.000000,0.000000,0.000000
25,26,25,0.082205,0.000000,0.104917,0.000000
25,27,25,0.039038,0.000000,0.029252,0.000000
25,28,25,0.023702,0.000000,0.011288,0.000000
25,29,25,0.016462,0.000000,0.005706,0.000000
25,30,25,0.012290,0.000000,0.003442,0.000000
25,31,25,0.009578,0.000000,0.002312,0.000000
25,32,25,0.007666,0.000000,0.001662,0.000000
25,33,25,0.006254,0.000000,0.001251,0.000000
25,34,25,0.005165,0.000000,0.000973,0.000000
25,35,25,0.004308,0.000000,0.000776,0.000000
25,36,25,0.003613,0.000000,0.000632,0.000000
25,37,25,0.003044,0.000000,0.000523,0.000000
25,38,25,0.002567,0.000000,0.000439,0.000000
25,39,25,0.002167,0.000000,0.000373,0.000000
25,40,25,0.001822,0.000000,0.000320,0.000000
25,41,25,0.001526,0.000000,0.000278,0.000000
25,42,25,0.001266,0.000000,0.000245,0.000000
25,43,25,0.001037,0.000000,0.000218,0.000000
25,44,25,0.000830,0.000000,0.000196,0.000000
25,45,25,0.000644,0.000000,0.000180,0.000000
25,46,25,0.000471,0.000000,0.000168,0.000000
25,47,25,0.000308,0.000000,0.000159,0.000000
25,48,25,0.000152,0.000000,0.000154,0.000000
25,49,25,0.000000,-0.000000,0.000000,-0.000000
26,0,25,0.000000,-0.000000,0.000000,-0.000000
26,1,25,0.000131,0.000001,-0.000132,0.000000
26,2,25,0.000265,0.000002,-0.000137,0.000000
26,3,25,0.000404,0.000003,-0.000144,0.000000
26,4,25,0.000553,0.000005,-0.000154,0.000000
26,5,25,0.000712,0.000006,-0.000168,0.000000
26,6,25,0.000889,0.000008,-0.000186,0.000000
26,7,25,0.001084,0.000010,-0.000208,0.000000
26,8,25,0.001305,0.000013,-0.000236,0.000000
26,9,25,0.001556,0.000016,-0.000270,0.000000
26,10,25,0.001846,0.000020,-0.000312,0.000000
26,11,25,0.002180,0.000025,-0.000365,0.000000
26,12,25,0.002575,0.000033,-0.000430,0.000000
26,13,25,0.003041,0.000043,-0.000513,0.000000
26,14,25,0.003602,0.000056,-0.000620,0.000000
26,15,25,0.004281,0.000076,-0.000761,0.000000
26,16,25,0.005124,0.000106,-0.000951,0.000000
26,17,25,0.006182,0.000152,-0.001215,0.000000
26,18,25,0.007555,0.000229,-0.001600,0.000000
26,19,25,0.009383,0.000365,-0.002191,0.000000
26,20,25,0.011936,0.000632,-0.003158,0.000000
26,21,25,0.015698,0.001219,-0.004875,0.000000
26,22,25,0.021687,0.002731,-0.008192,0.000000
26,23,25,0.032082,0.007413,-0.014825,0.000000
26,24,25,0.051337,0.025063,-0.025062,0.000000
26,25,25,0.082205,0.104917,0.000000,0.000000
26,26,25,0.051336,0.025063,0.025063,0.000000
26,27,25,0.032080,0.007413,0.014826,0.000000
26,28,25,0.021684,0.002731,0.008193,0.000000
26,29,25,0.015695,0.001219,0.004876,0.000000
26,30,25,0.011931,0.000632,0.003159,0.000000
26,31,25,0.009377,0.000365,0.002192,0.000000
26,32,25,0.007547,0.000229,0.001602,0.000000
26,33,25,0.006173,0.000152,0.001217,0.000000
26,34,25,0.005112,0.000106,0.000953,0.000000
26,35,25,0.004267,0.000076,0.000763,0.000000
26,36,25,0.003585,0.000056,0.000623,0.000000
26,37,25,0.003021,0.000042,0.000517,0.000000
26,38,25,0.002552,0.000033,0.000434,0.000000
26,39,25,0.002152,0.000025,0.000369,0.000000
26,40,25,0.001813,0.000020,0.000318,0.000000
26,41,25,0.001517,0.000016,0.000276,0.000000
26,42,25,0.001260,0.000012,0.000243,0.000000
26,43,25,0.001031,0.000010,0.000217,0.000000
26,44,25,0.000827,0.000007,0.000195,0.000000
26,45,25,0.000640,0.000006,0.000179,0.000000
26,46,25,0.000469,0.000004,0.000167,0.000000
26,47,25,0.000307,0.000003,0.000159,0.000000
26,48,25,0.000152,0.000001,0.000153,0.000000
26,49,25,0.000000,-0.000000,0.000000,-0.000000
27,0,25,0.000000,-0.000000,0.000000,-0.000000
27,1,25,0.000129,0.000002,-0.000131,0.000000
27,2,25,0.000261,0.000004,-0.000135,0.000000
27,3,25,0.000399,0.000006,-0.000142,0.000000
27,4,25,0.000545,0.000009,-0.000152,0.000000
27,5,25,0.000704,0.000012,-0.000166,0.000000
27,6,25,0.000876,0.000015,-0.000183,0.000000
27,7,25,0.001070,0.000019,-0.000205,0.000000
27,8,25,0.001286,0.000024,-0.000232,0.000000
27,9,25,0.001533,0.000031,-0.000265,0.000000
27,10,25,0.001815,0.000039,-0.000305,0.000000
27,11,25,0.002144,0.000049,-0.000355,0.000000
27,12,25,0.002525,0.000063,-0.000418,0.000000
27,13,25,0.002979,0.000082,-0.000496,0.000000
27,14,25,0.003517,0.000108,-0.000595,0.000000
27,15,25,0.004170,0.000145,-0.000724,0.000000
27,16,25,0.004965,0.000199,-0.000895,0.000000
27,17,25,0.005959,0.000281,-0.001125,0.000000
27,18,25,0.007216,0.000414,-0.001447,0.000000
27,19,25,0.008853,0.000636,-0.001908,0.000000
27,20,25,0.011031,0.001035,-0.002587,0.000000
27,21,25,0.014027,0.001803,-0.003606,0.000000
27,22,25,0.018243,0.003396,-0.005093,0.000000
27,23,25,0.024214,0.006920,-0.006919,0.000000
27,24,25,0.032081,0.014826,-0.007412,0.000000
27,25,25,0.039038,0.029252,0.000000,0.000000
27,26,25,0.032080,0.014826,0.007413,0.000000
27,27,25,0.024212,0.006920,0.006920,0.000000
27,28,25,0.018240,0.003396,0.005094,0.000000
27,29,25,0.014024,0.001803,0.003607,0.000000
27,30,25,0.011026,0.001035,0.002588,0.000000
27,31,25,0.008847,0.000636,0.001909,0.000000
27,32,25,0.007209,0.000414,0.001448,0.000000
27,33,25,0.005950,0.000281,0.001127,0.000000
27,34,25,0.004954,0.000199,0.000897,0.000000
27,35,25,0.004156,0.000144,0.000727,0.000000
27,36,25,0.003500,0.000108,0.000598,0.000000
27,37,25,0.002959,0.000082,0.000499,0.000000
27,38,25,0.002502,0.000063,0.000422,0.000000
27,39,25,0.002116,0.000049,0.000360,0.000000
27,40,25,0.001782,0.000038,0.000311,0.000000
27,41,25,0.001495,0.000030,0.000271,0.000000
27,42,25,0.001241,0.000024,0.000239,0.000000
27,43,25,0.001018,0.000019,0.000213,0.000000
27,44,25,0.000816,0.000014,0.000192,0.000000
27,45,25,0.000633,0.000011,0.000176,0.000000
27,46,25,0.000463,0.000008,0.000165,0.000000
27,47,25,0.000303,0.000005,0.000156,0.000000
27,48,25,0.000150,0.000002,0.000152,0.000000
27,49,25,0.000000,-0.000000,0.000000,-0.000000
28,0,25,0.000000,-0.000000,0.000000,-0.000000
28,1,25,0.000127,0.000003,-0.000128,0.000000
28,2,25,0.000257,0.000006,-0.000132,0.000000
28,3,25,0.000391,0.000009,-0.000139,0.000000
28,4,25,0.000535,0.000013,-0.000149,0.000000
28,5,25,0.000688,0.000017,-0.000162,0.000000
28,6,25,0.000858,0.000022,-0.000178,0.000000
28,7,25,0.001045,0.000028,-0.000199,0.000000
28,8,25,0.001256,0.000035,-0.000224,0.000000
28,9,25,0.001494,0.000045,-0.000256,0.000000
28,10,25,0.001768,0.000056,-0.000294,0.000000
28,11,25,0.002082,0.000071,-0.000341,0.000000
28,12,25,0.002449,0.000090,-0.000398,0.000000
28,13,25,0.002877,0.000116,-0.000469,0.000000
28,14,25,0.003387,0.000151,-0.000557,0.000000
28,15,25,0.003992,0.000200,-0.000670,0.000000
28,16,25,0.004726,0.000271,-0.000814,0.000000
28,17,25,0.005619,0.000375,-0.001001,0.000000
28,18,25,0.006727,0.000534,-0.001246,0.000000
28,19,25,0.008111,0.000785,-0.001569,0.000000
28,20,25,0.009865,0.001195,-0.001990,0.000000
28,21,25,0.012092,0.001887,-0.002514,0.000000
28,22,25,0.014894,0.003076,-0.003075,0.000000
28,23,25,0.018242,0.005094,-0.003395,0.000000
28,24,25,0.021685,0.008193,-0.002730,0.000000
28,25,25,0.023702,0.011288,0.000000,0.000000
28,26,25,0.021684,0.008193,0.002731,0.000000
28,27,25,0.018240,0.005094,0.003396,0.000000
28,28,25,0.014892,0.003076,0.003076,0.000000
28,29,25,0.012088,0.001887,0.002516,0.000000
28,30,25,0.009861,0.001195,0.001992,0.000000
28,31,25,0.008105,0.000785,0.001570,0.000000
28,32,25,0.006720,0.000534,0.001247,0.000000
28,33,25,0.005610,0.000375,0.001002,0.000000
28,34,25,0.004715,0.000271,0.000816,0.000000
28,35,25,0.003978,0.000200,0.000672,0.000000
28,36,25,0.003370,0.000151,0.000560,0.000000
28,37,25,0.002858,0.000116,0.000472,0.000000
28,38,25,0.002426,0.000090,0.000402,0.000000
28,39,25,0.002055,0.000070,0.000345,0.000000
28,40,25,0.001736,0.000055,0.000299,0.000000
28,41,25,0.001457,0.000044,0.000262,0.000000
28,42,25,0.001212,0.000035,0.000231,0.000000
28,43,25,0.000994,0.000027,0.000207,0.000000
28,44,25,0.000798,0.000021,0.000188,0.000000
28,45,25,0.000619,0.000016,0.000172,0.000000
28,46,25,0.000453,0.000011,0.000161,0.000000
28,47,25,0.000297,0.000007,0.000153,0.000000
28,48,25,0.000147,0.000004,0.000148,0.000000
28,49,25,0.000000,-0.000000,0.000000,-0.000000
29,0,25,0.000000,-0.000000,0.000000,-0.000000
29,1,25,0.000124,0.000004,-0.000125,0.000000
29,2,25,0.000249,0.000008,-0.000129,0.000000
29,3,25,0.000381,0.000012,-0.000135,0.000000
29,4,25,0.000519,0.000017,-0.000144,0.000000
29,5,25,0.000669,0.000022,-0.000156,0.000000
29,6,25,0.000832,0.000029,-0.000172,0.000000
29,7,25,0.001013,0.000036,-0.000191,0.000000
29,8,25,0.001215,0.000045,-0.000215,0.000000
29,9,25,0.001444,0.000057,-0.000244,0.000000
29,10,25,0.001703,0.000071,-0.000279,0.000000
29,11,25,0.002002,0.000089,-0.000321,0.000000
29,12,25,0.002345,0.000112,-0.000372,0.000000
29,13,25,0.002747,0.000143,-0.000435,0.000000
29,14,25,0.003215,0.000185,-0.000511,0.000000
29,15,25,0.003769,0.000241,-0.000604,0.000000
29,16,25,0.004423,0.000320,-0.000720,0.000000
29,17,25,0.005209,0.000431,-0.000862,0.000000
29,18,25,0.006148,0.000593,-0.001037,0.000000
29,19,25,0.007283,0.000832,-0.001247,0.000000
29,20,25,0.008641,0.001189,-0.001485,0.000000
29,21,25,0.010254,0.001726,-0.001725,0.000000
29,22,25,0.012090,0.002516,-0.001886,0.000000
29,23,25,0.014025,0.003607,-0.001803,0.000000
29,24,25,0.015696,0.004876,-0.001218,0.000000
29,25,25,0.016462,0.005706,0.000000,0.000000
29,26,25,0.015695,0.004876,0.001219,0.000000
29,27,25,0.014024,0.003607,0.001803,0.000000
29,28,25,0.012088,0.002516,0.001887,0.000000
29,29,25,0.010250,0.001726,0.001726,0.000000
29,30,25,0.008637,0.001189,0.001487,0.000000
29,31,25,0.007277,0.000832,0.001248,0.000000
29,32,25,0.006141,0.000593,0.001039,0.000000
29,33,25,0.005200,0.000431,0.000864,0.000000
29,34,25,0.004412,0.000319,0.000722,0.000000
29,35,25,0.003756,0.000241,0.000607,0.000000
29,36,25,0.003199,0.000184,0.000514,0.000000
29,37,25,0.002728,0.000143,0.000438,0.000000
29,38,25,0.002323,0.000112,0.000376,0.000000
29,39,25,0.001976,0.000088,0.000326,0.000000
29,40,25,0.001672,0.000070,0.000284,0.000000
29,41,25,0.001407,0.000056,0.000250,0.000000
29,42,25,0.001172,0.000044,0.000222,0.000000
29,43,25,0.000963,0.000035,0.000199,0.000000
29,44,25,0.000773,0.000027,0.000181,0.000000
29,45,25,0.000601,0.000020,0.000167,0.000000
29,46,25,0.000440,0.000015,0.000156,0.000000
29,47,25,0.000289,0.000009,0.000149,0.000000
29,48,25,0.000143,0.000005,0.000144,0.000000
29,49,25,0.000000,-0.000000,0.000000,-0.000000
30,0,25,0.000000,-0.000000,0.000000,-0.000000
30,1,25,0.000119,0.000005,-0.000120,0.000000
30,2,25,0.000241,0.000009,-0.000124,0.000000
30,3,25,0.000367,0.000015,-0.000130,0.000000
30,4,25,0.000501,0.000020,-0.000139,0.000000
30,5,25,0.000644,0.000027,-0.000150,0.000000
30,6,25,0.000801,0.000034,-0.000164,0.000000
30,7,25,0.000973,0.000043,-0.000182,0.000000
30,8,25,0.001166,0.000054,-0.000204,0.000000
30,9,25,0.001381,0.000067,-0.000230,0.000000
30,10,25,0.001626,0.000083,-0.000261,0.000000
30,11,25,0.001904,0.000103,-0.000299,0.000000
30,12,25,0.002224,0.000130,-0.000343,0.000000
30,13,25,0.002590,0.000163,-0.000397,0.000000
30,14,25,0.003017,0.000208,-0.000460,0.000000
30,15,25,0.003510,0.000267,-0.000535,0.000000
30,16,25,0.004087,0.000346,-0.000624,0.000000
30,17,25,0.004757,0.000455,-0.000727,0.000000
30,18,25,0.005541,0.000604,-0.000845,0.000000
30,19,25,0.006447,0.000812,-0.000973,0.000000
30,20,25,0.007487,0.001098,-0.001097,0.000000
30,21,25,0.008640,0.001487,-0.001188,0.000000
30,22,25,0.009863,0.001992,-0.001194,0.000000
30,23,25,0.011028,0.002588,-0.001034,0.000000
30,24,25,0.011932,0.003159,-0.000631,0.000000
30,25,25,0.012290,0.003442,0.000000,0.000000
30,26,25,0.011931,0.003159,0.000632,0.000000
30,27,25,0.011026,0.002588,0.001035,0.000000
30,28,25,0.009861,0.001992,0.001195,0.000000
30,29,25,0.008637,0.001487,0.001189,0.000000
30,30,25,0.007482,0.001098,0.001098,0.000000
30,31,25,0.006441,0.000811,0.000974,0.000000
30,32,25,0.005534,0.000604,0.000847,0.000000
30,33,25,0.004748,0.000455,0.000729,0.000000
30,34,25,0.004076,0.000346,0.000626,0.000000
30,35,25,0.003497,0.000266,0.000537,0.000000
30,36,25,0.003002,0.000207,0.000462,0.000000
30,37,25,0.002572,0.000163,0.000400,0.000000
30,38,25,0.002202,0.000129,0.000347,0.000000
30,39,25,0.001878,0.000103,0.000303,0.000000
30,40,25,0.001596,0.000082,0.000266,0.000000
30,41,25,0.001345,0.000066,0.000236,0.000000
30,42,25,0.001124,0.000052,0.000211,0.000000
30,43,25,0.000924,0.000041,0.000190,0.000000
30,44,25,0.000744,0.000032,0.000173,0.000000
30,45,25,0.000578,0.000024,0.000160,0.000000
30,46,25,0.000424,0.000017,0.000150,0.000000
30,47,25,0.000278,0.000011,0.000143,0.000000
30,48,25,0.000138,0.000006,0.000139,0.000000
30,49,25,0.000000,-0.000000,0.000000,-0.000000
31,0,25,0.000000,-0.000000,0.000000,-0.000000
31,1,25,0.000114,0.000005,-0.000115,0.000000
31,2,25,0.000230,0.000011,-0.000119,0.000000
31,3,25,0.000352,0.000017,-0.000124,0.000000
31,4,25,0.000479,0.000023,-0.000132,0.000000
31,5,25,0.000616,0.000030,-0.000142,0.000000
31,6,25,0.000764,0.000039,-0.000156,0.000000
31,7,25,0.000928,0.000048,-0.000172,0.000000
31,8,25,0.001107,0.000060,-0.000192,0.000000
31,9,25,0.001311,0.000075,-0.000215,0.000000
31,10,25,0.001537,0.000092,-0.000242,0.000000
31,11,25,0.001795,0.000114,-0.000275,0.000000
31,12,25,0.002086,0.000141,-0.000313,0.000000
31,13,25,0.002420,0.000176,-0.000356,0.000000
31,14,25,0.002799,0.000221,-0.000408,0.000000
31,15,25,0.003235,0.000279,-0.000466,0.000000
31,16,25,0.003731,0.000355,-0.000532,0.000000
31,17,25,0.004299,0.000454,-0.000604,0.000000
31,18,25,0.004939,0.000584,-0.000680,0.000000
31,19,25,0.005660,0.000755,-0.000753,0.000000
31,20,25,0.006446,0.000974,-0.000810,0.000000
31,21,25,0.007280,0.001248,-0.000831,0.000000
31,22,25,0.008107,0.001570,-0.000784,0.000000
31,23,25,0.008848,0.001909,-0.000635,0.000000
31,24,25,0.009378,0.002192,-0.000365,0.000000
31,25,25,0.009578,0.002312,0.000000,0.000000
31,26,25,0.009377,0.002192,0.000365,0.000000
31,27,25,0.008847,0.001909,0.000636,0.000000
31,28,25,0.008105,0.001570,0.000785,0.000000
31,29,25,0.007277,0.001248,0.000832,0.000000
31,30,25,0.006441,0.000974,0.000811,0.000000
31,31,25,0.005654,0.000754,0.000754,0.000000
31,32,25,0.004932,0.000584,0.000682,0.000000
31,33,25,0.004291,0.000454,0.000606,0.000000
31,34,25,0.003720,0.000354,0.000534,0.000000
31,35,25,0.003223,0.000279,0.000468,0.000000
31,36,25,0.002784,0.000221,0.000410,0.000000
31,37,25,0.002402,0.000176,0.000360,0.000000
31,38,25,0.002065,0.000141,0.000316,0.000000
31,39,25,0.001770,0.000113,0.000279,0.000000
31,40,25,0.001508,0.000091,0.000247,0.000000
31,41,25,0.001276,0.000073,0.000220,0.000000
31,42,25,0.001067,0.000059,0.000198,0.000000
31,43,25,0.000880,0.000047,0.000179,0.000000
31,44,25,0.000709,0.000036,0.000164,0.000000
31,45,25,0.000552,0.000028,0.000152,0.000000
31,46,25,0.000405,0.000020,0.000143,0.000000
31,47,25,0.000266,0.000013,0.000137,0.000000
31,48,25,0.000132,0.000006,0.000133,0.000000
31,49,25,0.000000,-0.000000,0.000000,-0.000000
32,0,25,0.000000,-0.000000,0.000000,-0.000000
32,1,25,0.000109,0.000006,-0.000110,0.000000
32,2,25,0.000219,0.000012,-0.000113,0.000000
32,3,25,0.000334,0.000018,-0.000118,0.000000
32,4,25,0.000455,0.000025,-0.000125,0.000000
32,5,25,0.000583,0.000033,-0.000134,0.000000
32,6,25,0.000724,0.000042,-0.000146,0.000000
32,7,25,0.000876,0.000053,-0.000161,0.000000
32,8,25,0.001045,0.000065,-0.000178,0.000000
32,9,25,0.001232,0.000080,-0.000198,0.000000
32,10,25,0.001442,0.000099,-0.000222,0.000000
32,11,25,0.001676,0.000121,-0.000250,0.000000
32,12,25,0.001941,0.000149,-0.000281,0.000000
32,13,25,0.002238,0.000183,-0.000317,0.000000
32,14,25,0.002575,0.000226,-0.000357,0.000000
32,15,25,0.002952,0.000281,-0.000401,0.000000
32,16,25,0.003378,0.000350,-0.000449,0.000000
32,17,25,0.003849,0.000437,-0.000498,0.000000
32,18,25,0.004373,0.000546,-0.000544,0.000000
32,19,25,0.004938,0.000682,-0.000583,0.000000
32,20,25,0.005538,0.000847,-0.000603,0.000000
32,21,25,0.006144,0.001039,-0.000592,0.000000
32,22,25,0.006722,0.001247,-0.000533,0.000000
32,23,25,0.007210,0.001448,-0.000413,0.000000
32,24,25,0.007548,0.001602,-0.000228,0.000000
32,25,25,0.007666,0.001662,0.000000,0.000000
32,26,25,0.007547,0.001602,0.000229,0.000000
32,27,25,0.007209,0.001448,0.000414,0.000000
32,28,25,0.006720,0.001247,0.000534,0.000000
32,29,25,0.006141,0.001039,0.000593,0.000000
32,30,25,0.005534,0.000847,0.000604,0.000000
32,31,25,0.004932,0.000682,0.000584,0.000000
32,32,25,0.004366,0.000546,0.000546,0.000000
32,33,25,0.003841,0.000436,0.000499,0.000000
32,34,25,0.003368,0.000349,0.000451,0.000000
32,35,25,0.002940,0.000280,0.000403,0.000000
32,36,25,0.002561,0.000226,0.000359,0.000000
32,37,25,0.002221,0.000182,0.000320,0.000000
32,38,25,0.001921,0.000148,0.000284,0.000000
32,39,25,0.001652,0.000120,0.000254,0.000000
32,40,25,0.001414,0.000097,0.000227,0.000000
32,41,25,0.001199,0.000079,0.000204,0.000000
32,42,25,0.001007,0.000064,0.000184,0.000000
32,43,25,0.000831,0.000051,0.000168,0.000000
32,44,25,0.000671,0.000040,0.000154,0.000000
32,45,25,0.000523,0.000030,0.000143,0.000000
32,46,25,0.000384,0.000022,0.000135,0.000000
32,47,25,0.000252,0.000014,0.000130,0.000000
32,48,25,0.000125,0.000007,0.000126,0.000000
32,49,25,0.000000,-0.000000,0.000000,-0.000000
33,0,25,0.000000,-0.000000,0.000000,-0.000000
33,1,25,0.000103,0.000006,-0.000103,0.000000
33,2,25,0.000207,0.000013,-0.000106,0.000000
33,3,25,0.000315,0.000020,-0.000111,0.000000
33,4,25,0.000428,0.000027,-0.000117,0.000000
33,5,25,0.000549,0.000035,-0.000126,0.000000
33,6,25,0.000679,0.000045,-0.000136,0.000000
33,7,25,0.000822,0.000056,-0.000149,0.000000
33,8,25,0.000977,0.000069,-0.000164,0.000000
33,9,25,0.001150,0.000084,-0.000181,0.000000
33,10,25,0.001340,0.000102,-0.000202,0.000000
33,11,25,0.001553,0.000125,-0.000225,0.000000
33,12,25,0.001789,0.000152,-0.000250,0.000000
33,13,25,0.002054,0.000184,-0.000279,0.000000
33,14,25,0.002347,0.000225,-0.000310,0.000000
33,15,25,0.002674,0.000275,-0.000343,0.000000
33,16,25,0.003032,0.000335,-0.000376,0.000000
33,17,25,0.003426,0.000410,-0.000408,0.000000
33,18,25,0.003847,0.000500,-0.000435,0.000000
33,19,25,0.004296,0.000606,-0.000452,0.000000
33,20,25,0.004752,0.000729,-0.000453,0.000000
33,21,25,0.005203,0.000864,-0.000430,0.000000
33,22,25,0.005612,0.001002,-0.000374,0.000000
33,23,25,0.005951,0.001127,-0.000281,0.000000
33,24,25,0.006173,0.001217,-0.000151,0.000000
33,25,25,0.006254,0.001251,0.000000,0.000000
33,26,25,0.006173,0.001217,0.000152,0.000000
33,27,25,0.005950,0.001127,0.000281,0.000000
33,28,25,0.005610,0.001002,0.000375,0.000000
33,29,25,0.005200,0.000864,0.000431,0.000000
33,30,25,0.004748,0.000729,0.000455,0.000000
33,31,25,0.004291,0.000606,0.000454,0.000000
33,32,25,0.003841,0.000499,0.000436,0.000000
33,33,25,0.003418,0.000409,0.000409,0.000000
33,34,25,0.003022,0.000335,0.000378,0.000000
33,35,25,0.002662,0.000274,0.000345,0.000000
33,36,25,0.002333,0.000224,0.000312,0.000000
33,37,25,0.002038,0.000184,0.000282,0.000000
33,38,25,0.001770,0.000151,0.000254,0.000000
33,39,25,0.001530,0.000123,0.000228,0.000000
33,40,25,0.001313,0.000101,0.000206,0.000000
33,41,25,0.001118,0.000083,0.000186,0.000000
33,42,25,0.000940,0.000067,0.000170,0.000000
33,43,25,0.000779,0.000054,0.000155,0.000000
33,44,25,0.000629,0.000042,0.000144,0.000000
33,45,25,0.000492,0.000032,0.000134,0.000000
33,46,25,0.000361,0.000023,0.000127,0.000000
33,47,25,0.000238,0.000015,0.000122,0.000000
33,48,25,0.000118,0.000007,0.000119,0.000000
33,49,25,0.000000,-0.000000,0.000000,-0.000000
34,0,25,0.000000,-0.000000,0.000000,-0.000000
34,1,25,0.000096,0.000007,-0.000097,0.000000
34,2,25,0.000194,0.000013,-0.000099,0.000000
34,3,25,0.000295,0.000021,-0.000103,0.000000
34,4,25,0.000401,0.000028,-0.000109,0.000000
34,5,25,0.000513,0.000037,-0.000117,0.000000
34,6,25,0.000634,0.000047,-0.000126,0.000000
34,7,25,0.000764,0.000058,-0.000137,0.000000
34,8,25,0.000907,0.000071,-0.000150,0.000000
34,9,25,0.001063,0.000086,-0.000165,0.000000
34,10,25,0.001237,0.000104,-0.000182,0.000000
34,11,25,0.001426,0.000126,-0.000201,0.000000
34,12,25,0.001638,0.000151,-0.000221,0.000000
34,13,25,0.001869,0.000182,-0.000244,0.000000
34,14,25,0.002125,0.000219,-0.000267,0.000000
34,15,25,0.002403,0.000263,-0.000291,0.000000
34,16,25,0.002707,0.000316,-0.000314,0.000000
34,17,25,0.003030,0.000378,-0.000334,0.000000
34,18,25,0.003374,0.000451,-0.000348,0.000000
34,19,25,0.003725,0.000534,-0.000353,0.000000
34,20,25,0.004080,0.000626,-0.000345,0.000000
34,21,25,0.004415,0.000722,-0.000319,0.000000
34,22,25,0.004717,0.000816,-0.000270,0.000000
34,23,25,0.004955,0.000897,-0.000198,0.000000
34,24,25,0.005113,0.000953,-0.000105,0.000000
34,25,25,0.005165,0.000973,0.000000,0.000000
34,26,25,0.005112,0.000953,0.000106,0.000000
34,27,25,0.004954,0.000897,0.000199,0.000000
34,28,25,0.004715,0.000816,0.000271,0.000000
34,29,25,0.004412,0.000722,0.000319,0.000000
34,30,25,0.004076,0.000626,0.000346,0.000000
34,31,25,0.003720,0.000534,0.000354,0.000000
34,32,25,0.003368,0.000451,0.000349,0.000000
34,33,25,0.003022,0.000378,0.000335,0.000000
34,34,25,0.002697,0.000315,0.000315,0.000000
34,35,25,0.002392,0.000262,0.000293,0.000000
34,36,25,0.002112,0.000218,0.000269,0.000000
34,37,25,0.001853,0.000181,0.000246,0.000000
34,38,25,0.001620,0.000150,0.000224,0.000000
34,39,25,0.001405,0.000124,0.000204,0.000000
34,40,25,0.001211,0.000103,0.000186,0.000000
34,41,25,0.001034,0.000084,0.000169,0.000000
34,42,25,0.000873,0.000069,0.000155,0.000000
34,43,25,0.000723,0.000056,0.000143,0.000000
34,44,25,0.000587,0.000044,0.000133,0.000000
34,45,25,0.000458,0.000034,0.000125,0.000000
34,46,25,0.000338,0.000024,0.000118,0.000000
34,47,25,0.000222,0.000016,0.000114,0.000000
34,48,25,0.000110,0.000008,0.000111,0.000000
34,49,25,0.000000,-0.000000,0.000000,-0.000000
35,0,25,0.000000,-0.000000,0.000000,-0.000000
35,1,25,0.000089,0.000007,-0.000090,0.000000
35,2,25,0.000180,0.000014,-0.000092,0.000000
35,3,25,0.000274,0.000021,-0.000096,0.000000
35,4,25,0.000371,0.000029,-0.000101,0.000000
35,5,25,0.000475,0.000038,-0.000107,0.000000
35,6,25,0.000586,0.000048,-0.000115,0.000000
35,7,25,0.000706,0.000059,-0.000125,0.000000
35,8,25,0.000835,0.000072,-0.000136,0.000000
35,9,25,0.000978,0.000086,-0.000148,0.000000
35,10,25,0.001132,0.000104,-0.000162,0.000000
35,11,25,0.001302,0.000124,-0.000178,0.000000
35,12,25,0.001487,0.000148,-0.000194,0.000000
35,13,25,0.001690,0.000176,-0.000211,0.000000
35,14,25,0.001909,0.000209,-0.000229,0.000000
35,15,25,0.002148,0.000248,-0.000246,0.000000
35,16,25,0.002400,0.000293,-0.000261,0.000000
35,17,25,0.002670,0.000345,-0.000273,0.000000
35,18,25,0.002945,0.000404,-0.000279,0.000000
35,19,25,0.003228,0.000468,-0.000278,0.000000
35,20,25,0.003501,0.000537,-0.000265,0.000000
35,21,25,0.003759,0.000607,-0.000240,0.000000
35,22,25,0.003981,0.000672,-0.000199,0.000000
35,23,25,0.004157,0.000727,-0.000144,0.000000
35,24,25,0.004268,0.000763,-0.000075,0.000000
35,25,25,0.004308,0.000776,0.000000,0.000000
35,26,25,0.004267,0.000763,0.000076,0.000000
35,27,25,0.004156,0.000727,0.000144,0.000000
35,28,25,0.003978,0.000672,0.000200,0.000000
35,29,25,0.003756,0.000607,0.000241,0.000000
35,30,25,0.003497,0.000537,0.000266,0.000000
35,31,25,0.003223,0.000468,0.000279,0.000000
35,32,25,0.002940,0.000403,0.000280,0.000000
35,33,25,0.002662,0.000345,0.000274,0.000000
35,34,25,0.002392,0.000293,0.000262,0.000000
35,35,25,0.002138,0.000247,0.000247,0.000000
35,36,25,0.001897,0.000209,0.000231,0.000000
35,37,25,0.001676,0.000175,0.000214,0.000000
35,38,25,0.001469,0.000147,0.000197,0.000000
35,39,25,0.001282,0.000123,0.000181,0.000000
35,40,25,0.001108,0.000102,0.000166,0.000000
35,41,25,0.000950,0.000085,0.000153,0.000000
35,42,25,0.000802,0.000070,0.000141,0.000000
35,43,25,0.000668,0.000056,0.000130,0.000000
35,44,25,0.000542,0.000045,0.000122,0.000000
35,45,25,0.000424,0.000034,0.000115,0.000000
35,46,25,0.000312,0.000025,0.000109,0.000000
35,47,25,0.000206,0.000016,0.000105,0.000000
35,48,25,0.000102,0.000008,0.000103,0.000000
35,49,25,0.000000,-0.000000,0.000000,-0.000000
36,0,25,0.000000,-0.000000,0.000000,-0.000000
36,1,25,0.000082,0.000007,-0.000083,0.000000
36,2,25,0.000166,0.000014,-0.000085,0.000000
36,3,25,0.000252,0.000022,-0.000088,0.000000
36,4,25,0.000342,0.000030,-0.000092,0.000000
36,5,25,0.000437,0.000038,-0.000098,0.000000
36,6,25,0.000538,0.000048,-0.000105,0.000000
36,7,25,0.000646,0.000059,-0.000113,0.000000
36,8,25,0.000764,0.000071,-0.000122,0.000000
36,9,25,0.000890,0.000086,-0.000133,0.000000
36,10,25,0.001029,0.000102,-0.000144,0.000000
36,11,25,0.001178,0.000121,-0.000156,0.000000
36,12,25,0.001342,0.000143,-0.000169,0.000000
36,13,25,0.001516,0.000169,-0.000182,0.000000
36,14,25,0.001706,0.000198,-0.000195,0.000000
36,15,25,0.001907,0.000232,-0.000207,0.000000
36,16,25,0.002120,0.000270,-0.000217,0.000000
36,17,25,0.002340,0.000313,-0.000223,0.000000
36,18,25,0.002566,0.000360,-0.000225,0.000000
36,19,25,0.002789,0.000410,-0.000220,0.000000
36,20,25,0.003005,0.000463,-0.000206,0.000000
36,21,25,0.003201,0.000514,-0.000184,0.000000
36,22,25,0.003372,0.000560,-0.000150,0.000000
36,23,25,0.003502,0.000598,-0.000107,0.000000
36,24,25,0.003586,0.000623,-0.000056,0.000000
36,25,25,0.003613,0.000632,0.000000,0.000000
36,26,25,0.003585,0.000623,0.000056,0.000000
36,27,25,0.003500,0.000598,0.000108,0.000000
36,28,25,0.003370,0.000560,0.000151,0.000000
36,29,25,0.003199,0.000514,0.000184,0.000000
36,30,25,0.003002,0.000462,0.000207,0.000000
36,31,25,0.002784,0.000410,0.000221,0.000000
36,32,25,0.002561,0.000359,0.000226,0.000000
36,33,25,0.002333,0.000312,0.000224,0.000000
36,34,25,0.002112,0.000269,0.000218,0.000000
36,35,25,0.001897,0.000231,0.000209,0.000000
36,36,25,0.001695,0.000197,0.000197,0.000000
36,37,25,0.001503,0.000168,0.000185,0.000000
36,38,25,0.001326,0.000142,0.000172,0.000000
36,39,25,0.001159,0.000120,0.000159,0.000000
36,40,25,0.001007,0.000100,0.000147,0.000000
36,41,25,0.000864,0.000084,0.000137,0.000000
36,42,25,0.000734,0.000069,0.000127,0.000000
36,43,25,0.000611,0.000056,0.000118,0.000000
36,44,25,0.000497,0.000045,0.000111,0.000000
36,45,25,0.000389,0.000035,0.000105,0.000000
36,46,25,0.000288,0.000025,0.000100,0.000000
36,47,25,0.000189,0.000016,0.000097,0.000000
36,48,25,0.000094,0.000008,0.000095,0.000000
36,49,25,0.000000,-0.000000,0.000000,-0.000000
37,0,25,0.000000,-0.000000,0.000000,-0.000000
37,1,25,0.000076,0.000007,-0.000076,0.000000
37,2,25,0.000152,0.000014,-0.000078,0.000000
37,3,25,0.000231,0.000022,-0.000080,0.000000
37,4,25,0.000312,0.000030,-0.000084,0.000000
37,5,25,0.000399,0.000038,-0.000089,0.000000
37,6,25,0.000490,0.000048,-0.000095,0.000000
37,7,25,0.000588,0.000058,-0.000101,0.000000
37,8,25,0.000692,0.000070,-0.000109,0.000000
37,9,25,0.000806,0.000084,-0.000118,0.000000
37,10,25,0.000927,0.000099,-0.000127,0.000000
37,11,25,0.001060,0.000117,-0.000137,0.000000
37,12,25,0.001201,0.000137,-0.000147,0.000000
37,13,25,0.001353,0.000160,-0.000156,0.000000
37,14,25,0.001513,0.000185,-0.000166,0.000000
37,15,25,0.001685,0.000214,-0.000174,0.000000
37,16,25,0.001861,0.000247,-0.000180,0.000000
37,17,25,0.002044,0.000282,-0.000182,0.000000
37,18,25,0.002226,0.000320,-0.000181,0.000000
37,19,25,0.002407,0.000360,-0.000175,0.000000
37,20,25,0.002575,0.000400,-0.000162,0.000000
37,21,25,0.002731,0.000438,-0.000142,0.000000
37,22,25,0.002860,0.000472,-0.000115,0.000000
37,23,25,0.002961,0.000499,-0.000081,0.000000
37,24,25,0.003022,0.000517,-0.000042,0.000000
37,25,25,0.003044,0.000523,0.000000,0.000000
37,26,25,0.003021,0.000517,0.000042,0.000000
37,27,25,0.002959,0.000499,0.000082,0.000000
37,28,25,0.002858,0.000472,0.000116,0.000000
37,29,25,0.002728,0.000438,0.000143,0.000000
37,30,25,0.002572,0.000400,0.000163,0.000000
37,31,25,0.002402,0.000360,0.000176,0.000000
37,32,25,0.002221,0.000320,0.000182,0.000000
37,33,25,0.002038,0.000282,0.000184,0.000000
37,34,25,0.001853,0.000246,0.000181,0.000000
37,35,25,0.001676,0.000214,0.000175,0.000000
37,36,25,0.001503,0.000185,0.000168,0.000000
37,37,25,0.001340,0.000159,0.000159,0.000000
37,38,25,0.001186,0.000136,0.000149,0.000000
37,39,25,0.001042,0.000115,0.000139,0.000000
37,40,25,0.000907,0.000098,0.000130,0.000000
37,41,25,0.000782,0.000082,0.000121,0.000000
37,42,25,0.000664,0.000068,0.000113,0.000000
37,43,25,0.000555,0.000056,0.000106,0.000000
37,44,25,0.000452,0.000045,0.000100,0.000000
37,45,25,0.000355,0.000034,0.000095,0.000000
37,46,25,0.000262,0.000025,0.000091,0.000000
37,47,25,0.000173,0.000016,0.000088,0.000000
37,48,25,0.000086,0.000008,0.000086,0.000000
37,49,25,0.000000,-0.000000,0.000000,-0.000000
38,0,25,0.000000,-0.000000,0.000000,-0.000000
38,1,25,0.000068,0.000007,-0.000069,0.000000
38,2,25,0.000138,0.000014,-0.000070,0.000000
38,3,25,0.000209,0.000021,-0.000073,0.000000
38,4,25,0.000283,0.000029,-0.000076,0.000000
38,5,25,0.000360,0.000038,-0.000080,0.000000
38,6,25,0.000443,0.000047,-0.000085,0.000000
38,7,25,0.000530,0.000057,-0.000090,0.000000
38,8,25,0.000623,0.000069,-0.000097,0.000000
38,9,25,0.000723,0.000081,-0.000104,0.000000
38,10,25,0.000831,0.000096,-0.000111,0.000000
38,11,25,0.000945,0.000112,-0.000119,0.000000
38,12,25,0.001068,0.000130,-0.000126,0.000000
38,13,25,0.001197,0.000150,-0.000134,0.000000
38,14,25,0.001336,0.000173,-0.000140,0.000000
38,15,25,0.001478,0.000198,-0.000146,0.000000
38,16,25,0.001627,0.000225,-0.000149,0.000000
38,17,25,0.001775,0.000254,-0.000150,0.000000
38,18,25,0.001926,0.000285,-0.000147,0.000000
38,19,25,0.002069,0.000316,-0.000140,0.000000
38,20,25,0.002205,0.000347,-0.000128,0.000000
38,21,25,0.002325,0.000376,-0.000111,0.000000
38,22,25,0.002428,0.000402,-0.000089,0.000000
38,23,25,0.002503,0.000422,-0.000062,0.000000
38,24,25,0.002552,0.000434,-0.000032,0.000000
38,25,25,0.002567,0.000439,0.000000,0.000000
38,26,25,0.002552,0.000434,0.000033,0.000000
38,27,25,0.002502,0.000422,0.000063,0.000000
38,28,25,0.002426,0.000402,0.000090,0.000000
38,29,25,0.002323,0.000376,0.000112,0.000000
38,30,25,0.002202,0.000347,0.000129,0.000000
38,31,25,0.002065,0.000316,0.000141,0.000000
38,32,25,0.001921,0.000284,0.000148,0.000000
38,33,25,0.001770,0.000254,0.000151,0.000000
38,34,25,0.001620,0.000224,0.000150,0.000000
38,35,25,0.001469,0.000197,0.000147,0.000000
38,36,25,0.001326,0.000172,0.000142,0.000000
38,37,25,0.001186,0.000149,0.000136,0.000000
38,38,25,0.001054,0.000129,0.000129,0.000000
38,39,25,0.000928,0.000110,0.000121,0.000000
38,40,25,0.000812,0.000094,0.000114,0.000000
38,41,25,0.000701,0.000079,0.000107,0.000000
38,42,25,0.000598,0.000066,0.000100,0.000000
38,43,25,0.000500,0.000054,0.000095,0.000000
38,44,25,0.000408,0.000044,0.000090,0.000000
38,45,25,0.000320,0.000034,0.000085,0.000000
38,46,25,0.000237,0.000025,0.000082,0.000000
38,47,25,0.000156,0.000016,0.000080,0.000000
38,48,25,0.000078,0.000008,0.000078,0.000000
38,49,25,0.000000,-0.000000,0.000000,-0.000000
39,0,25,0.000000,-0.000000,0.000000,-0.000000
39,1,25,0.000062,0.000007,-0.000062,0.000000
39,2,25,0.000124,0.000014,-0.000063,0.000000
39,3,25,0.000188,0.000021,-0.000065,0.000000
39,4,25,0.000254,0.000029,-0.000068,0.000000
39,5,25,0.000323,0.000037,-0.000071,0.000000
39,6,25,0.000396,0.000046,-0.000075,0.000000
39,7,25,0.000474,0.000056,-0.000080,0.000000
39,8,25,0.000555,0.000066,-0.000085,0.000000
39,9,25,0.000644,0.000078,-0.000091,0.000000
39,10,25,0.000736,0.000092,-0.000096,0.000000
39,11,25,0.000836,0.000106,-0.000102,0.000000
39,12,25,0.000941,0.000123,-0.000108,0.000000
39,13,25,0.001053,0.000140,-0.000114,0.000000
39,14,25,0.001168,0.000160,-0.000118,0.000000
39,15,25,0.001289,0.000182,-0.000121,0.000000
39,16,25,0.001411,0.000205,-0.000123,0.000000
39,17,25,0.001536,0.000229,-0.000122,0.000000
39,18,25,0.001656,0.000254,-0.000119,0.000000
39,19,25,0.001774,0.000279,-0.000112,0.000000
39,20,25,0.001881,0.000303,-0.000102,0.000000
39,21,25,0.001978,0.000326,-0.000088,0.000000
39,22,25,0.002056,0.000345,-0.000070,0.000000
39,23,25,0.002117,0.000360,-0.000048,0.000000
39,24,25,0.002153,0.000369,-0.000025,0.000000
39,25,25,0.002167,0.000373,0.000000,0.000000
39,26,25,0.002152,0.000369,0.000025,0.000000
39,27,25,0.002116,0.000360,0.000049,0.000000
39,28,25,0.002055,0.000345,0.000070,0.000000
39,29,25,0.001976,0.000326,0.000088,0.000000
39,30,25,0.001878,0.000303,0.000103,0.000000
39,31,25,0.001770,0.000279,0.000113,0.000000
39,32,25,0.001652,0.000254,0.000120,0.000000
39,33,25,0.001530,0.000228,0.000123,0.000000
39,34,25,0.001405,0.000204,0.000124,0.000000
39,35,25,0.001282,0.000181,0.000123,0.000000
39,36,25,0.001159,0.000159,0.000120,0.000000
39,37,25,0.001042,0.000139,0.000115,0.000000
39,38,25,0.000928,0.000121,0.000110,0.000000
39,39,25,0.000822,0.000105,0.000105,0.000000
39,40,25,0.000719,0.000090,0.000099,0.000000
39,41,25,0.000623,0.000076,0.000094,0.000000
39,42,25,0.000532,0.000064,0.000088,0.000000
39,43,25,0.000446,0.000053,0.000084,0.000000
39,44,25,0.000364,0.000043,0.000080,0.000000
39,45,25,0.000287,0.000033,0.000076,0.000000
39,46,25,0.000212,0.000024,0.000073,0.000000
39,47,25,0.000140,0.000016,0.000071,0.000000
39,48,25,0.000070,0.000008,0.000070,0.000000
39,49,25,0.000000,-0.000000,0.000000,-0.000000
40,0,25,0.000000,-0.000000,0.000000,-0.000000
40,1,25,0.000055,0.000007,-0.000055,0.000000
40,2,25,0.000110,0.000014,-0.000056,0.000000
40,3,25,0.000167,0.000021,-0.000058,0.000000
40,4,25,0.000226,0.000028,-0.000060,0.000000
40,5,25,0.000286,0.000036,-0.000063,0.000000
40,6,25,0.000351,0.000045,-0.000066,0.000000
40,7,25,0.000418,0.000054,-0.000070,0.000000
40,8,25,0.000491,0.000064,-0.000074,0.000000
40,9,25,0.000566,0.000075,-0.000078,0.000000
40,10,25,0.000648,0.000087,-0.000083,0.000000
40,11,25,0.000732,0.000101,-0.000088,0.000000
40,12,25,0.000823,0.000115,-0.000092,0.000000
40,13,25,0.000916,0.000131,-0.000096,0.000000
40,14,25,0.001015,0.000148,-0.000099,0.000000
40,15,25,0.001115,0.000167,-0.000101,0.000000
40,16,25,0.001217,0.000186,-0.000102,0.000000
40,17,25,0.001318,0.000207,-0.000100,0.000000
40,18,25,0.001418,0.000227,-0.000097,0.000000
40,19,25,0.001511,0.000247,-0.000090,0.000000
40,20,25,0.001598,0.000267,-0.000081,0.000000
40,21,25,0.001674,0.000284,-0.000070,0.000000
40,22,25,0.001738,0.000299,-0.000055,0.000000
40,23,25,0.001783,0.000311,-0.000038,0.000000
40,24,25,0.001813,0.000318,-0.000019,0.000000
40,25,25,0.001822,0.000320,0.000000,0.000000
40,26,25,0.001813,0.000318,0.000020,0.000000
40,27,25,0.001782,0.000311,0.000038,0.000000
40,28,25,0.001736,0.000299,0.000055,0.000000
40,29,25,0.001672,0.000284,0.000070,0.000000
40,30,25,0.001596,0.000266,0.000082,0.000000
40,31,25,0.001508,0.000247,0.000091,0.000000
40,32,25,0.001414,0.000227,0.000097,0.000000
40,33,25,0.001313,0.000206,0.000101,0.000000
40,34,25,0.001211,0.000186,0.000103,0.000000
40,35,25,0.001108,0.000166,0.000102,0.000000
40,36,25,0.001007,0.000147,0.000100,0.000000
40,37,25,0.000907,0.000130,0.000098,0.000000
40,38,25,0.000812,0.000114,0.000094,0.000000
40,39,25,0.000719,0.000099,0.000090,0.000000
40,40,25,0.000632,0.000085,0.000085,0.000000
40,41,25,0.000548,0.000073,0.000081,0.000000
40,42,25,0.000469,0.000062,0.000077,0.000000
40,43,25,0.000394,0.000051,0.000073,0.000000
40,44,25,0.000323,0.000041,0.000070,0.000000
40,45,25,0.000254,0.000032,0.000067,0.000000
40,46,25,0.000188,0.000024,0.000065,0.000000
40,47,25,0.000124,0.000016,0.000063,0.000000
40,48,25,0.000062,0.000008,0.000062,0.000000
40,49,25,0.000000,-0.000000,0.000000,-0.000000
41,0,25,0.000000,-0.000000,0.000000,-0.000000
41,1,25,0.000048,0.000007,-0.000048,0.000000
41,2,25,0.000097,0.000013,-0.000049,0.000000
41,3,25,0.000147,0.000020,-0.000050,0.000000
41,4,25,0.000198,0.000027,-0.000052,0.000000
41,5,25,0.000251,0.000035,-0.000055,0.000000
41,6,25,0.000307,0.000043,-0.000057,0.000000
41,7,25,0.000366,0.000052,-0.000060,0.000000
41,8,25,0.000427,0.000061,-0.000064,0.000000
41,9,25,0.000493,0.000072,-0.000067,0.000000
41,10,25,0.000562,0.000083,-0.000071,0.000000
41,11,25,0.000635,0.000095,-0.000074,0.000000
41,12,25,0.000711,0.000108,-0.000078,0.000000
41,13,25,0.000791,0.000122,-0.000080,0.000000
41,14,25,0.000872,0.000138,-0.000083,0.000000
41,15,25,0.000956,0.000153,-0.000084,0.000000
41,16,25,0.001039,0.000170,-0.000083,0.000000
41,17,25,0.001123,0.000187,-0.000082,0.000000
41,18,25,0.001202,0.000204,-0.000078,0.000000
41,19,25,0.001279,0.000221,-0.000073,0.000000
41,20,25,0.001347,0.000236,-0.000065,0.000000
41,21,25,0.001409,0.000250,-0.000055,0.000000
41,22,25,0.001458,0.000262,-0.000043,0.000000
41,23,25,0.001496,0.000271,-0.000030,0.000000
41,24,25,0.001518,0.000276,-0.000015,0.000000
41,25,25,0.001526,0.000278,0.000000,0.000000
41,26,25,0.001517,0.000276,0.000016,0.000000
41,27,25,0.001495,0.000271,0.000030,0.000000
41,28,25,0.001457,0.000262,0.000044,0.000000
41,29,25,0.001407,0.000250,0.000056,0.000000
41,30,25,0.001345,0.000236,0.000066,0.000000
41,31,25,0.001276,0.000220,0.000073,0.000000
41,32,25,0.001199,0.000204,0.000079,0.000000
41,33,25,0.001118,0.000186,0.000083,0.000000
41,34,25,0.001034,0.000169,0.000084,0.000000
41,35,25,0.000950,0.000153,0.000085,0.000000
41,36,25,0.000864,0.000137,0.000084,0.000000
41,37,25,0.000782,0.000121,0.000082,0.000000
41,38,25,0.000701,0.000107,0.000079,0.000000
41,39,25,0.000623,0.000094,0.000076,0.000000
41,40,25,0.000548,0.000081,0.000073,0.000000
41,41,25,0.000477,0.000070,0.000070,0.000000
41,42,25,0.000409,0.000059,0.000067,0.000000
41,43,25,0.000344,0.000049,0.000063,0.000000
41,44,25,0.000282,0.000040,0.000061,0.000000
41,45,25,0.000222,0.000031,0.000058,0.000000
41,46,25,0.000165,0.000023,0.000057,0.000000
41,47,25,0.000109,0.000015,0.000055,0.000000
41,48,25,0.000054,0.000008,0.000055,0.000000
41,49,25,0.000000,-0.000000,0.000000,-0.000000
42,0,25,0.000000,-0.000000,0.000000,-0.000000
42,1,25,0.000042,0.000006,-0.000042,0.000000
42,2,25,0.000084,0.000013,-0.000042,0.000000
42,3,25,0.000126,0.000020,-0.000044,0.000000
42,4,25,0.000171,0.000027,-0.000045,0.000000
42,5,25,0.000216,0.000034,-0.000047,0.000000
42,6,25,0.000265,0.000042,-0.000049,0.000000
42,7,25,0.000314,0.000050,-0.000052,0.000000
42,8,25,0.000368,0.000059,-0.000054,0.000000
42,9,25,0.000423,0.000069,-0.000057,0.000000
42,10,25,0.000482,0.000079,-0.000060,0.000000
42,11,25,0.000542,0.000090,-0.000062,0.000000
42,12,25,0.000606,0.000102,-0.000065,0.000000
42,13,25,0.000672,0.000114,-0.000067,0.000000
42,14,25,0.000740,0.000128,-0.000068,0.000000
42,15,25,0.000808,0.000142,-0.000069,0.000000
42,16,25,0.000877,0.000156,-0.000068,0.000000
42,17,25,0.000944,0.000170,-0.000066,0.000000
42,18,25,0.001010,0.000184,-0.000063,0.000000
42,19,25,0.001070,0.000198,-0.000058,0.000000
42,20,25,0.001126,0.000211,-0.000052,0.000000
42,21,25,0.001173,0.000222,-0.000044,0.000000
42,22,25,0.001214,0.000232,-0.000034,0.000000
42,23,25,0.001242,0.000239,-0.000024,0.000000
42,24,25,0.001261,0.000243,-0.000012,0.000000
42,25,25,0.001266,0.000245,0.000000,0.000000
42,26,25,0.001260,0.000243,0.000012,0.000000
42,27,25,0.001241,0.000239,0.000024,0.000000
42,28,25,0.001212,0.000231,0.000035,0.000000
42,29,25,0.001172,0.000222,0.000044,0.000000
42,30,25,0.001124,0.000211,0.000052,0.000000
42,31,25,0.001067,0.000198,0.000059,0.000000
42,32,25,0.001007,0.000184,0.000064,0.000000
42,33,25,0.000940,0.000170,0.000067,0.000000
42,34,25,0.000873,0.000155,0.000069,0.000000
42,35,25,0.000802,0.000141,0.000070,0.000000
42,36,25,0.000734,0.000127,0.000069,0.000000
42,37,25,0.000664,0.000113,0.000068,0.000000
42,38,25,0.000598,0.000100,0.000066,0.000000
42,39,25,0.000532,0.000088,0.000064,0.000000
42,40,25,0.000469,0.000077,0.000062,0.000000
42,41,25,0.000409,0.000067,0.000059,0.000000
42,42,25,0.000351,0.000057,0.000057,0.000000
42,43,25,0.000296,0.000047,0.000054,0.000000
42,44,25,0.000243,0.000038,0.000052,0.000000
42,45,25,0.000192,0.000030,0.000050,0.000000
42,46,25,0.000142,0.000022,0.000049,0.000000
42,47,25,0.000094,0.000015,0.000048,0.000000
42,48,25,0.000047,0.000007,0.000047,0.000000
42,49,25,0.000000,-0.000000,0.000000,-0.000000
43,0,25,0.000000,-0.000000,0.000000,-0.000000
43,1,25,0.000035,0.000006,-0.000035,0.000000
43,2,25,0.000071,0.000013,-0.000036,0.000000
43,3,25,0.000107,0.000019,-0.000037,0.000000
43,4,25,0.000144,0.000026,-0.000038,0.000000
43,5,25,0.000183,0.000033,-0.000039,0.000000
43,6,25,0.000223,0.000040,-0.000041,0.000000
43,7,25,0.000266,0.000048,-0.000043,0.000000
43,8,25,0.000310,0.000057,-0.000045,0.000000
43,9,25,0.000356,0.000065,-0.000047,0.000000
43,10,25,0.000404,0.000075,-0.000050,0.000000
43,11,25,0.000455,0.000085,-0.000051,0.000000
43,12,25,0.000507,0.000096,-0.000053,0.000000
43,13,25,0.000562,0.000107,-0.000055,0.000000
43,14,25,0.000616,0.000119,-0.000055,0.000000
43,15,25,0.000673,0.000131,-0.000055,0.000000
43,16,25,0.000727,0.000144,-0.000055,0.000000
43,17,25,0.000782,0.000156,-0.000053,0.000000
43,18,25,0.000833,0.000168,-0.000050,0.000000
43,19,25,0.000883,0.000179,-0.000046,0.000000
43,20,25,0.000926,0.000190,-0.000041,0.000000
43,21,25,0.000964,0.000199,-0.000034,0.000000
43,22,25,0.000995,0.000207,-0.000027,0.000000
43,23,25,0.001018,0.000213,-0.000018,0.000000
43,24,25,0.001031,0.000217,-0.000009,0.000000
43,25,25,0.001037,0.000218,0.000000,0.000000
43,26,25,0.001031,0.000217,0.000010,0.000000
43,27,25,0.001018,0.000213,0.000019,0.000000
43,28,25,0.000994,0.000207,0.000027,0.000000
43,29,25,0.000963,0.000199,0.000035,0.000000
43,30,25,0.000924,0.000190,0.000041,0.000000
43,31,25,0.000880,0.000179,0.000047,0.000000
43,32,25,0.000831,0.000168,0.000051,0.000000
43,33,25,0.000779,0.000155,0.000054,0.000000
43,34,25,0.000723,0.000143,0.000056,0.000000
43,35,25,0.000668,0.000130,0.000056,0.000000
43,36,25,0.000611,0.000118,0.000056,0.000000
43,37,25,0.000555,0.000106,0.000056,0.000000
43,38,25,0.000500,0.000095,0.000054,0.000000
43,39,25,0.000446,0.000084,0.000053,0.000000
43,40,25,0.000394,0.000073,0.000051,0.000000
43,41,25,0.000344,0.000063,0.000049,0.000000
43,42,25,0.000296,0.000054,0.000047,0.000000
43,43,25,0.000250,0.000045,0.000045,0.000000
43,44,25,0.000205,0.000037,0.000044,0.000000
43,45,25,0.000162,0.000029,0.000042,0.000000
43,46,25,0.000120,0.000022,0.000041,0.000000
43,47,25,0.000080,0.000014,0.000040,0.000000
43,48,25,0.000040,0.000007,0.000040,0.000000
43,49,25,0.000000,-0.000000,0.000000,-0.000000
44,0,25,0.000000,-0.000000,0.000000,-0.000000
44,1,25,0.000029,0.000006,-0.000029,0.000000
44,2,25,0.000058,0.000012,-0.000030,0.000000
44,3,25,0.000088,0.000019,-0.000030,0.000000
44,4,25,0.000119,0.000025,-0.000031,0.000000
44,5,25,0.000151,0.000032,-0.000032,0.000000
44,6,25,0.000184,0.000039,-0.000034,0.000000
44,7,25,0.000218,0.000047,-0.000035,0.000000
44,8,25,0.000254,0.000054,-0.000037,0.000000
44,9,25,0.000292,0.000063,-0.000038,0.000000
44,10,25,0.000331,0.000072,-0.000040,0.000000
44,11,25,0.000372,0.000081,-0.000042,0.000000
44,12,25,0.000414,0.000091,-0.000043,0.000000
44,13,25,0.000457,0.000101,-0.000044,0.000000
44,14,25,0.000502,0.000112,-0.000044,0.000000
44,15,25,0.000546,0.000123,-0.000044,0.000000
44,16,25,0.000590,0.000133,-0.000043,0.000000
44,17,25,0.000632,0.000144,-0.000042,0.000000
44,18,25,0.000673,0.000155,-0.000039,0.000000
44,19,25,0.000711,0.000164,-0.000036,0.000000
44,20,25,0.000746,0.000173,-0.000032,0.000000
44,21,25,0.000774,0.000181,-0.000027,0.000000
44,22,25,0.000799,0.000188,-0.000021,0.000000
44,23,25,0.000816,0.000193,-0.000014,0.000000
44,24,25,0.000827,0.000195,-0.000007,0.000000
44,25,25,0.000830,0.000196,0.000000,0.000000
44,26,25,0.000827,0.000195,0.000007,0.000000
44,27,25,0.000816,0.000192,0.000014,0.000000
44,28,25,0.000798,0.000188,0.000021,0.000000
44,29,25,0.000773,0.000181,0.000027,0.000000
44,30,25,0.000744,0.000173,0.000032,0.000000
44,31,25,0.000709,0.000164,0.000036,0.000000
44,32,25,0.000671,0.000154,0.000040,0.000000
44,33,25,0.000629,0.000144,0.000042,0.000000
44,34,25,0.000587,0.000133,0.000044,0.000000
44,35,25,0.000542,0.000122,0.000045,0.000000
44,36,25,0.000497,0.000111,0.000045,0.000000
44,37,25,0.000452,0.000100,0.000045,0.000000
44,38,25,0.000408,0.000090,0.000044,0.000000
44,39,25,0.000364,0.000080,0.000043,0.000000
44,40,25,0.000323,0.000070,0.000041,0.000000
44,41,25,0.000282,0.000061,0.000040,0.000000
44,42,25,0.000243,0.000052,0.000038,0.000000
44,43,25,0.000205,0.000044,0.000037,0.000000
44,44,25,0.000169,0.000036,0.000036,0.000000
44,45,25,0.000133,0.000028,0.000035,0.000000
44,46,25,0.000099,0.000021,0.000034,0.000000
44,47,25,0.000066,0.000014,0.000033,0.000000
44,48,25,0.000033,0.000007,0.000033,0.000000
44,49,25,0.000000,-0.000000,0.000000,-0.000000
45,0,25,0.000000,-0.000000,0.000000,-0.000000
45,1,25,0.000023,0.000006,-0.000023,0.000000
45,2,25,0.000046,0.000012,-0.000024,0.000000
45,3,25,0.000070,0.000018,-0.000024,0.000000
45,4,25,0.000094,0.000024,-0.000025,0.000000
45,5,25,0.000120,0.000031,-0.000026,0.000000
45,6,25,0.000145,0.000038,-0.000027,0.000000
45,7,25,0.000173,0.000045,-0.000028,0.000000
45,8,25,0.000201,0.000053,-0.000029,0.000000
45,9,25,0.000231,0.000060,-0.000030,0.000000
45,10,25,0.000261,0.000069,-0.000031,0.000000
45,11,25,0.000293,0.000078,-0.000032,0.000000
45,12,25,0.000325,0.000087,-0.000033,0.000000
45,13,25,0.000359,0.000096,-0.000034,0.000000
45,14,25,0.000393,0.000106,-0.000034,0.000000
45,15,25,0.000427,0.000115,-0.000034,0.000000
45,16,25,0.000461,0.000125,-0.000033,0.000000
45,17,25,0.000494,0.000135,-0.000032,0.000000
45,18,25,0.000524,0.000144,-0.000030,0.000000
45,19,25,0.000554,0.000152,-0.000027,0.000000
45,20,25,0.000579,0.000160,-0.000024,0.000000
45,21,25,0.000602,0.000167,-0.000020,0.000000
45,22,25,0.000619,0.000173,-0.000016,0.000000
45,23,25,0.000633,0.000177,-0.000011,0.000000
45,24,25,0.000641,0.000179,-0.000005,0.000000
45,25,25,0.000644,0.000180,0.000000,0.000000
45,26,25,0.000640,0.000179,0.000006,0.000000
45,27,25,0.000633,0.000176,0.000011,0.000000
45,28,25,0.000619,0.000172,0.000016,0.000000
45,29,25,0.000601,0.000167,0.000020,0.000000
45,30,25,0.000578,0.000160,0.000024,0.000000
45,31,25,0.000552,0.000152,0.000028,0.000000
45,32,25,0.000523,0.000143,0.000030,0.000000
45,33,25,0.000492,0.000134,0.000032,0.000000
45,34,25,0.000458,0.000125,0.000034,0.000000
45,35,25,0.000424,0.000115,0.000034,0.000000
45,36,25,0.000389,0.000105,0.000035,0.000000
45,37,25,0.000355,0.000095,0.000034,0.000000
45,38,25,0.000320,0.000085,0.000034,0.000000
45,39,25,0.000287,0.000076,0.000033,0.000000
45,40,25,0.000254,0.000067,0.000032,0.000000
45,41,25,0.000222,0.000058,0.000031,0.000000
45,42,25,0.000192,0.000050,0.000030,0.000000
45,43,25,0.000162,0.000042,0.000029,0.000000
45,44,25,0.000133,0.000035,0.000028,0.000000
45,45,25,0.000105,0.000027,0.000027,0.000000
45,46,25,0.000078,0.000020,0.000027,0.000000
45,47,25,0.000052,0.000013,0.000026,0.000000
45,48,25,0.000026,0.000007,0.000026,0.000000
45,49,25,0.000000,-0.000000,0.000000,-0.000000
46,0,25,0.000000,-0.000000,0.000000,-0.000000
46,1,25,0.000017,0.000006,-0.000017,0.000000
46,2,25,0.000035,0.000012,-0.000017,0.000000
46,3,25,0.000052,0.000018,-0.000018,0.000000
46,4,25,0.000070,0.000024,-0.000018,0.000000
46,5,25,0.000089,0.000030,-0.000019,0.000000
46,6,25,0.000108,0.000037,-0.000020,0.000000
46,7,25,0.000128,0.000044,-0.000021,0.000000
46,8,25,0.000149,0.000051,-0.000021,0.000000
46,9,25,0.000171,0.000059,-0.000022,0.000000
46,10,25,0.000194,0.000067,-0.000023,0.000000
46,11,25,0.000217,0.000075,-0.000024,0.000000
46,12,25,0.000241,0.000083,-0.000024,0.000000
46,13,25,0.000265,0.000092,-0.000025,0.000000
46,14,25,0.000290,0.000101,-0.000025,0.000000
46,15,25,0.000315,0.000110,-0.000025,0.000000
46,16,25,0.000340,0.000119,-0.000024,0.000000
46,17,25,0.000363,0.000128,-0.000023,0.000000
46,18,25,0.000386,0.000136,-0.000022,0.000000
46,19,25,0.000406,0.000143,-0.000020,0.000000
46,20,25,0.000425,0.000150,-0.000017,0.000000
46,21,25,0.000441,0.000156,-0.000014,0.000000
46,22,25,0.000454,0.000161,-0.000011,0.000000
46,23,25,0.000463,0.000165,-0.000008,0.000000
46,24,25,0.000469,0.000167,-0.000004,0.000000
46,25,25,0.000471,0.000168,0.000000,0.000000
46,26,25,0.000469,0.000167,0.000004,0.000000
46,27,25,0.000463,0.000165,0.000008,0.000000
46,28,25,0.000453,0.000161,0.000011,0.000000
46,29,25,0.000440,0.000156,0.000015,0.000000
46,30,25,0.000424,0.000150,0.000017,0.000000
46,31,25,0.000405,0.000143,0.000020,0.000000
46,32,25,0.000384,0.000135,0.000022,0.000000
46,33,25,0.000361,0.000127,0.000023,0.000000
46,34,25,0.000338,0.000118,0.000024,0.000000
46,35,25,0.000312,0.000109,0.000025,0.000000
46,36,25,0.000288,0.000100,0.000025,0.000000
46,37,25,0.000262,0.000091,0.000025,0.000000
46,38,25,0.000237,0.000082,0.000025,0.000000
46,39,25,0.000212,0.000073,0.000024,0.000000
46,40,25,0.000188,0.000065,0.000024,0.000000
46,41,25,0.000165,0.000057,0.000023,0.000000
46,42,25,0.000142,0.000049,0.000022,0.000000
46,43,25,0.000120,0.000041,0.000022,0.000000
46,44,25,0.000099,0.000034,0.000021,0.000000
46,45,25,0.000078,0.000027,0.000020,0.000000
46,46,25,0.000058,0.000020,0.000020,0.000000
46,47,25,0.000039,0.000013,0.000020,0.000000
46,48,25,0.000019,0.000007,0.000019,0.000000
46,49,25,0.000000,-0.000000,0.000000,-0.000000
47,0,25,0.000000,-0.000000,0.000000,-0.000000
47,1,25,0.000011,0.000006,-0.000011,0.000000
47,2,25,0.000023,0.000012,-0.000012,0.000000
47,3,25,0.000035,0.000017,-0.000012,0.000000
47,4,25,0.000046,0.000024,-0.000012,0.000000
47,5,25,0.000059,0.000030,-0.000013,0.000000
47,6,25,0.000072,0.000036,-0.000013,0.000000
47,7,25,0.000085,0.000043,-0.000014,0.000000
47,8,25,0.000099,0.000050,-0.000014,0.000000
47,9,25,0.000113,0.000057,-0.000015,0.000000
47,10,25,0.000128,0.000065,-0.000015,0.000000
47,11,25,0.000143,0.000073,-0.000016,0.000000
47,12,25,0.000159,0.000081,-0.000016,0.000000
47,13,25,0.000175,0.000089,-0.000016,0.000000
47,14,25,0.000191,0.000098,-0.000016,0.000000
47,15,25,0.000207,0.000106,-0.000016,0.000000
47,16,25,0.000223,0.000114,-0.000016,0.000000
47,17,25,0.000239,0.000122,-0.000015,0.000000
47,18,25,0.000253,0.000130,-0.000014,0.000000
47,19,25,0.000267,0.000137,-0.000013,0.000000
47,20,25,0.000278,0.000143,-0.000011,0.000000
47,21,25,0.000289,0.000149,-0.000009,0.000000
47,22,25,0.000297,0.000153,-0.000007,0.000000
47,23,25,0.000303,0.000156,-0.000005,0.000000
47,24,25,0.000307,0.000159,-0.000002,0.000000
47,25,25,0.000308,0.000159,0.000000,0.000000
47,26,25,0.000307,0.000159,0.000003,0.000000
47,27,25,0.000303,0.000156,0.000005,0.000000
47,28,25,0.000297,0.000153,0.000007,0.000000
47,29,25,0.000289,0.000149,0.000009,0.000000
47,30,25,0.000278,0.000143,0.000011,0.000000
47,31,25,0.000266,0.000137,0.000013,0.000000
47,32,25,0.000252,0.000130,0.000014,0.000000
47,33,25,0.000238,0.000122,0.000015,0.000000
47,34,25,0.000222,0.000114,0.000016,0.000000
47,35,25,0.000206,0.000105,0.000016,0.000000
47,36,25,0.000189,0.000097,0.000016,0.000000
47,37,25,0.000173,0.000088,0.000016,0.000000
47,38,25,0.000156,0.000080,0.000016,0.000000
47,39,25,0.000140,0.000071,0.000016,0.000000
47,40,25,0.000124,0.000063,0.000016,0.000000
47,41,25,0.000109,0.000055,0.000015,0.000000
47,42,25,0.000094,0.000048,0.000015,0.000000
47,43,25,0.000080,0.000040,0.000014,0.000000
47,44,25,0.000066,0.000033,0.000014,0.000000
47,45,25,0.000052,0.000026,0.000013,0.000000
47,46,25,0.000039,0.000020,0.000013,0.000000
47,47,25,0.000026,0.000013,0.000013,0.000000
47,48,25,0.000013,0.000006,0.000013,0.000000
47,49,25,0.000000,-0.000000,0.000000,-0.000000
48,0,25,0.000000,-0.000000,0.000000,-0.000000
48,1,25,0.000006,0.000006,-0.000006,0.000000
48,2,25,0.000011,0.000011,-0.000006,0.000000
48,3,25,0.000017,0.000017,-0.000006,0.000000
48,4,25,0.000023,0.000023,-0.000006,0.000000
48,5,25,0.000029,0.000029,-0.000006,0.000000
48,6,25,0.000036,0.000036,-0.000006,0.000000
48,7,25,0.000042,0.000042,-0.000007,0.000000
48,8,25,0.000049,0.000049,-0.000007,0.000000
48,9,25,0.000056,0.000057,-0.000007,0.000000
48,10,25,0.000064,0.000064,-0.000007,0.000000
48,11,25,0.000071,0.000072,-0.000008,0.000000
48,12,25,0.000079,0.000079,-0.000008,0.000000
48,13,25,0.000087,0.000088,-0.000008,0.000000
48,14,25,0.000095,0.000096,-0.000008,0.000000
48,15,25,0.000103,0.000104,-0.000008,0.000000
48,16,25,0.000111,0.000112,-0.000008,0.000000
48,17,25,0.000118,0.000119,-0.000007,0.000000
48,18,25,0.000126,0.000127,-0.000007,0.000000
48,19,25,0.000132,0.000133,-0.000006,0.000000
48,20,25,0.000138,0.000139,-0.000005,0.000000
48,21,25,0.000143,0.000145,-0.000005,0.000000
48,22,25,0.000147,0.000149,-0.000004,0.000000
48,23,25,0.000150,0.000152,-0.000002,0.000000
48,24,25,0.000152,0.000153,-0.000001,0.000000
48,25,25,0.000152,0.000154,0.000000,0.000000
48,26,25,0.000152,0.000153,0.000001,0.000000
48,27,25,0.000150,0.000152,0.000002,0.000000
48,28,25,0.000147,0.000148,0.000004,0.000000
48,29,25,0.000143,0.000144,0.000005,0.000000
48,30,25,0.000138,0.000139,0.000006,0.000000
48,31,25,0.000132,0.000133,0.000006,0.000000
48,32,25,0.000125,0.000126,0.000007,0.000000
48,33,25,0.000118,0.000119,0.000007,0.000000
48,34,25,0.000110,0.000111,0.000008,0.000000
48,35,25,0.000102,0.000103,0.000008,0.000000
48,36,25,0.000094,0.000095,0.000008,0.000000
48,37,25,0.000086,0.000086,0.000008,0.000000
48,38,25,0.000078,0.000078,0.000008,0.000000
48,39,25,0.000070,0.000070,0.000008,0.000000
48,40,25,0.000062,0.000062,0.000008,0.000000
48,41,25,0.000054,0.000055,0.000008,0.000000
48,42,25,0.000047,0.000047,0.000007,0.000000
48,43,25,0.000040,0.000040,0.000007,0.000000
48,44,25,0.000033,0.000033,0.000007,0.000000
48,45,25,0.000026,0.000026,0.000007,0.000000
48,46,25,0.000019,0.000019,0.000007,0.000000
48,47,25,0.000013,0.000013,0.000006,0.000000
48,48,25,0.000006,0.000006,0.000006,0.000000
48,49,25,0.000000,-0.000000,0.000000,-0.000000
49,0,25,0.000000,0.000000,0.000000,-0.000000
49,1,25,0.000000,0.000000,-0.000000,-0.000000
49,2,25,0.000000,0.000000,-0.000000,-0.000000
49,3,25,0.000000,0.000000,-0.000000,-0.000000
49,4,25,0.000000,0.000000,-0.000000,-0.000000
49,5,25,0.000000,0.000000,-0.000000,-0.000000
49,6,25,0.000000,0.000000,-0.000000,-0.000000
49,7,25,0.000000,0.000000,-0.000000,-0.000000
49,8,25,0.000000,0.000000,-0.000000,-0.000000
49,9,25,0.000000,0.000000,-0.000000,-0.000000
49,10,25,0.000000,0.000000,-0.000000,-0.000000
49,11,25,0.000000,0.000000,-0.000000,-0.000000
49,12,25,0.000000,0.000000,-0.000000,-0.000000
49,13,25,0.000000,0.000000,-0.000000,-0.000000
49,14,25,0.000000,0.000000,-0.000000,-0.000000
49,15,25,0.000000,0.000000,-0.000000,-0.000000
49,16,25,0.000000,0.000000,-0.000000,-0.000000
49,17,25,0.000000,0.000000,-0.000000,-0.000000
49,18,25,0.000000,0.000000,-0.000000,-0.000000
49,19,25,0.000000,0.000000,-0.000000,-0.000000
49,20,25,0.000000,0.000000,-0.000000,-0.000000
49,21,25,0.000000,0.000000,-0.000000,-0.000000
49,22,25,0.000000,0.000000,-0.000000,-0.000000
49,23,25,0.000000,0.000000,-0.000000,-0.000000
49,24,25,0.000000,0.000000,-0.000000,-0.000000
49,25,25,0.000000,0.000000,-0.000000,-0.000000
49,26,25,0.000000,0.000000,-0.000000,-0.000000
49,27,25,0.000000,0.000000,-0.000000,-0.000000
49,28,25,0.000000,0.000000,-0.000000,-0.000000
49,29,25,0.000000,0.000000,-0.000000,-0.000000
49,30,25,0.000000,0.000000,-0.000000,-0.000000
49,31,25,0.000000,0.000000,-0.000000,-0.000000
49,32,25,0.000000,0.000000,-0.000000,-0.000000
49,33,25,0.000000,0.000000,-0.000000,-0.000000
49,34,25,0.000000,0.000000,-0.000000,-0.000000
49,35,25,0.000000,0.000000,-0.000000,-0.000000
49,36,25,0.000000,0.000000,-0.000000,-0.000000
49,37,25,0.000000,0.000000,-0.000000,-0.000000
49,38,25,0.000000,0.000000,-0.000000,-0.000000
49,39,25,0.000000,0.000000,-0.000000,-0.000000
49,40,25,0.000000,0.000000,-0.000000,-0.000000
49,41,25,0.000000,0.000000,-0.000000,-0.000000
49,42,25,0.000000,0.000000,-0.000000,-0.000000
49,43,25,0.000000,0.000000,-0.000000,-0.000000
49,44,25,0.000000,0.000000,-0.000000,-0.000000
49,45,25,0.000000,0.000000,-0.000000,-0.000000
49,46,25,0.000000,0.000000,-0.000000,-0.000000
49,47,25,0.000000,0.000000,-0.000000,-0.000000
49,48,25,0.000000,0.000000,-0.000000,-0.000000
49,49,25,0.000000,0.000000,0.000000,-0.000000
